멤버 id,id,사용 금액,사용 시간,결제 내역,결제 장소 (가맹점 여부),할부 여부,할부 개월,할부 무/유이자 여부,거래 상태 (승인 / 취소),해외 결제,업종 카테고리,결제 방식 (온/오프라인)
1,20001,9009,2024-01-01 08:57,스타벅스,Y,N,0,-,승인,N,식비,오프라인 - 실물카드
1,20002,13952,2024-01-02 12:25,일반식당,Y,N,0,-,승인,N,식비,오프라인 - 삼성페이
1,20003,14986,2024-01-03 13:10,일반식당,Y,N,0,-,승인,N,식비,오프라인 - 실물카드
1,20004,11861,2024-01-04 12:23,일반식당,Y,N,0,-,승인,N,식비,오프라인 - 삼성페이
1,20005,40115,2024-01-04 18:56,배달의민족,Y,N,0,-,승인,N,식비,온라인 - 카카오페이
1,20006,13414,2024-01-06 11:22,일반식당,Y,N,0,-,승인,N,식비,오프라인 - 실물카드
1,20007,10828,2024-01-07 14:51,일반식당,Y,N,0,-,승인,N,식비,오프라인 - 실물카드
1,20008,28751,2024-01-08 15:57,쿠팡이츠,Y,N,0,-,승인,N,식비,온라인 - 카카오페이
1,20009,9520,2024-01-09 14:21,투썸플레이스,Y,N,0,-,승인,N,식비,오프라인 - 삼성페이
1,20010,10858,2024-01-10 09:54,스타벅스,Y,N,0,-,승인,N,식비,오프라인 - 실물카드
1,20011,32463,2024-01-10 15:51,쿠팡이츠,Y,N,0,-,승인,N,식비,온라인 - 카카오페이
1,20012,12915,2024-01-13 13:26,일반식당,Y,N,0,-,승인,N,식비,오프라인 - 삼성페이
1,20013,48339,2024-01-13 16:31,쿠팡이츠,Y,N,0,-,승인,N,식비,온라인 - 카카오페이
1,20014,11438,2024-01-15 10:22,스타벅스,Y,N,0,-,승인,N,식비,오프라인 - 실물카드
1,20015,23156,2024-01-15 15:16,배달의민족,Y,N,0,-,승인,N,식비,온라인 - 카카오페이
1,20016,10796,2024-01-16 12:20,사내식당,Y,N,0,-,승인,N,식비,오프라인 - 실물카드
1,20017,13885,2024-01-17 12:55,투썸플레이스,Y,N,0,-,승인,N,식비,오프라인 - 실물카드
1,20018,37163,2024-01-19 21:11,쿠팡이츠,Y,N,0,-,승인,N,식비,온라인 - 카카오페이
1,20019,12624,2024-01-21 08:52,투썸플레이스,Y,N,0,-,승인,N,식비,오프라인 - 실물카드
1,20020,41865,2024-01-22 22:00,배달의민족,Y,N,0,-,승인,N,식비,온라인 - 카카오페이
1,20021,12081,2024-01-23 11:35,스타벅스,Y,N,0,-,승인,N,식비,오프라인 - 실물카드
1,20022,12429,2024-01-25 13:22,사내식당,Y,N,0,-,승인,N,식비,오프라인 - 실물카드
1,20023,38719,2024-01-25 21:05,쿠팡이츠,Y,N,0,-,승인,N,식비,온라인 - 카카오페이
1,20024,34528,2024-01-26 23:14,배달의민족,Y,N,0,-,승인,N,식비,온라인 - 카카오페이
1,20025,9973,2024-01-29 14:14,스타벅스,Y,N,0,-,승인,N,식비,오프라인 - 삼성페이
1,20026,14066,2024-01-30 13:51,사내식당,Y,N,0,-,승인,N,식비,오프라인 - 실물카드
1,20027,25974,2024-01-31 16:30,쿠팡이츠,Y,N,0,-,승인,N,식비,온라인 - 카카오페이
1,20028,35045,2024-02-01 23:43,배달의민족,Y,N,0,-,승인,N,식비,온라인 - 카카오페이
1,20029,14969,2024-02-02 09:15,투썸플레이스,Y,N,0,-,승인,N,식비,오프라인 - 실물카드
1,20030,13174,2024-02-03 12:48,일반식당,Y,N,0,-,승인,N,식비,오프라인 - 실물카드
1,20031,24839,2024-02-03 16:16,배달의민족,Y,N,0,-,승인,N,식비,온라인 - 카카오페이
1,20032,10100,2024-02-04 09:23,투썸플레이스,Y,N,0,-,승인,N,식비,오프라인 - 삼성페이
1,20033,21395,2024-02-04 15:24,배달의민족,Y,N,0,-,승인,N,식비,온라인 - 카카오페이
1,20034,10905,2024-02-05 13:15,투썸플레이스,Y,N,0,-,승인,N,식비,오프라인 - 삼성페이
1,20035,19475,2024-02-05 19:22,배달의민족,Y,N,0,-,승인,N,식비,온라인 - 카카오페이
1,20036,14495,2024-02-06 11:54,투썸플레이스,Y,N,0,-,승인,N,식비,오프라인 - 삼성페이
1,20037,18796,2024-02-06 20:09,배달의민족,Y,N,0,-,승인,N,식비,온라인 - 카카오페이
1,20038,12078,2024-02-07 14:45,투썸플레이스,Y,N,0,-,승인,N,식비,오프라인 - 삼성페이
1,20039,12728,2024-02-08 13:03,스타벅스,Y,N,0,-,승인,N,식비,오프라인 - 삼성페이
1,20040,18253,2024-02-08 15:11,쿠팡이츠,Y,N,0,-,승인,N,식비,온라인 - 카카오페이
1,20041,11008,2024-02-09 11:32,일반식당,Y,N,0,-,승인,N,식비,오프라인 - 실물카드
1,20042,36942,2024-02-09 19:57,쿠팡이츠,Y,N,0,-,승인,N,식비,온라인 - 카카오페이
1,20043,14018,2024-02-10 11:09,스타벅스,Y,N,0,-,승인,N,식비,오프라인 - 실물카드
1,20044,13147,2024-02-11 14:26,투썸플레이스,Y,N,0,-,승인,N,식비,오프라인 - 실물카드
1,20045,11066,2024-02-12 11:01,사내식당,Y,N,0,-,승인,N,식비,오프라인 - 삼성페이
1,20046,46006,2024-02-12 23:09,쿠팡이츠,Y,N,0,-,승인,N,식비,온라인 - 카카오페이
1,20047,13355,2024-02-13 14:23,일반식당,Y,N,0,-,승인,N,식비,오프라인 - 삼성페이
1,20048,10995,2024-02-14 12:29,스타벅스,Y,N,0,-,승인,N,식비,오프라인 - 삼성페이
1,20049,24110,2024-02-14 15:13,쿠팡이츠,Y,N,0,-,승인,N,식비,온라인 - 카카오페이
1,20050,11397,2024-02-16 12:33,사내식당,Y,N,0,-,승인,N,식비,오프라인 - 실물카드
1,20051,10384,2024-02-17 11:11,스타벅스,Y,N,0,-,승인,N,식비,오프라인 - 삼성페이
1,20052,10911,2024-02-18 09:09,사내식당,Y,N,0,-,승인,N,식비,오프라인 - 삼성페이
1,20053,12913,2024-02-20 13:04,일반식당,Y,N,0,-,승인,N,식비,오프라인 - 삼성페이
1,20054,14643,2024-02-21 11:01,스타벅스,Y,N,0,-,승인,N,식비,오프라인 - 삼성페이
1,20055,10201,2024-02-22 13:00,스타벅스,Y,N,0,-,승인,N,식비,오프라인 - 실물카드
1,20056,28063,2024-02-22 20:45,배달의민족,Y,N,0,-,승인,N,식비,온라인 - 카카오페이
1,20057,44947,2024-02-23 15:39,배달의민족,Y,N,0,-,승인,N,식비,온라인 - 카카오페이
1,20058,10578,2024-02-24 12:17,사내식당,Y,N,0,-,승인,N,식비,오프라인 - 실물카드
1,20059,11125,2024-02-25 08:41,일반식당,Y,N,0,-,승인,N,식비,오프라인 - 실물카드
1,20060,11210,2024-02-26 09:58,투썸플레이스,Y,N,0,-,승인,N,식비,오프라인 - 실물카드
1,20061,9366,2024-02-27 14:03,사내식당,Y,N,0,-,승인,N,식비,오프라인 - 실물카드
1,20062,10020,2024-02-28 11:50,투썸플레이스,Y,N,0,-,승인,N,식비,오프라인 - 삼성페이
1,20063,36755,2024-02-28 23:02,배달의민족,Y,N,0,-,승인,N,식비,온라인 - 카카오페이
1,20064,9295,2024-02-29 08:29,스타벅스,Y,N,0,-,승인,N,식비,오프라인 - 삼성페이
1,20065,14912,2024-03-01 14:14,사내식당,Y,N,0,-,승인,N,식비,오프라인 - 삼성페이
1,20066,14133,2024-03-03 13:15,사내식당,Y,N,0,-,승인,N,식비,오프라인 - 삼성페이
1,20067,10412,2024-03-04 08:51,스타벅스,Y,N,0,-,승인,N,식비,오프라인 - 삼성페이
1,20068,38942,2024-03-04 23:17,배달의민족,Y,N,0,-,승인,N,식비,온라인 - 카카오페이
1,20069,10825,2024-03-05 13:42,투썸플레이스,Y,N,0,-,승인,N,식비,오프라인 - 실물카드
1,20070,14391,2024-03-07 11:54,투썸플레이스,Y,N,0,-,승인,N,식비,오프라인 - 삼성페이
1,20071,13645,2024-03-08 11:33,투썸플레이스,Y,N,0,-,승인,N,식비,오프라인 - 삼성페이
1,20072,14439,2024-03-09 11:42,사내식당,Y,N,0,-,승인,N,식비,오프라인 - 삼성페이
1,20073,13207,2024-03-10 09:04,일반식당,Y,N,0,-,승인,N,식비,오프라인 - 삼성페이
1,20074,26367,2024-03-10 23:41,배달의민족,Y,N,0,-,승인,N,식비,온라인 - 카카오페이
1,20075,12209,2024-03-11 14:34,스타벅스,Y,N,0,-,승인,N,식비,오프라인 - 실물카드
1,20076,36115,2024-03-11 21:58,배달의민족,Y,N,0,-,승인,N,식비,온라인 - 카카오페이
1,20077,12980,2024-03-13 10:17,일반식당,Y,N,0,-,승인,N,식비,오프라인 - 삼성페이
1,20078,10185,2024-03-14 12:21,일반식당,Y,N,0,-,승인,N,식비,오프라인 - 삼성페이
1,20079,11895,2024-03-15 11:32,일반식당,Y,N,0,-,승인,N,식비,오프라인 - 실물카드
1,20080,11980,2024-03-16 08:31,투썸플레이스,Y,N,0,-,승인,N,식비,오프라인 - 삼성페이
1,20081,11005,2024-03-17 09:21,스타벅스,Y,N,0,-,승인,N,식비,오프라인 - 실물카드
1,20082,19839,2024-03-17 22:45,쿠팡이츠,Y,N,0,-,승인,N,식비,온라인 - 카카오페이
1,20083,14088,2024-03-18 11:17,스타벅스,Y,N,0,-,승인,N,식비,오프라인 - 실물카드
1,20084,38876,2024-03-18 22:18,쿠팡이츠,Y,N,0,-,승인,N,식비,온라인 - 카카오페이
1,20085,12323,2024-03-20 13:46,사내식당,Y,N,0,-,승인,N,식비,오프라인 - 삼성페이
1,20086,12564,2024-03-21 10:45,스타벅스,Y,N,0,-,승인,N,식비,오프라인 - 삼성페이
1,20087,10061,2024-03-22 09:46,사내식당,Y,N,0,-,승인,N,식비,오프라인 - 삼성페이
1,20088,12045,2024-03-23 12:11,일반식당,Y,N,0,-,승인,N,식비,오프라인 - 삼성페이
1,20089,13038,2024-03-24 09:58,투썸플레이스,Y,N,0,-,승인,N,식비,오프라인 - 실물카드
1,20090,10961,2024-03-25 11:09,사내식당,Y,N,0,-,승인,N,식비,오프라인 - 삼성페이
1,20091,11254,2024-03-27 12:24,사내식당,Y,N,0,-,승인,N,식비,오프라인 - 삼성페이
1,20092,32679,2024-03-27 22:57,쿠팡이츠,Y,N,0,-,승인,N,식비,온라인 - 카카오페이
1,20093,26677,2024-03-28 18:39,배달의민족,Y,N,0,-,승인,N,식비,온라인 - 카카오페이
1,20094,37559,2024-03-29 20:15,쿠팡이츠,Y,N,0,-,승인,N,식비,온라인 - 카카오페이
1,20095,12518,2024-03-31 13:58,일반식당,Y,N,0,-,승인,N,식비,오프라인 - 실물카드
2,20096,14287,2024-01-02 10:44,일반식당,Y,N,0,-,승인,N,식비,오프라인 - 실물카드
2,20097,5115,2024-01-02 19:48,마트/편의점,Y,N,0,-,승인,N,생활,오프라인 - 삼성페이
2,20098,11120,2024-01-03 08:56,스타벅스,Y,N,0,-,승인,N,식비,오프라인 - 삼성페이
2,20099,10684,2024-01-04 12:53,투썸플레이스,Y,N,0,-,승인,N,식비,오프라인 - 삼성페이
2,20100,29151,2024-01-04 19:51,마트/편의점,Y,N,0,-,승인,N,생활,오프라인 - 삼성페이
2,20101,11038,2024-01-05 13:30,투썸플레이스,Y,N,0,-,승인,N,식비,오프라인 - 삼성페이
2,20102,11678,2024-01-06 09:47,스타벅스,Y,N,0,-,승인,N,식비,오프라인 - 실물카드
2,20103,11709,2024-01-07 08:51,일반식당,Y,N,0,-,승인,N,식비,오프라인 - 실물카드
2,20104,13349,2024-01-08 11:27,일반식당,Y,N,0,-,승인,N,식비,오프라인 - 실물카드
2,20105,13807,2024-01-10 14:33,일반식당,Y,N,0,-,승인,N,식비,오프라인 - 삼성페이
2,20106,11904,2024-01-11 14:26,스타벅스,Y,N,0,-,승인,N,식비,오프라인 - 삼성페이
2,20107,13407,2024-01-13 10:37,사내식당,Y,N,0,-,승인,N,식비,오프라인 - 삼성페이
2,20108,27984,2024-01-13 17:49,마트/편의점,Y,N,0,-,승인,N,생활,오프라인 - 카카오페이
2,20109,13855,2024-01-14 14:32,스타벅스,Y,N,0,-,승인,N,식비,오프라인 - 삼성페이
2,20110,12590,2024-01-15 14:43,일반식당,Y,N,0,-,승인,N,식비,오프라인 - 실물카드
2,20111,12034,2024-01-16 13:25,스타벅스,Y,N,0,-,승인,N,식비,오프라인 - 삼성페이
2,20112,14659,2024-01-16 21:41,마트/편의점,Y,N,0,-,승인,N,생활,오프라인 - 카카오페이
2,20113,13224,2024-01-18 08:13,스타벅스,Y,N,0,-,승인,N,식비,오프라인 - 실물카드
2,20114,16878,2024-01-18 16:19,마트/편의점,Y,N,0,-,승인,N,생활,오프라인 - 삼성페이
2,20115,12441,2024-01-19 13:06,투썸플레이스,Y,N,0,-,승인,N,식비,오프라인 - 실물카드
2,20116,11511,2024-01-20 15:13,마트/편의점,Y,N,0,-,승인,N,생활,오프라인 - 카카오페이
2,20117,12732,2024-01-21 12:16,스타벅스,Y,N,0,-,승인,N,식비,오프라인 - 실물카드
2,20118,14960,2024-01-22 09:41,스타벅스,Y,N,0,-,승인,N,식비,오프라인 - 삼성페이
2,20119,6820,2024-01-22 18:44,마트/편의점,Y,N,0,-,승인,N,생활,오프라인 - 카카오페이
2,20120,21774,2024-01-23 17:15,마트/편의점,Y,N,0,-,승인,N,생활,오프라인 - 카카오페이
2,20121,11443,2024-01-25 09:00,투썸플레이스,Y,N,0,-,승인,N,식비,오프라인 - 삼성페이
2,20122,14531,2024-01-27 13:17,사내식당,Y,N,0,-,승인,N,식비,오프라인 - 삼성페이
2,20123,16297,2024-01-27 18:08,마트/편의점,Y,N,0,-,승인,N,생활,오프라인 - 카카오페이
2,20124,11122,2024-01-28 10:50,일반식당,Y,N,0,-,승인,N,식비,오프라인 - 삼성페이
2,20125,15562,2024-01-28 15:04,마트/편의점,Y,N,0,-,승인,N,생활,오프라인 - 카카오페이
2,20126,12503,2024-01-29 09:52,사내식당,Y,N,0,-,승인,N,식비,오프라인 - 실물카드
2,20127,11966,2024-01-31 08:56,일반식당,Y,N,0,-,승인,N,식비,오프라인 - 삼성페이
2,20128,13906,2024-02-01 14:02,일반식당,Y,N,0,-,승인,N,식비,오프라인 - 삼성페이
2,20129,9807,2024-02-02 14:32,투썸플레이스,Y,N,0,-,승인,N,식비,오프라인 - 실물카드
2,20130,9769,2024-02-03 10:22,투썸플레이스,Y,N,0,-,승인,N,식비,오프라인 - 실물카드
2,20131,10649,2024-02-04 10:21,사내식당,Y,N,0,-,승인,N,식비,오프라인 - 실물카드
2,20132,6786,2024-02-04 17:09,마트/편의점,Y,N,0,-,승인,N,생활,오프라인 - 삼성페이
2,20133,13329,2024-02-05 14:13,투썸플레이스,Y,N,0,-,승인,N,식비,오프라인 - 삼성페이
2,20134,17189,2024-02-05 20:36,마트/편의점,Y,N,0,-,승인,N,생활,오프라인 - 카카오페이
2,20135,13043,2024-02-06 10:11,스타벅스,Y,N,0,-,승인,N,식비,오프라인 - 실물카드
2,20136,12470,2024-02-07 09:14,일반식당,Y,N,0,-,승인,N,식비,오프라인 - 삼성페이
2,20137,14038,2024-02-08 10:13,일반식당,Y,N,0,-,승인,N,식비,오프라인 - 삼성페이
2,20138,13257,2024-02-09 12:59,투썸플레이스,Y,N,0,-,승인,N,식비,오프라인 - 삼성페이
2,20139,14722,2024-02-09 16:17,마트/편의점,Y,N,0,-,승인,N,생활,오프라인 - 삼성페이
2,20140,11833,2024-02-10 13:57,사내식당,Y,N,0,-,승인,N,식비,오프라인 - 실물카드
2,20141,10574,2024-02-10 22:50,마트/편의점,Y,N,0,-,승인,N,생활,오프라인 - 카카오페이
2,20142,12199,2024-02-12 10:37,사내식당,Y,N,0,-,승인,N,식비,오프라인 - 실물카드
2,20143,9597,2024-02-12 20:38,마트/편의점,Y,N,0,-,승인,N,생활,오프라인 - 삼성페이
2,20144,11775,2024-02-14 10:31,투썸플레이스,Y,N,0,-,승인,N,식비,오프라인 - 삼성페이
2,20145,15225,2024-02-14 16:49,마트/편의점,Y,N,0,-,승인,N,생활,오프라인 - 카카오페이
2,20146,10528,2024-02-17 10:52,스타벅스,Y,N,0,-,승인,N,식비,오프라인 - 삼성페이
2,20147,29597,2024-02-17 17:52,마트/편의점,Y,N,0,-,승인,N,생활,오프라인 - 삼성페이
2,20148,14448,2024-02-19 09:32,일반식당,Y,N,0,-,승인,N,식비,오프라인 - 삼성페이
2,20149,12713,2024-02-20 08:44,일반식당,Y,N,0,-,승인,N,식비,오프라인 - 삼성페이
2,20150,19589,2024-02-20 23:36,마트/편의점,Y,N,0,-,승인,N,생활,오프라인 - 카카오페이
2,20151,13402,2024-02-21 08:01,투썸플레이스,Y,N,0,-,승인,N,식비,오프라인 - 실물카드
2,20152,22741,2024-02-21 18:39,마트/편의점,Y,N,0,-,승인,N,생활,오프라인 - 카카오페이
2,20153,14016,2024-02-22 09:56,일반식당,Y,N,0,-,승인,N,식비,오프라인 - 삼성페이
2,20154,13369,2024-02-23 14:13,일반식당,Y,N,0,-,승인,N,식비,오프라인 - 삼성페이
2,20155,10543,2024-02-24 12:47,투썸플레이스,Y,N,0,-,승인,N,식비,오프라인 - 삼성페이
2,20156,8043,2024-02-24 16:32,마트/편의점,Y,N,0,-,승인,N,생활,오프라인 - 카카오페이
2,20157,11606,2024-02-25 18:09,마트/편의점,Y,N,0,-,승인,N,생활,오프라인 - 삼성페이
2,20158,11322,2024-02-26 08:13,투썸플레이스,Y,N,0,-,승인,N,식비,오프라인 - 삼성페이
2,20159,20726,2024-02-26 23:09,마트/편의점,Y,N,0,-,승인,N,생활,오프라인 - 삼성페이
2,20160,13143,2024-02-27 14:26,사내식당,Y,N,0,-,승인,N,식비,오프라인 - 삼성페이
2,20161,12155,2024-02-28 13:15,투썸플레이스,Y,N,0,-,승인,N,식비,오프라인 - 삼성페이
2,20162,6708,2024-02-28 15:47,마트/편의점,Y,N,0,-,승인,N,생활,오프라인 - 삼성페이
2,20163,13547,2024-02-29 11:31,스타벅스,Y,N,0,-,승인,N,식비,오프라인 - 실물카드
2,20164,16819,2024-02-29 22:11,마트/편의점,Y,N,0,-,승인,N,생활,오프라인 - 삼성페이
2,20165,11202,2024-03-01 11:32,사내식당,Y,N,0,-,승인,N,식비,오프라인 - 실물카드
2,20166,10803,2024-03-01 22:41,마트/편의점,Y,N,0,-,승인,N,생활,오프라인 - 삼성페이
2,20167,13343,2024-03-02 12:23,일반식당,Y,N,0,-,승인,N,식비,오프라인 - 삼성페이
2,20168,10016,2024-03-02 20:01,마트/편의점,Y,N,0,-,승인,N,생활,오프라인 - 카카오페이
2,20169,12527,2024-03-03 12:05,일반식당,Y,N,0,-,승인,N,식비,오프라인 - 실물카드
2,20170,13471,2024-03-04 14:24,투썸플레이스,Y,N,0,-,승인,N,식비,오프라인 - 삼성페이
2,20171,21518,2024-03-04 19:20,마트/편의점,Y,N,0,-,승인,N,생활,오프라인 - 카카오페이
2,20172,13391,2024-03-05 12:02,투썸플레이스,Y,N,0,-,승인,N,식비,오프라인 - 삼성페이
2,20173,17004,2024-03-05 23:49,마트/편의점,Y,N,0,-,승인,N,생활,오프라인 - 삼성페이
2,20174,11203,2024-03-06 11:03,사내식당,Y,N,0,-,승인,N,식비,오프라인 - 실물카드
2,20175,12968,2024-03-06 19:34,마트/편의점,Y,N,0,-,승인,N,생활,오프라인 - 카카오페이
2,20176,10316,2024-03-07 08:40,스타벅스,Y,N,0,-,승인,N,식비,오프라인 - 삼성페이
2,20177,28545,2024-03-07 17:05,마트/편의점,Y,N,0,-,승인,N,생활,오프라인 - 카카오페이
2,20178,14559,2024-03-08 13:20,사내식당,Y,N,0,-,승인,N,식비,오프라인 - 실물카드
2,20179,12310,2024-03-09 12:04,사내식당,Y,N,0,-,승인,N,식비,오프라인 - 삼성페이
2,20180,18216,2024-03-10 15:15,마트/편의점,Y,N,0,-,승인,N,생활,오프라인 - 삼성페이
2,20181,21532,2024-03-11 18:23,마트/편의점,Y,N,0,-,승인,N,생활,오프라인 - 카카오페이
2,20182,13175,2024-03-12 14:34,투썸플레이스,Y,N,0,-,승인,N,식비,오프라인 - 삼성페이
2,20183,24608,2024-03-12 20:07,마트/편의점,Y,N,0,-,승인,N,생활,오프라인 - 카카오페이
2,20184,11614,2024-03-13 11:27,사내식당,Y,N,0,-,승인,N,식비,오프라인 - 실물카드
2,20185,11846,2024-03-14 14:29,스타벅스,Y,N,0,-,승인,N,식비,오프라인 - 실물카드
2,20186,23400,2024-03-14 21:27,마트/편의점,Y,N,0,-,승인,N,생활,오프라인 - 삼성페이
2,20187,22041,2024-03-16 18:45,마트/편의점,Y,N,0,-,승인,N,생활,오프라인 - 카카오페이
2,20188,11679,2024-03-17 14:52,일반식당,Y,N,0,-,승인,N,식비,오프라인 - 삼성페이
2,20189,6438,2024-03-17 22:42,마트/편의점,Y,N,0,-,승인,N,생활,오프라인 - 삼성페이
2,20190,9649,2024-03-18 09:46,사내식당,Y,N,0,-,승인,N,식비,오프라인 - 실물카드
2,20191,9186,2024-03-20 14:20,투썸플레이스,Y,N,0,-,승인,N,식비,오프라인 - 실물카드
2,20192,11283,2024-03-20 17:01,마트/편의점,Y,N,0,-,승인,N,생활,오프라인 - 카카오페이
2,20193,17595,2024-03-21 19:35,마트/편의점,Y,N,0,-,승인,N,생활,오프라인 - 카카오페이
2,20194,13456,2024-03-22 10:19,사내식당,Y,N,0,-,승인,N,식비,오프라인 - 삼성페이
2,20195,14548,2024-03-23 10:44,일반식당,Y,N,0,-,승인,N,식비,오프라인 - 삼성페이
2,20196,10885,2024-03-23 15:48,마트/편의점,Y,N,0,-,승인,N,생활,오프라인 - 삼성페이
2,20197,20697,2024-03-24 19:35,마트/편의점,Y,N,0,-,승인,N,생활,오프라인 - 삼성페이
2,20198,12760,2024-03-25 08:17,일반식당,Y,N,0,-,승인,N,식비,오프라인 - 삼성페이
2,20199,12192,2024-03-26 10:39,투썸플레이스,Y,N,0,-,승인,N,식비,오프라인 - 실물카드
2,20200,11043,2024-03-27 11:35,스타벅스,Y,N,0,-,승인,N,식비,오프라인 - 삼성페이
2,20201,28765,2024-03-28 23:27,마트/편의점,Y,N,0,-,승인,N,생활,오프라인 - 삼성페이
2,20202,10786,2024-03-29 09:55,사내식당,Y,N,0,-,승인,N,식비,오프라인 - 실물카드
2,20203,11662,2024-03-29 17:10,마트/편의점,Y,N,0,-,승인,N,생활,오프라인 - 카카오페이
2,20204,13352,2024-03-30 08:29,사내식당,Y,N,0,-,승인,N,식비,오프라인 - 실물카드
2,20205,10252,2024-03-31 10:47,스타벅스,Y,N,0,-,승인,N,식비,오프라인 - 삼성페이
3,20206,5733,2024-01-01 08:27,편의점,Y,N,0,-,승인,N,식비,오프라인 - 실물카드
3,20207,7483,2024-01-02 11:52,학식,Y,N,0,-,승인,N,식비,오프라인 - 삼성페이
3,20208,8336,2024-01-03 10:09,김밥천국,Y,N,0,-,승인,N,식비,오프라인 - 실물카드
3,20209,8416,2024-01-04 08:04,학식,Y,N,0,-,승인,N,식비,오프라인 - 삼성페이
3,20210,12068,2024-01-04 22:20,마트/편의점,Y,N,0,-,승인,N,생활,오프라인 - 삼성페이
3,20211,8982,2024-01-05 12:21,편의점,Y,N,0,-,승인,N,식비,오프라인 - 삼성페이
3,20212,5128,2024-01-06 16:44,마트/편의점,Y,N,0,-,승인,N,생활,오프라인 - 삼성페이
3,20213,8654,2024-01-07 13:25,메가커피,Y,N,0,-,승인,N,식비,오프라인 - 실물카드
3,20214,10385,2024-01-07 22:53,마트/편의점,Y,N,0,-,승인,N,생활,오프라인 - 카카오페이
3,20215,5064,2024-01-08 10:04,김밥천국,Y,N,0,-,승인,N,식비,오프라인 - 실물카드
3,20216,4684,2024-01-09 08:50,편의점,Y,N,0,-,승인,N,식비,오프라인 - 삼성페이
3,20217,20729,2024-01-09 20:27,마트/편의점,Y,N,0,-,승인,N,생활,오프라인 - 삼성페이
3,20218,7185,2024-01-10 08:51,김밥천국,Y,N,0,-,승인,N,식비,오프라인 - 실물카드
3,20219,29869,2024-01-10 18:32,마트/편의점,Y,N,0,-,승인,N,생활,오프라인 - 카카오페이
3,20220,7752,2024-01-13 11:39,메가커피,Y,N,0,-,승인,N,식비,오프라인 - 삼성페이
3,20221,5861,2024-01-15 23:24,마트/편의점,Y,N,0,-,승인,N,생활,오프라인 - 카카오페이
3,20222,5361,2024-01-18 11:12,김밥천국,Y,N,0,-,승인,N,식비,오프라인 - 실물카드
3,20223,6005,2024-01-19 09:44,학식,Y,N,0,-,승인,N,식비,오프라인 - 삼성페이
3,20224,6782,2024-01-20 11:18,편의점,Y,N,0,-,승인,N,식비,오프라인 - 실물카드
3,20225,8570,2024-01-21 14:38,편의점,Y,N,0,-,승인,N,식비,오프라인 - 삼성페이
3,20226,9105,2024-01-21 16:25,마트/편의점,Y,N,0,-,승인,N,생활,오프라인 - 삼성페이
3,20227,8404,2024-01-22 13:38,메가커피,Y,N,0,-,승인,N,식비,오프라인 - 실물카드
3,20228,4521,2024-01-23 14:12,학식,Y,N,0,-,승인,N,식비,오프라인 - 실물카드
3,20229,4812,2024-01-25 09:27,메가커피,Y,N,0,-,승인,N,식비,오프라인 - 실물카드
3,20230,22678,2024-01-25 19:42,마트/편의점,Y,N,0,-,승인,N,생활,오프라인 - 카카오페이
3,20231,6648,2024-01-26 22:59,마트/편의점,Y,N,0,-,승인,N,생활,오프라인 - 삼성페이
3,20232,4999,2024-01-27 09:07,편의점,Y,N,0,-,승인,N,식비,오프라인 - 실물카드
3,20233,14366,2024-01-27 18:26,마트/편의점,Y,N,0,-,승인,N,생활,오프라인 - 삼성페이
3,20234,5790,2024-01-28 13:33,메가커피,Y,N,0,-,승인,N,식비,오프라인 - 삼성페이
3,20235,8185,2024-01-29 10:56,편의점,Y,N,0,-,승인,N,식비,오프라인 - 삼성페이
3,20236,10466,2024-01-29 17:56,마트/편의점,Y,N,0,-,승인,N,생활,오프라인 - 카카오페이
3,20237,4530,2024-01-31 08:29,편의점,Y,N,0,-,승인,N,식비,오프라인 - 삼성페이
3,20238,5976,2024-02-01 11:42,김밥천국,Y,N,0,-,승인,N,식비,오프라인 - 실물카드
3,20239,28815,2024-02-01 22:22,마트/편의점,Y,N,0,-,승인,N,생활,오프라인 - 삼성페이
3,20240,5626,2024-02-02 09:25,학식,Y,N,0,-,승인,N,식비,오프라인 - 실물카드
3,20241,5803,2024-02-03 14:20,김밥천국,Y,N,0,-,승인,N,식비,오프라인 - 삼성페이
3,20242,8487,2024-02-04 10:15,김밥천국,Y,N,0,-,승인,N,식비,오프라인 - 삼성페이
3,20243,4732,2024-02-05 13:49,학식,Y,N,0,-,승인,N,식비,오프라인 - 삼성페이
3,20244,6376,2024-02-06 09:19,학식,Y,N,0,-,승인,N,식비,오프라인 - 실물카드
3,20245,8129,2024-02-07 11:16,메가커피,Y,N,0,-,승인,N,식비,오프라인 - 삼성페이
3,20246,8112,2024-02-08 10:15,편의점,Y,N,0,-,승인,N,식비,오프라인 - 실물카드
3,20247,5334,2024-02-09 12:03,편의점,Y,N,0,-,승인,N,식비,오프라인 - 삼성페이
3,20248,28363,2024-02-10 18:24,마트/편의점,Y,N,0,-,승인,N,생활,오프라인 - 삼성페이
3,20249,4517,2024-02-12 10:49,편의점,Y,N,0,-,승인,N,식비,오프라인 - 삼성페이
3,20250,8904,2024-02-13 13:41,학식,Y,N,0,-,승인,N,식비,오프라인 - 삼성페이
3,20251,23396,2024-02-13 23:47,마트/편의점,Y,N,0,-,승인,N,생활,오프라인 - 삼성페이
3,20252,5148,2024-02-14 13:28,학식,Y,N,0,-,승인,N,식비,오프라인 - 실물카드
3,20253,19778,2024-02-14 17:56,마트/편의점,Y,N,0,-,승인,N,생활,오프라인 - 카카오페이
3,20254,8612,2024-02-16 12:32,김밥천국,Y,N,0,-,승인,N,식비,오프라인 - 실물카드
3,20255,29669,2024-02-16 16:50,마트/편의점,Y,N,0,-,승인,N,생활,오프라인 - 삼성페이
3,20256,6977,2024-02-19 09:53,학식,Y,N,0,-,승인,N,식비,오프라인 - 삼성페이
3,20257,26199,2024-02-19 21:55,마트/편의점,Y,N,0,-,승인,N,생활,오프라인 - 삼성페이
3,20258,5022,2024-02-20 13:57,편의점,Y,N,0,-,승인,N,식비,오프라인 - 삼성페이
3,20259,6661,2024-02-21 09:47,메가커피,Y,N,0,-,승인,N,식비,오프라인 - 실물카드
3,20260,17377,2024-02-21 17:15,마트/편의점,Y,N,0,-,승인,N,생활,오프라인 - 카카오페이
3,20261,5989,2024-02-23 12:38,김밥천국,Y,N,0,-,승인,N,식비,오프라인 - 삼성페이
3,20262,16645,2024-02-23 19:43,마트/편의점,Y,N,0,-,승인,N,생활,오프라인 - 삼성페이
3,20263,7993,2024-02-24 11:18,편의점,Y,N,0,-,승인,N,식비,오프라인 - 실물카드
3,20264,6912,2024-02-25 14:22,편의점,Y,N,0,-,승인,N,식비,오프라인 - 실물카드
3,20265,10960,2024-02-25 22:23,마트/편의점,Y,N,0,-,승인,N,생활,오프라인 - 삼성페이
3,20266,5036,2024-02-26 12:03,메가커피,Y,N,0,-,승인,N,식비,오프라인 - 실물카드
3,20267,5431,2024-02-26 22:28,마트/편의점,Y,N,0,-,승인,N,생활,오프라인 - 카카오페이
3,20268,8067,2024-02-27 22:12,마트/편의점,Y,N,0,-,승인,N,생활,오프라인 - 카카오페이
3,20269,21609,2024-02-28 20:50,마트/편의점,Y,N,0,-,승인,N,생활,오프라인 - 삼성페이
3,20270,8790,2024-02-29 11:55,편의점,Y,N,0,-,승인,N,식비,오프라인 - 실물카드
3,20271,8047,2024-03-01 14:48,편의점,Y,N,0,-,승인,N,식비,오프라인 - 삼성페이
3,20272,23423,2024-03-01 18:44,마트/편의점,Y,N,0,-,승인,N,생활,오프라인 - 삼성페이
3,20273,5993,2024-03-02 08:47,편의점,Y,N,0,-,승인,N,식비,오프라인 - 실물카드
3,20274,6784,2024-03-03 14:39,학식,Y,N,0,-,승인,N,식비,오프라인 - 삼성페이
3,20275,15550,2024-03-04 19:02,마트/편의점,Y,N,0,-,승인,N,생활,오프라인 - 삼성페이
3,20276,7963,2024-03-05 11:12,학식,Y,N,0,-,승인,N,식비,오프라인 - 실물카드
3,20277,15088,2024-03-05 23:07,마트/편의점,Y,N,0,-,승인,N,생활,오프라인 - 삼성페이
3,20278,7641,2024-03-06 13:56,김밥천국,Y,N,0,-,승인,N,식비,오프라인 - 실물카드
3,20279,24565,2024-03-06 17:13,마트/편의점,Y,N,0,-,승인,N,생활,오프라인 - 카카오페이
3,20280,7866,2024-03-07 09:16,김밥천국,Y,N,0,-,승인,N,식비,오프라인 - 실물카드
3,20281,4735,2024-03-08 09:17,메가커피,Y,N,0,-,승인,N,식비,오프라인 - 실물카드
3,20282,14860,2024-03-08 16:05,마트/편의점,Y,N,0,-,승인,N,생활,오프라인 - 카카오페이
3,20283,7225,2024-03-09 13:08,편의점,Y,N,0,-,승인,N,식비,오프라인 - 실물카드
3,20284,5003,2024-03-09 17:54,마트/편의점,Y,N,0,-,승인,N,생활,오프라인 - 삼성페이
3,20285,4681,2024-03-10 10:41,편의점,Y,N,0,-,승인,N,식비,오프라인 - 실물카드
3,20286,4935,2024-03-11 08:08,학식,Y,N,0,-,승인,N,식비,오프라인 - 삼성페이
3,20287,29352,2024-03-11 23:08,마트/편의점,Y,N,0,-,승인,N,생활,오프라인 - 카카오페이
3,20288,6584,2024-03-12 12:38,학식,Y,N,0,-,승인,N,식비,오프라인 - 실물카드
3,20289,28329,2024-03-12 18:43,마트/편의점,Y,N,0,-,승인,N,생활,오프라인 - 카카오페이
3,20290,7835,2024-03-13 12:59,김밥천국,Y,N,0,-,승인,N,식비,오프라인 - 실물카드
3,20291,23384,2024-03-13 16:36,마트/편의점,Y,N,0,-,승인,N,생활,오프라인 - 카카오페이
3,20292,8089,2024-03-14 08:53,학식,Y,N,0,-,승인,N,식비,오프라인 - 삼성페이
3,20293,21027,2024-03-14 21:35,마트/편의점,Y,N,0,-,승인,N,생활,오프라인 - 카카오페이
3,20294,4525,2024-03-15 09:05,학식,Y,N,0,-,승인,N,식비,오프라인 - 실물카드
3,20295,15004,2024-03-15 18:21,마트/편의점,Y,N,0,-,승인,N,생활,오프라인 - 카카오페이
3,20296,6774,2024-03-16 10:58,메가커피,Y,N,0,-,승인,N,식비,오프라인 - 삼성페이
3,20297,6841,2024-03-17 14:30,김밥천국,Y,N,0,-,승인,N,식비,오프라인 - 삼성페이
3,20298,6862,2024-03-18 11:01,메가커피,Y,N,0,-,승인,N,식비,오프라인 - 실물카드
3,20299,6877,2024-03-19 11:45,편의점,Y,N,0,-,승인,N,식비,오프라인 - 실물카드
3,20300,26471,2024-03-19 16:56,마트/편의점,Y,N,0,-,승인,N,생활,오프라인 - 카카오페이
3,20301,5397,2024-03-20 14:05,학식,Y,N,0,-,승인,N,식비,오프라인 - 실물카드
3,20302,23470,2024-03-20 22:07,마트/편의점,Y,N,0,-,승인,N,생활,오프라인 - 삼성페이
3,20303,6833,2024-03-21 14:56,김밥천국,Y,N,0,-,승인,N,식비,오프라인 - 삼성페이
3,20304,9338,2024-03-21 21:27,마트/편의점,Y,N,0,-,승인,N,생활,오프라인 - 카카오페이
3,20305,25339,2024-03-22 16:07,마트/편의점,Y,N,0,-,승인,N,생활,오프라인 - 카카오페이
3,20306,5820,2024-03-23 14:30,메가커피,Y,N,0,-,승인,N,식비,오프라인 - 실물카드
3,20307,11714,2024-03-23 17:03,마트/편의점,Y,N,0,-,승인,N,생활,오프라인 - 카카오페이
3,20308,7874,2024-03-24 10:59,메가커피,Y,N,0,-,승인,N,식비,오프라인 - 실물카드
3,20309,7165,2024-03-25 09:27,메가커피,Y,N,0,-,승인,N,식비,오프라인 - 실물카드
3,20310,15841,2024-03-25 19:07,마트/편의점,Y,N,0,-,승인,N,생활,오프라인 - 카카오페이
3,20311,5901,2024-03-26 12:18,메가커피,Y,N,0,-,승인,N,식비,오프라인 - 삼성페이
3,20312,7680,2024-03-28 08:03,학식,Y,N,0,-,승인,N,식비,오프라인 - 실물카드
3,20313,6843,2024-03-30 11:01,편의점,Y,N,0,-,승인,N,식비,오프라인 - 삼성페이
3,20314,4882,2024-03-31 10:11,메가커피,Y,N,0,-,승인,N,식비,오프라인 - 실물카드
4,20315,13349,2024-01-01 14:57,사내식당,Y,N,0,-,승인,N,식비,오프라인 - 실물카드
4,20316,17324,2024-01-01 15:52,넷플릭스,Y,N,0,-,승인,N,문화,온라인 - 네이버페이
4,20317,9555,2024-01-02 09:04,일반식당,Y,N,0,-,승인,N,식비,오프라인 - 삼성페이
4,20318,9105,2024-01-03 09:57,일반식당,Y,N,0,-,승인,N,식비,오프라인 - 삼성페이
4,20319,14079,2024-01-04 09:02,일반식당,Y,N,0,-,승인,N,식비,오프라인 - 실물카드
4,20320,17059,2024-01-04 19:08,유튜브,Y,N,0,-,승인,N,문화,온라인 - 네이버페이
4,20321,14014,2024-01-05 14:10,스타벅스,Y,N,0,-,승인,N,식비,오프라인 - 삼성페이
4,20322,10954,2024-01-07 14:33,일반식당,Y,N,0,-,승인,N,식비,오프라인 - 실물카드
4,20323,9665,2024-01-07 22:23,왓챠,Y,N,0,-,승인,N,문화,온라인 - 네이버페이
4,20324,9517,2024-01-08 11:37,일반식당,Y,N,0,-,승인,N,식비,오프라인 - 삼성페이
4,20325,11072,2024-01-08 22:44,왓챠,Y,N,0,-,승인,N,문화,온라인 - 네이버페이
4,20326,14078,2024-01-09 10:26,투썸플레이스,Y,N,0,-,승인,N,식비,오프라인 - 삼성페이
4,20327,13866,2024-01-10 20:23,왓챠,Y,N,0,-,승인,N,문화,온라인 - 네이버페이
4,20328,13766,2024-01-12 12:52,일반식당,Y,N,0,-,승인,N,식비,오프라인 - 삼성페이
4,20329,17891,2024-01-12 23:46,왓챠,Y,N,0,-,승인,N,문화,온라인 - 네이버페이
4,20330,9020,2024-01-15 13:44,일반식당,Y,N,0,-,승인,N,식비,오프라인 - 삼성페이
4,20331,14526,2024-01-16 12:11,투썸플레이스,Y,N,0,-,승인,N,식비,오프라인 - 실물카드
4,20332,10778,2024-01-17 09:10,스타벅스,Y,N,0,-,승인,N,식비,오프라인 - 실물카드
4,20333,11584,2024-01-17 17:46,왓챠,Y,N,0,-,승인,N,문화,온라인 - 네이버페이
4,20334,13310,2024-01-18 13:05,일반식당,Y,N,0,-,승인,N,식비,오프라인 - 삼성페이
4,20335,9740,2024-01-18 22:45,유튜브,Y,N,0,-,승인,N,문화,온라인 - 네이버페이
4,20336,13330,2024-01-19 14:27,일반식당,Y,N,0,-,승인,N,식비,오프라인 - 실물카드
4,20337,15022,2024-01-19 21:58,유튜브,Y,N,0,-,승인,N,문화,온라인 - 네이버페이
4,20338,14762,2024-01-20 12:54,일반식당,Y,N,0,-,승인,N,식비,오프라인 - 삼성페이
4,20339,9002,2024-01-21 08:49,일반식당,Y,N,0,-,승인,N,식비,오프라인 - 삼성페이
4,20340,9828,2024-01-21 15:01,왓챠,Y,N,0,-,승인,N,문화,온라인 - 네이버페이
4,20341,13357,2024-01-22 10:32,스타벅스,Y,N,0,-,승인,N,식비,오프라인 - 실물카드
4,20342,10976,2024-01-22 17:41,왓챠,Y,N,0,-,승인,N,문화,온라인 - 네이버페이
4,20343,14983,2024-01-23 14:59,스타벅스,Y,N,0,-,승인,N,식비,오프라인 - 삼성페이
4,20344,13575,2024-01-24 11:38,투썸플레이스,Y,N,0,-,승인,N,식비,오프라인 - 실물카드
4,20345,12534,2024-01-24 16:55,왓챠,Y,N,0,-,승인,N,문화,온라인 - 네이버페이
4,20346,10311,2024-01-25 13:57,투썸플레이스,Y,N,0,-,승인,N,식비,오프라인 - 실물카드
4,20347,12702,2024-01-26 12:42,투썸플레이스,Y,N,0,-,승인,N,식비,오프라인 - 삼성페이
4,20348,18973,2024-01-26 15:57,유튜브,Y,N,0,-,승인,N,문화,온라인 - 네이버페이
4,20349,13156,2024-01-27 11:23,사내식당,Y,N,0,-,승인,N,식비,오프라인 - 실물카드
4,20350,9861,2024-01-28 18:03,유튜브,Y,N,0,-,승인,N,문화,온라인 - 네이버페이
4,20351,11371,2024-01-29 12:55,일반식당,Y,N,0,-,승인,N,식비,오프라인 - 실물카드
4,20352,11666,2024-01-30 13:28,사내식당,Y,N,0,-,승인,N,식비,오프라인 - 삼성페이
4,20353,12519,2024-01-31 14:08,사내식당,Y,N,0,-,승인,N,식비,오프라인 - 실물카드
4,20354,13397,2024-02-02 08:55,일반식당,Y,N,0,-,승인,N,식비,오프라인 - 실물카드
4,20355,11927,2024-02-03 14:59,투썸플레이스,Y,N,0,-,승인,N,식비,오프라인 - 삼성페이
4,20356,9853,2024-02-04 08:34,사내식당,Y,N,0,-,승인,N,식비,오프라인 - 삼성페이
4,20357,13314,2024-02-05 10:22,스타벅스,Y,N,0,-,승인,N,식비,오프라인 - 삼성페이
4,20358,18928,2024-02-05 18:24,넷플릭스,Y,N,0,-,승인,N,문화,온라인 - 네이버페이
4,20359,10525,2024-02-06 10:30,사내식당,Y,N,0,-,승인,N,식비,오프라인 - 삼성페이
4,20360,14891,2024-02-07 10:42,투썸플레이스,Y,N,0,-,승인,N,식비,오프라인 - 실물카드
4,20361,10411,2024-02-07 23:16,왓챠,Y,N,0,-,승인,N,문화,온라인 - 네이버페이
4,20362,13836,2024-02-08 14:33,투썸플레이스,Y,N,0,-,승인,N,식비,오프라인 - 실물카드
4,20363,11872,2024-02-09 20:44,왓챠,Y,N,0,-,승인,N,문화,온라인 - 네이버페이
4,20364,14631,2024-02-10 10:31,사내식당,Y,N,0,-,승인,N,식비,오프라인 - 실물카드
4,20365,9115,2024-02-11 10:33,투썸플레이스,Y,N,0,-,승인,N,식비,오프라인 - 삼성페이
4,20366,14579,2024-02-12 10:55,스타벅스,Y,N,0,-,승인,N,식비,오프라인 - 삼성페이
4,20367,11774,2024-02-13 12:40,일반식당,Y,N,0,-,승인,N,식비,오프라인 - 실물카드
4,20368,12051,2024-02-14 12:21,일반식당,Y,N,0,-,승인,N,식비,오프라인 - 실물카드
4,20369,14546,2024-02-15 13:35,투썸플레이스,Y,N,0,-,승인,N,식비,오프라인 - 실물카드
4,20370,17541,2024-02-15 22:15,넷플릭스,Y,N,0,-,승인,N,문화,온라인 - 네이버페이
4,20371,11653,2024-02-16 14:53,일반식당,Y,N,0,-,승인,N,식비,오프라인 - 삼성페이
4,20372,16955,2024-02-16 22:43,넷플릭스,Y,N,0,-,승인,N,문화,온라인 - 네이버페이
4,20373,12875,2024-02-17 09:44,사내식당,Y,N,0,-,승인,N,식비,오프라인 - 실물카드
4,20374,17722,2024-02-17 21:21,왓챠,Y,N,0,-,승인,N,문화,온라인 - 네이버페이
4,20375,9366,2024-02-18 13:19,일반식당,Y,N,0,-,승인,N,식비,오프라인 - 실물카드
4,20376,12212,2024-02-19 11:58,스타벅스,Y,N,0,-,승인,N,식비,오프라인 - 삼성페이
4,20377,14197,2024-02-20 09:26,일반식당,Y,N,0,-,승인,N,식비,오프라인 - 삼성페이
4,20378,11176,2024-02-21 10:33,일반식당,Y,N,0,-,승인,N,식비,오프라인 - 삼성페이
4,20379,10275,2024-02-22 10:59,일반식당,Y,N,0,-,승인,N,식비,오프라인 - 실물카드
4,20380,14959,2024-02-23 08:19,일반식당,Y,N,0,-,승인,N,식비,오프라인 - 실물카드
4,20381,16745,2024-02-23 15:09,유튜브,Y,N,0,-,승인,N,문화,온라인 - 네이버페이
4,20382,14944,2024-02-24 21:23,유튜브,Y,N,0,-,승인,N,문화,온라인 - 네이버페이
4,20383,9010,2024-02-25 08:16,투썸플레이스,Y,N,0,-,승인,N,식비,오프라인 - 삼성페이
4,20384,14849,2024-02-26 08:00,스타벅스,Y,N,0,-,승인,N,식비,오프라인 - 삼성페이
4,20385,10960,2024-02-27 12:52,일반식당,Y,N,0,-,승인,N,식비,오프라인 - 실물카드
4,20386,11972,2024-02-28 11:48,사내식당,Y,N,0,-,승인,N,식비,오프라인 - 실물카드
4,20387,13438,2024-02-28 23:27,유튜브,Y,N,0,-,승인,N,문화,온라인 - 네이버페이
4,20388,14954,2024-02-29 10:33,일반식당,Y,N,0,-,승인,N,식비,오프라인 - 실물카드
4,20389,17164,2024-02-29 22:43,왓챠,Y,N,0,-,승인,N,문화,온라인 - 네이버페이
4,20390,12259,2024-03-02 08:43,투썸플레이스,Y,N,0,-,승인,N,식비,오프라인 - 삼성페이
4,20391,11367,2024-03-03 10:18,일반식당,Y,N,0,-,승인,N,식비,오프라인 - 삼성페이
4,20392,15777,2024-03-03 20:20,유튜브,Y,N,0,-,승인,N,문화,온라인 - 네이버페이
4,20393,12059,2024-03-04 11:43,사내식당,Y,N,0,-,승인,N,식비,오프라인 - 실물카드
4,20394,12064,2024-03-05 08:28,투썸플레이스,Y,N,0,-,승인,N,식비,오프라인 - 삼성페이
4,20395,13780,2024-03-06 10:31,투썸플레이스,Y,N,0,-,승인,N,식비,오프라인 - 실물카드
4,20396,9687,2024-03-06 18:03,왓챠,Y,N,0,-,승인,N,문화,온라인 - 네이버페이
4,20397,14211,2024-03-07 13:52,사내식당,Y,N,0,-,승인,N,식비,오프라인 - 실물카드
4,20398,12808,2024-03-09 08:11,스타벅스,Y,N,0,-,승인,N,식비,오프라인 - 삼성페이
4,20399,17461,2024-03-09 15:59,유튜브,Y,N,0,-,승인,N,문화,온라인 - 네이버페이
4,20400,10455,2024-03-10 09:28,스타벅스,Y,N,0,-,승인,N,식비,오프라인 - 삼성페이
4,20401,14216,2024-03-11 09:58,일반식당,Y,N,0,-,승인,N,식비,오프라인 - 삼성페이
4,20402,10279,2024-03-12 08:49,사내식당,Y,N,0,-,승인,N,식비,오프라인 - 삼성페이
4,20403,18518,2024-03-12 20:56,유튜브,Y,N,0,-,승인,N,문화,온라인 - 네이버페이
4,20404,9852,2024-03-13 11:46,사내식당,Y,N,0,-,승인,N,식비,오프라인 - 실물카드
4,20405,12073,2024-03-14 12:17,일반식당,Y,N,0,-,승인,N,식비,오프라인 - 실물카드
4,20406,14197,2024-03-15 11:20,일반식당,Y,N,0,-,승인,N,식비,오프라인 - 삼성페이
4,20407,14091,2024-03-16 12:58,일반식당,Y,N,0,-,승인,N,식비,오프라인 - 삼성페이
4,20408,11064,2024-03-17 10:54,투썸플레이스,Y,N,0,-,승인,N,식비,오프라인 - 삼성페이
4,20409,12093,2024-03-19 13:55,스타벅스,Y,N,0,-,승인,N,식비,오프라인 - 삼성페이
4,20410,10337,2024-03-20 08:17,스타벅스,Y,N,0,-,승인,N,식비,오프라인 - 실물카드
4,20411,11873,2024-03-21 09:22,사내식당,Y,N,0,-,승인,N,식비,오프라인 - 삼성페이
4,20412,11398,2024-03-21 15:09,왓챠,Y,N,0,-,승인,N,문화,온라인 - 네이버페이
4,20413,11725,2024-03-22 15:24,유튜브,Y,N,0,-,승인,N,문화,온라인 - 네이버페이
4,20414,11890,2024-03-25 13:12,일반식당,Y,N,0,-,승인,N,식비,오프라인 - 삼성페이
4,20415,11231,2024-03-25 19:08,왓챠,Y,N,0,-,승인,N,문화,온라인 - 네이버페이
4,20416,9030,2024-03-26 09:15,스타벅스,Y,N,0,-,승인,N,식비,오프라인 - 삼성페이
4,20417,12295,2024-03-26 22:49,왓챠,Y,N,0,-,승인,N,문화,온라인 - 네이버페이
4,20418,12589,2024-03-27 08:10,사내식당,Y,N,0,-,승인,N,식비,오프라인 - 삼성페이
4,20419,15094,2024-03-27 22:02,왓챠,Y,N,0,-,승인,N,문화,온라인 - 네이버페이
4,20420,14332,2024-03-29 11:30,투썸플레이스,Y,N,0,-,승인,N,식비,오프라인 - 실물카드
4,20421,18482,2024-03-29 22:46,유튜브,Y,N,0,-,승인,N,문화,온라인 - 네이버페이
4,20422,13318,2024-03-30 14:42,사내식당,Y,N,0,-,승인,N,식비,오프라인 - 삼성페이
4,20423,12996,2024-03-30 22:28,유튜브,Y,N,0,-,승인,N,문화,온라인 - 네이버페이
4,20424,9558,2024-03-31 11:13,사내식당,Y,N,0,-,승인,N,식비,오프라인 - 실물카드
5,20425,14118,2024-01-01 11:57,투썸플레이스,Y,N,0,-,승인,N,식비,오프라인 - 실물카드
5,20426,21941,2024-01-01 15:42,마트/편의점,Y,N,0,-,승인,N,생활,오프라인 - 삼성페이
5,20427,13847,2024-01-02 09:17,사내식당,Y,N,0,-,승인,N,식비,오프라인 - 실물카드
5,20428,12165,2024-01-03 11:43,일반식당,Y,N,0,-,승인,N,식비,오프라인 - 실물카드
5,20429,9491,2024-01-04 11:17,일반식당,Y,N,0,-,승인,N,식비,오프라인 - 삼성페이
5,20430,14823,2024-01-04 18:04,마트/편의점,Y,N,0,-,승인,N,생활,오프라인 - 카카오페이
5,20431,12781,2024-01-05 12:03,일반식당,Y,N,0,-,승인,N,식비,오프라인 - 삼성페이
5,20432,21891,2024-01-05 15:24,마트/편의점,Y,N,0,-,승인,N,생활,오프라인 - 삼성페이
5,20433,12700,2024-01-06 13:12,사내식당,Y,N,0,-,승인,N,식비,오프라인 - 실물카드
5,20434,26225,2024-01-06 22:17,마트/편의점,Y,N,0,-,승인,N,생활,오프라인 - 삼성페이
5,20435,10240,2024-01-08 08:11,투썸플레이스,Y,N,0,-,승인,N,식비,오프라인 - 실물카드
5,20436,13079,2024-01-09 11:48,투썸플레이스,Y,N,0,-,승인,N,식비,오프라인 - 실물카드
5,20437,8303,2024-01-10 21:44,마트/편의점,Y,N,0,-,승인,N,생활,오프라인 - 카카오페이
5,20438,12040,2024-01-12 14:28,투썸플레이스,Y,N,0,-,승인,N,식비,오프라인 - 삼성페이
5,20439,14600,2024-01-12 16:34,마트/편의점,Y,N,0,-,승인,N,생활,오프라인 - 카카오페이
5,20440,15152,2024-01-13 20:02,마트/편의점,Y,N,0,-,승인,N,생활,오프라인 - 카카오페이
5,20441,10523,2024-01-14 10:27,투썸플레이스,Y,N,0,-,승인,N,식비,오프라인 - 실물카드
5,20442,12963,2024-01-15 08:38,일반식당,Y,N,0,-,승인,N,식비,오프라인 - 삼성페이
5,20443,10165,2024-01-16 09:23,사내식당,Y,N,0,-,승인,N,식비,오프라인 - 삼성페이
5,20444,6017,2024-01-16 22:38,마트/편의점,Y,N,0,-,승인,N,생활,오프라인 - 카카오페이
5,20445,10575,2024-01-17 13:55,투썸플레이스,Y,N,0,-,승인,N,식비,오프라인 - 삼성페이
5,20446,14993,2024-01-17 22:28,마트/편의점,Y,N,0,-,승인,N,생활,오프라인 - 삼성페이
5,20447,11940,2024-01-18 10:12,투썸플레이스,Y,N,0,-,승인,N,식비,오프라인 - 삼성페이
5,20448,11716,2024-01-21 14:16,일반식당,Y,N,0,-,승인,N,식비,오프라인 - 삼성페이
5,20449,14939,2024-01-22 09:42,일반식당,Y,N,0,-,승인,N,식비,오프라인 - 삼성페이
5,20450,12215,2024-01-23 11:10,스타벅스,Y,N,0,-,승인,N,식비,오프라인 - 실물카드
5,20451,14918,2024-01-23 19:13,마트/편의점,Y,N,0,-,승인,N,생활,오프라인 - 삼성페이
5,20452,9201,2024-01-24 11:32,스타벅스,Y,N,0,-,승인,N,식비,오프라인 - 실물카드
5,20453,25430,2024-01-24 20:35,마트/편의점,Y,N,0,-,승인,N,생활,오프라인 - 삼성페이
5,20454,11344,2024-01-25 09:15,스타벅스,Y,N,0,-,승인,N,식비,오프라인 - 실물카드
5,20455,9122,2024-01-25 21:38,마트/편의점,Y,N,0,-,승인,N,생활,오프라인 - 카카오페이
5,20456,10729,2024-01-26 08:41,사내식당,Y,N,0,-,승인,N,식비,오프라인 - 삼성페이
5,20457,21590,2024-01-28 23:16,마트/편의점,Y,N,0,-,승인,N,생활,오프라인 - 카카오페이
5,20458,14803,2024-01-29 13:06,일반식당,Y,N,0,-,승인,N,식비,오프라인 - 실물카드
5,20459,13115,2024-01-30 10:21,스타벅스,Y,N,0,-,승인,N,식비,오프라인 - 삼성페이
5,20460,11936,2024-01-31 10:23,사내식당,Y,N,0,-,승인,N,식비,오프라인 - 삼성페이
5,20461,14211,2024-02-01 14:34,스타벅스,Y,N,0,-,승인,N,식비,오프라인 - 삼성페이
5,20462,12269,2024-02-02 12:39,스타벅스,Y,N,0,-,승인,N,식비,오프라인 - 삼성페이
5,20463,9873,2024-02-03 11:48,투썸플레이스,Y,N,0,-,승인,N,식비,오프라인 - 실물카드
5,20464,10291,2024-02-04 11:34,투썸플레이스,Y,N,0,-,승인,N,식비,오프라인 - 실물카드
5,20465,8231,2024-02-04 18:27,마트/편의점,Y,N,0,-,승인,N,생활,오프라인 - 삼성페이
5,20466,9504,2024-02-05 14:41,일반식당,Y,N,0,-,승인,N,식비,오프라인 - 실물카드
5,20467,10868,2024-02-06 11:42,스타벅스,Y,N,0,-,승인,N,식비,오프라인 - 삼성페이
5,20468,11897,2024-02-06 23:01,마트/편의점,Y,N,0,-,승인,N,생활,오프라인 - 카카오페이
5,20469,13585,2024-02-07 09:17,사내식당,Y,N,0,-,승인,N,식비,오프라인 - 실물카드
5,20470,10728,2024-02-08 13:14,투썸플레이스,Y,N,0,-,승인,N,식비,오프라인 - 삼성페이
5,20471,15584,2024-02-08 18:00,마트/편의점,Y,N,0,-,승인,N,생활,오프라인 - 카카오페이
5,20472,13217,2024-02-09 14:07,사내식당,Y,N,0,-,승인,N,식비,오프라인 - 삼성페이
5,20473,5777,2024-02-09 16:25,마트/편의점,Y,N,0,-,승인,N,생활,오프라인 - 카카오페이
5,20474,14023,2024-02-10 13:15,투썸플레이스,Y,N,0,-,승인,N,식비,오프라인 - 삼성페이
5,20475,14777,2024-02-11 08:14,투썸플레이스,Y,N,0,-,승인,N,식비,오프라인 - 실물카드
5,20476,10762,2024-02-13 12:36,투썸플레이스,Y,N,0,-,승인,N,식비,오프라인 - 실물카드
5,20477,10514,2024-02-14 13:01,일반식당,Y,N,0,-,승인,N,식비,오프라인 - 실물카드
5,20478,9906,2024-02-14 18:37,마트/편의점,Y,N,0,-,승인,N,생활,오프라인 - 카카오페이
5,20479,10694,2024-02-15 12:22,스타벅스,Y,N,0,-,승인,N,식비,오프라인 - 실물카드
5,20480,9159,2024-02-16 13:03,스타벅스,Y,N,0,-,승인,N,식비,오프라인 - 삼성페이
5,20481,7056,2024-02-16 23:40,마트/편의점,Y,N,0,-,승인,N,생활,오프라인 - 카카오페이
5,20482,13517,2024-02-17 15:31,마트/편의점,Y,N,0,-,승인,N,생활,오프라인 - 카카오페이
5,20483,9374,2024-02-18 13:15,스타벅스,Y,N,0,-,승인,N,식비,오프라인 - 삼성페이
5,20484,22794,2024-02-18 23:02,마트/편의점,Y,N,0,-,승인,N,생활,오프라인 - 삼성페이
5,20485,13329,2024-02-19 08:07,투썸플레이스,Y,N,0,-,승인,N,식비,오프라인 - 삼성페이
5,20486,9398,2024-02-20 13:46,사내식당,Y,N,0,-,승인,N,식비,오프라인 - 삼성페이
5,20487,12590,2024-02-21 09:59,투썸플레이스,Y,N,0,-,승인,N,식비,오프라인 - 실물카드
5,20488,13965,2024-02-22 11:14,스타벅스,Y,N,0,-,승인,N,식비,오프라인 - 실물카드
5,20489,13639,2024-02-23 14:31,사내식당,Y,N,0,-,승인,N,식비,오프라인 - 삼성페이
5,20490,14233,2024-02-24 13:16,스타벅스,Y,N,0,-,승인,N,식비,오프라인 - 실물카드
5,20491,12939,2024-02-25 09:18,사내식당,Y,N,0,-,승인,N,식비,오프라인 - 삼성페이
5,20492,12609,2024-02-26 12:03,투썸플레이스,Y,N,0,-,승인,N,식비,오프라인 - 실물카드
5,20493,9310,2024-02-27 09:39,사내식당,Y,N,0,-,승인,N,식비,오프라인 - 삼성페이
5,20494,13450,2024-02-28 13:57,투썸플레이스,Y,N,0,-,승인,N,식비,오프라인 - 실물카드
5,20495,11410,2024-02-29 13:22,투썸플레이스,Y,N,0,-,승인,N,식비,오프라인 - 실물카드
5,20496,5180,2024-03-01 16:56,마트/편의점,Y,N,0,-,승인,N,생활,오프라인 - 삼성페이
5,20497,10627,2024-03-02 08:50,일반식당,Y,N,0,-,승인,N,식비,오프라인 - 실물카드
5,20498,14793,2024-03-02 17:57,마트/편의점,Y,N,0,-,승인,N,생활,오프라인 - 카카오페이
5,20499,13031,2024-03-03 10:49,일반식당,Y,N,0,-,승인,N,식비,오프라인 - 실물카드
5,20500,13836,2024-03-04 13:35,투썸플레이스,Y,N,0,-,승인,N,식비,오프라인 - 삼성페이
5,20501,29097,2024-03-04 21:49,마트/편의점,Y,N,0,-,승인,N,생활,오프라인 - 카카오페이
5,20502,13565,2024-03-05 11:00,일반식당,Y,N,0,-,승인,N,식비,오프라인 - 삼성페이
5,20503,25705,2024-03-05 19:20,마트/편의점,Y,N,0,-,승인,N,생활,오프라인 - 삼성페이
5,20504,11038,2024-03-06 09:58,일반식당,Y,N,0,-,승인,N,식비,오프라인 - 삼성페이
5,20505,19705,2024-03-06 19:53,마트/편의점,Y,N,0,-,승인,N,생활,오프라인 - 카카오페이
5,20506,12149,2024-03-07 10:52,투썸플레이스,Y,N,0,-,승인,N,식비,오프라인 - 실물카드
5,20507,26711,2024-03-07 23:12,마트/편의점,Y,N,0,-,승인,N,생활,오프라인 - 카카오페이
5,20508,11010,2024-03-08 08:35,투썸플레이스,Y,N,0,-,승인,N,식비,오프라인 - 삼성페이
5,20509,10301,2024-03-09 12:08,스타벅스,Y,N,0,-,승인,N,식비,오프라인 - 실물카드
5,20510,12991,2024-03-10 10:52,스타벅스,Y,N,0,-,승인,N,식비,오프라인 - 삼성페이
5,20511,18164,2024-03-10 20:45,마트/편의점,Y,N,0,-,승인,N,생활,오프라인 - 카카오페이
5,20512,12380,2024-03-11 18:56,마트/편의점,Y,N,0,-,승인,N,생활,오프라인 - 카카오페이
5,20513,9037,2024-03-12 10:43,스타벅스,Y,N,0,-,승인,N,식비,오프라인 - 삼성페이
5,20514,13285,2024-03-13 11:31,사내식당,Y,N,0,-,승인,N,식비,오프라인 - 실물카드
5,20515,9526,2024-03-14 09:08,스타벅스,Y,N,0,-,승인,N,식비,오프라인 - 삼성페이
5,20516,13716,2024-03-16 13:44,사내식당,Y,N,0,-,승인,N,식비,오프라인 - 실물카드
5,20517,23719,2024-03-16 23:16,마트/편의점,Y,N,0,-,승인,N,생활,오프라인 - 카카오페이
5,20518,13939,2024-03-17 11:25,사내식당,Y,N,0,-,승인,N,식비,오프라인 - 삼성페이
5,20519,9905,2024-03-20 11:02,일반식당,Y,N,0,-,승인,N,식비,오프라인 - 삼성페이
5,20520,12693,2024-03-21 13:36,스타벅스,Y,N,0,-,승인,N,식비,오프라인 - 삼성페이
5,20521,16328,2024-03-21 18:20,마트/편의점,Y,N,0,-,승인,N,생활,오프라인 - 카카오페이
5,20522,13131,2024-03-22 09:03,일반식당,Y,N,0,-,승인,N,식비,오프라인 - 삼성페이
5,20523,13236,2024-03-24 12:33,사내식당,Y,N,0,-,승인,N,식비,오프라인 - 실물카드
5,20524,10294,2024-03-25 14:16,투썸플레이스,Y,N,0,-,승인,N,식비,오프라인 - 삼성페이
5,20525,27304,2024-03-25 23:59,마트/편의점,Y,N,0,-,승인,N,생활,오프라인 - 삼성페이
5,20526,12729,2024-03-26 14:55,투썸플레이스,Y,N,0,-,승인,N,식비,오프라인 - 삼성페이
5,20527,9392,2024-03-28 11:10,투썸플레이스,Y,N,0,-,승인,N,식비,오프라인 - 삼성페이
5,20528,11882,2024-03-29 23:38,마트/편의점,Y,N,0,-,승인,N,생활,오프라인 - 삼성페이
5,20529,11583,2024-03-30 11:00,일반식당,Y,N,0,-,승인,N,식비,오프라인 - 삼성페이
5,20530,9961,2024-03-31 11:47,스타벅스,Y,N,0,-,승인,N,식비,오프라인 - 삼성페이
6,20531,7618,2024-01-01 11:38,학식,Y,N,0,-,승인,N,식비,오프라인 - 실물카드
6,20532,6924,2024-01-03 13:05,메가커피,Y,N,0,-,승인,N,식비,오프라인 - 삼성페이
6,20533,26892,2024-01-03 15:13,마트/편의점,Y,N,0,-,승인,N,생활,오프라인 - 삼성페이
6,20534,8607,2024-01-04 12:59,김밥천국,Y,N,0,-,승인,N,식비,오프라인 - 실물카드
6,20535,8986,2024-01-05 08:49,편의점,Y,N,0,-,승인,N,식비,오프라인 - 실물카드
6,20536,20790,2024-01-05 23:06,마트/편의점,Y,N,0,-,승인,N,생활,오프라인 - 삼성페이
6,20537,8247,2024-01-06 10:43,김밥천국,Y,N,0,-,승인,N,식비,오프라인 - 실물카드
6,20538,6386,2024-01-06 19:26,마트/편의점,Y,N,0,-,승인,N,생활,오프라인 - 삼성페이
6,20539,6348,2024-01-07 10:37,메가커피,Y,N,0,-,승인,N,식비,오프라인 - 실물카드
6,20540,8516,2024-01-07 20:30,마트/편의점,Y,N,0,-,승인,N,생활,오프라인 - 카카오페이
6,20541,7038,2024-01-08 10:16,학식,Y,N,0,-,승인,N,식비,오프라인 - 실물카드
6,20542,23281,2024-01-08 15:37,마트/편의점,Y,N,0,-,승인,N,생활,오프라인 - 카카오페이
6,20543,6943,2024-01-09 10:06,학식,Y,N,0,-,승인,N,식비,오프라인 - 실물카드
6,20544,5499,2024-01-10 14:10,학식,Y,N,0,-,승인,N,식비,오프라인 - 삼성페이
6,20545,7538,2024-01-11 14:14,학식,Y,N,0,-,승인,N,식비,오프라인 - 실물카드
6,20546,6499,2024-01-11 22:43,마트/편의점,Y,N,0,-,승인,N,생활,오프라인 - 카카오페이
6,20547,8218,2024-01-13 13:29,학식,Y,N,0,-,승인,N,식비,오프라인 - 삼성페이
6,20548,7310,2024-01-14 12:00,학식,Y,N,0,-,승인,N,식비,오프라인 - 실물카드
6,20549,13041,2024-01-14 17:36,마트/편의점,Y,N,0,-,승인,N,생활,오프라인 - 삼성페이
6,20550,6758,2024-01-15 11:14,메가커피,Y,N,0,-,승인,N,식비,오프라인 - 실물카드
6,20551,24617,2024-01-15 21:59,마트/편의점,Y,N,0,-,승인,N,생활,오프라인 - 카카오페이
6,20552,28406,2024-01-16 15:17,마트/편의점,Y,N,0,-,승인,N,생활,오프라인 - 카카오페이
6,20553,4881,2024-01-17 09:44,학식,Y,N,0,-,승인,N,식비,오프라인 - 실물카드
6,20554,7088,2024-01-18 12:31,학식,Y,N,0,-,승인,N,식비,오프라인 - 삼성페이
6,20555,8986,2024-01-19 10:02,편의점,Y,N,0,-,승인,N,식비,오프라인 - 실물카드
6,20556,10344,2024-01-19 21:14,마트/편의점,Y,N,0,-,승인,N,생활,오프라인 - 카카오페이
6,20557,4771,2024-01-21 14:48,김밥천국,Y,N,0,-,승인,N,식비,오프라인 - 삼성페이
6,20558,18374,2024-01-21 23:46,마트/편의점,Y,N,0,-,승인,N,생활,오프라인 - 삼성페이
6,20559,7490,2024-01-22 09:29,학식,Y,N,0,-,승인,N,식비,오프라인 - 실물카드
6,20560,5232,2024-01-23 09:44,학식,Y,N,0,-,승인,N,식비,오프라인 - 실물카드
6,20561,8387,2024-01-24 14:11,김밥천국,Y,N,0,-,승인,N,식비,오프라인 - 실물카드
6,20562,5306,2024-01-26 11:26,김밥천국,Y,N,0,-,승인,N,식비,오프라인 - 삼성페이
6,20563,5949,2024-01-27 08:41,김밥천국,Y,N,0,-,승인,N,식비,오프라인 - 실물카드
6,20564,5273,2024-01-28 11:45,메가커피,Y,N,0,-,승인,N,식비,오프라인 - 실물카드
6,20565,4585,2024-01-30 10:36,학식,Y,N,0,-,승인,N,식비,오프라인 - 실물카드
6,20566,5000,2024-01-30 23:02,마트/편의점,Y,N,0,-,승인,N,생활,오프라인 - 삼성페이
6,20567,16044,2024-01-31 23:10,마트/편의점,Y,N,0,-,승인,N,생활,오프라인 - 삼성페이
6,20568,8092,2024-02-01 08:03,메가커피,Y,N,0,-,승인,N,식비,오프라인 - 삼성페이
6,20569,4637,2024-02-02 13:05,메가커피,Y,N,0,-,승인,N,식비,오프라인 - 실물카드
6,20570,7246,2024-02-03 12:40,김밥천국,Y,N,0,-,승인,N,식비,오프라인 - 실물카드
6,20571,5804,2024-02-04 13:50,편의점,Y,N,0,-,승인,N,식비,오프라인 - 삼성페이
6,20572,26526,2024-02-04 21:41,마트/편의점,Y,N,0,-,승인,N,생활,오프라인 - 삼성페이
6,20573,8221,2024-02-05 14:36,학식,Y,N,0,-,승인,N,식비,오프라인 - 실물카드
6,20574,15596,2024-02-06 22:21,마트/편의점,Y,N,0,-,승인,N,생활,오프라인 - 카카오페이
6,20575,21783,2024-02-07 16:19,마트/편의점,Y,N,0,-,승인,N,생활,오프라인 - 카카오페이
6,20576,7192,2024-02-08 10:41,김밥천국,Y,N,0,-,승인,N,식비,오프라인 - 실물카드
6,20577,5753,2024-02-09 09:44,메가커피,Y,N,0,-,승인,N,식비,오프라인 - 실물카드
6,20578,25779,2024-02-09 18:04,마트/편의점,Y,N,0,-,승인,N,생활,오프라인 - 삼성페이
6,20579,6855,2024-02-10 14:26,메가커피,Y,N,0,-,승인,N,식비,오프라인 - 실물카드
6,20580,5897,2024-02-11 08:56,메가커피,Y,N,0,-,승인,N,식비,오프라인 - 실물카드
6,20581,5047,2024-02-12 13:15,김밥천국,Y,N,0,-,승인,N,식비,오프라인 - 삼성페이
6,20582,4631,2024-02-13 14:04,김밥천국,Y,N,0,-,승인,N,식비,오프라인 - 삼성페이
6,20583,20321,2024-02-13 17:00,마트/편의점,Y,N,0,-,승인,N,생활,오프라인 - 삼성페이
6,20584,5832,2024-02-14 12:32,편의점,Y,N,0,-,승인,N,식비,오프라인 - 실물카드
6,20585,8056,2024-02-15 09:28,메가커피,Y,N,0,-,승인,N,식비,오프라인 - 삼성페이
6,20586,5415,2024-02-16 12:02,학식,Y,N,0,-,승인,N,식비,오프라인 - 실물카드
6,20587,7587,2024-02-17 08:35,메가커피,Y,N,0,-,승인,N,식비,오프라인 - 실물카드
6,20588,8589,2024-02-18 12:45,김밥천국,Y,N,0,-,승인,N,식비,오프라인 - 실물카드
6,20589,17724,2024-02-19 19:17,마트/편의점,Y,N,0,-,승인,N,생활,오프라인 - 삼성페이
6,20590,4594,2024-02-22 13:23,메가커피,Y,N,0,-,승인,N,식비,오프라인 - 삼성페이
6,20591,25632,2024-02-22 15:17,마트/편의점,Y,N,0,-,승인,N,생활,오프라인 - 카카오페이
6,20592,4835,2024-02-23 12:23,편의점,Y,N,0,-,승인,N,식비,오프라인 - 실물카드
6,20593,5607,2024-02-25 13:35,편의점,Y,N,0,-,승인,N,식비,오프라인 - 실물카드
6,20594,22209,2024-02-25 17:53,마트/편의점,Y,N,0,-,승인,N,생활,오프라인 - 삼성페이
6,20595,5294,2024-02-27 13:27,학식,Y,N,0,-,승인,N,식비,오프라인 - 삼성페이
6,20596,27146,2024-02-27 15:47,마트/편의점,Y,N,0,-,승인,N,생활,오프라인 - 삼성페이
6,20597,8379,2024-02-28 11:32,편의점,Y,N,0,-,승인,N,식비,오프라인 - 삼성페이
6,20598,5113,2024-02-29 14:39,편의점,Y,N,0,-,승인,N,식비,오프라인 - 삼성페이
6,20599,29799,2024-02-29 19:57,마트/편의점,Y,N,0,-,승인,N,생활,오프라인 - 삼성페이
6,20600,8597,2024-03-01 11:14,김밥천국,Y,N,0,-,승인,N,식비,오프라인 - 실물카드
6,20601,6395,2024-03-02 12:45,학식,Y,N,0,-,승인,N,식비,오프라인 - 실물카드
6,20602,5318,2024-03-03 18:34,마트/편의점,Y,N,0,-,승인,N,생활,오프라인 - 삼성페이
6,20603,6796,2024-03-04 20:24,마트/편의점,Y,N,0,-,승인,N,생활,오프라인 - 삼성페이
6,20604,5126,2024-03-05 11:46,편의점,Y,N,0,-,승인,N,식비,오프라인 - 실물카드
6,20605,5545,2024-03-05 21:25,마트/편의점,Y,N,0,-,승인,N,생활,오프라인 - 삼성페이
6,20606,6790,2024-03-07 08:33,편의점,Y,N,0,-,승인,N,식비,오프라인 - 실물카드
6,20607,5967,2024-03-08 14:42,메가커피,Y,N,0,-,승인,N,식비,오프라인 - 실물카드
6,20608,22717,2024-03-08 17:22,마트/편의점,Y,N,0,-,승인,N,생활,오프라인 - 카카오페이
6,20609,7597,2024-03-09 10:58,김밥천국,Y,N,0,-,승인,N,식비,오프라인 - 실물카드
6,20610,5536,2024-03-09 16:08,마트/편의점,Y,N,0,-,승인,N,생활,오프라인 - 카카오페이
6,20611,6859,2024-03-10 09:49,편의점,Y,N,0,-,승인,N,식비,오프라인 - 실물카드
6,20612,5737,2024-03-11 12:05,편의점,Y,N,0,-,승인,N,식비,오프라인 - 삼성페이
6,20613,16433,2024-03-11 22:07,마트/편의점,Y,N,0,-,승인,N,생활,오프라인 - 카카오페이
6,20614,7514,2024-03-13 08:33,학식,Y,N,0,-,승인,N,식비,오프라인 - 실물카드
6,20615,6323,2024-03-14 14:25,메가커피,Y,N,0,-,승인,N,식비,오프라인 - 실물카드
6,20616,11413,2024-03-14 18:09,마트/편의점,Y,N,0,-,승인,N,생활,오프라인 - 카카오페이
6,20617,7383,2024-03-15 12:05,학식,Y,N,0,-,승인,N,식비,오프라인 - 삼성페이
6,20618,17187,2024-03-15 19:57,마트/편의점,Y,N,0,-,승인,N,생활,오프라인 - 카카오페이
6,20619,6971,2024-03-16 09:34,메가커피,Y,N,0,-,승인,N,식비,오프라인 - 실물카드
6,20620,24785,2024-03-16 16:55,마트/편의점,Y,N,0,-,승인,N,생활,오프라인 - 삼성페이
6,20621,7054,2024-03-17 11:01,김밥천국,Y,N,0,-,승인,N,식비,오프라인 - 실물카드
6,20622,4702,2024-03-18 08:08,메가커피,Y,N,0,-,승인,N,식비,오프라인 - 실물카드
6,20623,7616,2024-03-19 14:12,메가커피,Y,N,0,-,승인,N,식비,오프라인 - 실물카드
6,20624,5019,2024-03-22 13:11,메가커피,Y,N,0,-,승인,N,식비,오프라인 - 삼성페이
6,20625,19152,2024-03-22 23:32,마트/편의점,Y,N,0,-,승인,N,생활,오프라인 - 카카오페이
6,20626,8633,2024-03-23 08:27,학식,Y,N,0,-,승인,N,식비,오프라인 - 실물카드
6,20627,8726,2024-03-24 08:27,김밥천국,Y,N,0,-,승인,N,식비,오프라인 - 삼성페이
6,20628,8649,2024-03-25 14:50,김밥천국,Y,N,0,-,승인,N,식비,오프라인 - 실물카드
6,20629,24731,2024-03-25 15:53,마트/편의점,Y,N,0,-,승인,N,생활,오프라인 - 카카오페이
6,20630,15515,2024-03-27 18:20,마트/편의점,Y,N,0,-,승인,N,생활,오프라인 - 카카오페이
6,20631,7796,2024-03-28 12:08,메가커피,Y,N,0,-,승인,N,식비,오프라인 - 실물카드
6,20632,8730,2024-03-29 13:19,학식,Y,N,0,-,승인,N,식비,오프라인 - 삼성페이
6,20633,15066,2024-03-29 17:53,마트/편의점,Y,N,0,-,승인,N,생활,오프라인 - 카카오페이
6,20634,7963,2024-03-30 14:43,김밥천국,Y,N,0,-,승인,N,식비,오프라인 - 삼성페이
6,20635,5522,2024-03-31 11:04,메가커피,Y,N,0,-,승인,N,식비,오프라인 - 삼성페이
7,20636,4523,2024-01-01 10:06,학식,Y,N,0,-,승인,N,식비,오프라인 - 삼성페이
7,20637,28277,2024-01-01 21:03,마트/편의점,Y,N,0,-,승인,N,생활,오프라인 - 삼성페이
7,20638,8420,2024-01-02 13:35,편의점,Y,N,0,-,승인,N,식비,오프라인 - 삼성페이
7,20639,8116,2024-01-03 08:59,학식,Y,N,0,-,승인,N,식비,오프라인 - 실물카드
7,20640,19730,2024-01-03 15:49,마트/편의점,Y,N,0,-,승인,N,생활,오프라인 - 삼성페이
7,20641,8651,2024-01-05 12:05,편의점,Y,N,0,-,승인,N,식비,오프라인 - 실물카드
7,20642,13889,2024-01-06 16:26,마트/편의점,Y,N,0,-,승인,N,생활,오프라인 - 카카오페이
7,20643,6198,2024-01-07 13:15,김밥천국,Y,N,0,-,승인,N,식비,오프라인 - 삼성페이
7,20644,20522,2024-01-07 22:08,마트/편의점,Y,N,0,-,승인,N,생활,오프라인 - 삼성페이
7,20645,5752,2024-01-08 13:43,편의점,Y,N,0,-,승인,N,식비,오프라인 - 실물카드
7,20646,24021,2024-01-08 23:13,마트/편의점,Y,N,0,-,승인,N,생활,오프라인 - 카카오페이
7,20647,4920,2024-01-09 09:20,김밥천국,Y,N,0,-,승인,N,식비,오프라인 - 실물카드
7,20648,5252,2024-01-10 08:15,메가커피,Y,N,0,-,승인,N,식비,오프라인 - 삼성페이
7,20649,5308,2024-01-12 11:34,학식,Y,N,0,-,승인,N,식비,오프라인 - 실물카드
7,20650,7640,2024-01-13 08:34,편의점,Y,N,0,-,승인,N,식비,오프라인 - 실물카드
7,20651,4962,2024-01-14 10:55,학식,Y,N,0,-,승인,N,식비,오프라인 - 삼성페이
7,20652,16092,2024-01-14 21:37,마트/편의점,Y,N,0,-,승인,N,생활,오프라인 - 카카오페이
7,20653,8421,2024-01-15 10:08,김밥천국,Y,N,0,-,승인,N,식비,오프라인 - 실물카드
7,20654,14029,2024-01-15 17:06,마트/편의점,Y,N,0,-,승인,N,생활,오프라인 - 카카오페이
7,20655,7840,2024-01-16 14:47,김밥천국,Y,N,0,-,승인,N,식비,오프라인 - 실물카드
7,20656,4665,2024-01-17 13:31,편의점,Y,N,0,-,승인,N,식비,오프라인 - 삼성페이
7,20657,4592,2024-01-18 09:23,메가커피,Y,N,0,-,승인,N,식비,오프라인 - 실물카드
7,20658,8756,2024-01-19 13:11,편의점,Y,N,0,-,승인,N,식비,오프라인 - 삼성페이
7,20659,8871,2024-01-20 11:39,편의점,Y,N,0,-,승인,N,식비,오프라인 - 삼성페이
7,20660,6092,2024-01-21 14:22,메가커피,Y,N,0,-,승인,N,식비,오프라인 - 실물카드
7,20661,7672,2024-01-23 09:32,김밥천국,Y,N,0,-,승인,N,식비,오프라인 - 삼성페이
7,20662,11837,2024-01-23 19:16,마트/편의점,Y,N,0,-,승인,N,생활,오프라인 - 삼성페이
7,20663,6067,2024-01-24 10:33,편의점,Y,N,0,-,승인,N,식비,오프라인 - 삼성페이
7,20664,9807,2024-01-24 22:31,마트/편의점,Y,N,0,-,승인,N,생활,오프라인 - 카카오페이
7,20665,6165,2024-01-25 10:56,편의점,Y,N,0,-,승인,N,식비,오프라인 - 실물카드
7,20666,14688,2024-01-25 23:47,마트/편의점,Y,N,0,-,승인,N,생활,오프라인 - 삼성페이
7,20667,5631,2024-01-26 12:47,메가커피,Y,N,0,-,승인,N,식비,오프라인 - 실물카드
7,20668,7855,2024-01-27 12:34,편의점,Y,N,0,-,승인,N,식비,오프라인 - 삼성페이
7,20669,5117,2024-01-28 10:16,편의점,Y,N,0,-,승인,N,식비,오프라인 - 실물카드
7,20670,10191,2024-01-28 21:42,마트/편의점,Y,N,0,-,승인,N,생활,오프라인 - 카카오페이
7,20671,4591,2024-01-29 11:43,학식,Y,N,0,-,승인,N,식비,오프라인 - 삼성페이
7,20672,28316,2024-01-29 15:51,마트/편의점,Y,N,0,-,승인,N,생활,오프라인 - 카카오페이
7,20673,5808,2024-01-30 13:45,편의점,Y,N,0,-,승인,N,식비,오프라인 - 삼성페이
7,20674,6237,2024-01-30 16:25,마트/편의점,Y,N,0,-,승인,N,생활,오프라인 - 삼성페이
7,20675,8328,2024-01-31 10:25,학식,Y,N,0,-,승인,N,식비,오프라인 - 삼성페이
7,20676,15738,2024-01-31 21:11,마트/편의점,Y,N,0,-,승인,N,생활,오프라인 - 삼성페이
7,20677,8718,2024-02-01 11:49,편의점,Y,N,0,-,승인,N,식비,오프라인 - 실물카드
7,20678,15493,2024-02-01 17:17,마트/편의점,Y,N,0,-,승인,N,생활,오프라인 - 카카오페이
7,20679,5061,2024-02-02 08:58,김밥천국,Y,N,0,-,승인,N,식비,오프라인 - 삼성페이
7,20680,9942,2024-02-02 20:28,마트/편의점,Y,N,0,-,승인,N,생활,오프라인 - 삼성페이
7,20681,7605,2024-02-03 09:02,학식,Y,N,0,-,승인,N,식비,오프라인 - 실물카드
7,20682,19393,2024-02-03 19:08,마트/편의점,Y,N,0,-,승인,N,생활,오프라인 - 삼성페이
7,20683,7066,2024-02-04 11:16,학식,Y,N,0,-,승인,N,식비,오프라인 - 삼성페이
7,20684,14406,2024-02-04 19:29,마트/편의점,Y,N,0,-,승인,N,생활,오프라인 - 카카오페이
7,20685,4787,2024-02-06 13:33,김밥천국,Y,N,0,-,승인,N,식비,오프라인 - 삼성페이
7,20686,7953,2024-02-07 08:58,김밥천국,Y,N,0,-,승인,N,식비,오프라인 - 실물카드
7,20687,6695,2024-02-08 08:53,편의점,Y,N,0,-,승인,N,식비,오프라인 - 실물카드
7,20688,29649,2024-02-08 17:24,마트/편의점,Y,N,0,-,승인,N,생활,오프라인 - 카카오페이
7,20689,10130,2024-02-09 20:45,마트/편의점,Y,N,0,-,승인,N,생활,오프라인 - 삼성페이
7,20690,7821,2024-02-10 09:18,학식,Y,N,0,-,승인,N,식비,오프라인 - 삼성페이
7,20691,29289,2024-02-10 16:03,마트/편의점,Y,N,0,-,승인,N,생활,오프라인 - 삼성페이
7,20692,8444,2024-02-11 18:50,마트/편의점,Y,N,0,-,승인,N,생활,오프라인 - 삼성페이
7,20693,5072,2024-02-12 14:18,메가커피,Y,N,0,-,승인,N,식비,오프라인 - 삼성페이
7,20694,7952,2024-02-13 09:03,메가커피,Y,N,0,-,승인,N,식비,오프라인 - 실물카드
7,20695,28270,2024-02-13 18:51,마트/편의점,Y,N,0,-,승인,N,생활,오프라인 - 카카오페이
7,20696,4506,2024-02-14 09:32,메가커피,Y,N,0,-,승인,N,식비,오프라인 - 실물카드
7,20697,7333,2024-02-16 14:54,학식,Y,N,0,-,승인,N,식비,오프라인 - 실물카드
7,20698,7230,2024-02-17 11:27,학식,Y,N,0,-,승인,N,식비,오프라인 - 삼성페이
7,20699,4668,2024-02-18 13:48,편의점,Y,N,0,-,승인,N,식비,오프라인 - 실물카드
7,20700,6343,2024-02-19 13:05,김밥천국,Y,N,0,-,승인,N,식비,오프라인 - 실물카드
7,20701,7600,2024-02-20 11:50,메가커피,Y,N,0,-,승인,N,식비,오프라인 - 실물카드
7,20702,18053,2024-02-20 23:27,마트/편의점,Y,N,0,-,승인,N,생활,오프라인 - 카카오페이
7,20703,7075,2024-02-21 12:38,김밥천국,Y,N,0,-,승인,N,식비,오프라인 - 실물카드
7,20704,4766,2024-02-22 08:24,편의점,Y,N,0,-,승인,N,식비,오프라인 - 실물카드
7,20705,6958,2024-02-23 14:04,편의점,Y,N,0,-,승인,N,식비,오프라인 - 실물카드
7,20706,5215,2024-02-23 23:03,마트/편의점,Y,N,0,-,승인,N,생활,오프라인 - 삼성페이
7,20707,6739,2024-02-24 14:58,편의점,Y,N,0,-,승인,N,식비,오프라인 - 실물카드
7,20708,6310,2024-02-25 09:04,메가커피,Y,N,0,-,승인,N,식비,오프라인 - 실물카드
7,20709,5870,2024-02-26 10:30,편의점,Y,N,0,-,승인,N,식비,오프라인 - 삼성페이
7,20710,20564,2024-02-26 19:11,마트/편의점,Y,N,0,-,승인,N,생활,오프라인 - 삼성페이
7,20711,6852,2024-02-27 13:36,김밥천국,Y,N,0,-,승인,N,식비,오프라인 - 실물카드
7,20712,5075,2024-02-28 08:09,김밥천국,Y,N,0,-,승인,N,식비,오프라인 - 실물카드
7,20713,6555,2024-02-29 12:40,학식,Y,N,0,-,승인,N,식비,오프라인 - 삼성페이
7,20714,8383,2024-03-01 10:37,학식,Y,N,0,-,승인,N,식비,오프라인 - 삼성페이
7,20715,18847,2024-03-01 23:09,마트/편의점,Y,N,0,-,승인,N,생활,오프라인 - 삼성페이
7,20716,5730,2024-03-02 08:09,메가커피,Y,N,0,-,승인,N,식비,오프라인 - 삼성페이
7,20717,9009,2024-03-02 17:02,마트/편의점,Y,N,0,-,승인,N,생활,오프라인 - 카카오페이
7,20718,5747,2024-03-03 08:02,편의점,Y,N,0,-,승인,N,식비,오프라인 - 삼성페이
7,20719,4539,2024-03-04 08:12,편의점,Y,N,0,-,승인,N,식비,오프라인 - 삼성페이
7,20720,8673,2024-03-04 15:22,마트/편의점,Y,N,0,-,승인,N,생활,오프라인 - 삼성페이
7,20721,22314,2024-03-05 21:51,마트/편의점,Y,N,0,-,승인,N,생활,오프라인 - 삼성페이
7,20722,8124,2024-03-06 11:28,김밥천국,Y,N,0,-,승인,N,식비,오프라인 - 실물카드
7,20723,21013,2024-03-06 17:55,마트/편의점,Y,N,0,-,승인,N,생활,오프라인 - 삼성페이
7,20724,5036,2024-03-07 13:04,학식,Y,N,0,-,승인,N,식비,오프라인 - 실물카드
7,20725,28141,2024-03-07 19:44,마트/편의점,Y,N,0,-,승인,N,생활,오프라인 - 삼성페이
7,20726,8893,2024-03-08 08:56,학식,Y,N,0,-,승인,N,식비,오프라인 - 실물카드
7,20727,7421,2024-03-09 09:47,편의점,Y,N,0,-,승인,N,식비,오프라인 - 실물카드
7,20728,7978,2024-03-10 12:36,메가커피,Y,N,0,-,승인,N,식비,오프라인 - 실물카드
7,20729,17744,2024-03-10 20:45,마트/편의점,Y,N,0,-,승인,N,생활,오프라인 - 삼성페이
7,20730,8009,2024-03-11 11:26,메가커피,Y,N,0,-,승인,N,식비,오프라인 - 삼성페이
7,20731,19121,2024-03-11 19:56,마트/편의점,Y,N,0,-,승인,N,생활,오프라인 - 삼성페이
7,20732,6460,2024-03-13 12:35,김밥천국,Y,N,0,-,승인,N,식비,오프라인 - 삼성페이
7,20733,6249,2024-03-14 14:40,학식,Y,N,0,-,승인,N,식비,오프라인 - 실물카드
7,20734,8561,2024-03-15 10:04,김밥천국,Y,N,0,-,승인,N,식비,오프라인 - 실물카드
7,20735,4954,2024-03-16 10:36,김밥천국,Y,N,0,-,승인,N,식비,오프라인 - 실물카드
7,20736,7161,2024-03-17 15:21,마트/편의점,Y,N,0,-,승인,N,생활,오프라인 - 삼성페이
7,20737,6086,2024-03-18 11:48,김밥천국,Y,N,0,-,승인,N,식비,오프라인 - 실물카드
7,20738,12053,2024-03-18 23:17,마트/편의점,Y,N,0,-,승인,N,생활,오프라인 - 카카오페이
7,20739,5960,2024-03-19 11:12,편의점,Y,N,0,-,승인,N,식비,오프라인 - 실물카드
7,20740,10443,2024-03-19 16:39,마트/편의점,Y,N,0,-,승인,N,생활,오프라인 - 카카오페이
7,20741,8988,2024-03-20 11:15,편의점,Y,N,0,-,승인,N,식비,오프라인 - 삼성페이
7,20742,8331,2024-03-21 12:20,학식,Y,N,0,-,승인,N,식비,오프라인 - 삼성페이
7,20743,7531,2024-03-22 12:07,메가커피,Y,N,0,-,승인,N,식비,오프라인 - 삼성페이
7,20744,7387,2024-03-23 08:27,학식,Y,N,0,-,승인,N,식비,오프라인 - 실물카드
7,20745,19469,2024-03-23 15:31,마트/편의점,Y,N,0,-,승인,N,생활,오프라인 - 삼성페이
7,20746,6800,2024-03-24 13:33,학식,Y,N,0,-,승인,N,식비,오프라인 - 삼성페이
7,20747,5030,2024-03-25 14:12,김밥천국,Y,N,0,-,승인,N,식비,오프라인 - 삼성페이
7,20748,8875,2024-03-26 14:43,편의점,Y,N,0,-,승인,N,식비,오프라인 - 실물카드
7,20749,5039,2024-03-27 08:26,메가커피,Y,N,0,-,승인,N,식비,오프라인 - 삼성페이
7,20750,23478,2024-03-27 22:39,마트/편의점,Y,N,0,-,승인,N,생활,오프라인 - 카카오페이
7,20751,6282,2024-03-28 10:10,김밥천국,Y,N,0,-,승인,N,식비,오프라인 - 실물카드
7,20752,5178,2024-03-29 09:52,학식,Y,N,0,-,승인,N,식비,오프라인 - 삼성페이
7,20753,22685,2024-03-29 15:35,마트/편의점,Y,N,0,-,승인,N,생활,오프라인 - 카카오페이
7,20754,8827,2024-03-30 12:23,편의점,Y,N,0,-,승인,N,식비,오프라인 - 실물카드
7,20755,5519,2024-03-31 08:11,메가커피,Y,N,0,-,승인,N,식비,오프라인 - 실물카드
7,20756,27043,2024-03-31 23:35,마트/편의점,Y,N,0,-,승인,N,생활,오프라인 - 삼성페이
8,20757,32604,2024-01-01 08:27,개인카페,Y,N,0,-,승인,N,식비,오프라인 - 삼성페이
8,20758,22754,2024-01-02 12:20,백화점 푸드코트,Y,N,0,-,승인,N,식비,오프라인 - 삼성페이
8,20759,28411,2024-01-03 12:06,개인카페,Y,N,0,-,승인,N,식비,오프라인 - 실물카드
8,20760,15542,2024-01-04 13:23,개인카페,Y,N,0,-,승인,N,식비,오프라인 - 실물카드
8,20761,24150,2024-01-05 09:47,백화점 푸드코트,Y,N,0,-,승인,N,식비,오프라인 - 삼성페이
8,20762,3501269,2024-01-05 23:11,구찌,N,Y,10,무이자,승인,N,쇼핑,오프라인 - 실물카드
8,20763,17267,2024-01-06 11:51,개인카페,Y,N,0,-,승인,N,식비,오프라인 - 삼성페이
8,20764,20082,2024-01-07 09:44,개인카페,Y,N,0,-,승인,N,식비,오프라인 - 삼성페이
8,20765,3672521,2024-01-07 15:48,백화점,N,N,0,-,승인,N,쇼핑,오프라인 - 실물카드
8,20766,17413,2024-01-08 11:39,고급일식,Y,N,0,-,승인,N,식비,오프라인 - 실물카드
8,20767,26770,2024-01-09 12:26,백화점 푸드코트,Y,N,0,-,승인,N,식비,오프라인 - 실물카드
8,20768,3808399,2024-01-09 21:13,백화점,N,N,0,-,승인,N,쇼핑,오프라인 - 실물카드
8,20769,17332,2024-01-11 11:22,개인카페,Y,N,0,-,승인,N,식비,오프라인 - 삼성페이
8,20770,23084,2024-01-12 08:38,백화점 푸드코트,Y,N,0,-,승인,N,식비,오프라인 - 실물카드
8,20771,1179459,2024-01-12 21:52,에르메스,N,N,0,-,승인,N,쇼핑,오프라인 - 실물카드
8,20772,16303,2024-01-13 10:05,개인카페,Y,N,0,-,승인,N,식비,오프라인 - 삼성페이
8,20773,18643,2024-01-15 14:42,백화점 푸드코트,Y,N,0,-,승인,N,식비,오프라인 - 실물카드
8,20774,2001266,2024-01-15 21:16,백화점,N,N,0,-,승인,N,쇼핑,오프라인 - 실물카드
8,20775,26616,2024-01-16 14:29,백화점 푸드코트,Y,N,0,-,승인,N,식비,오프라인 - 삼성페이
8,20776,3480168,2024-01-16 20:31,구찌,N,Y,3,무이자,승인,N,쇼핑,오프라인 - 실물카드
8,20777,33413,2024-01-17 12:01,개인카페,Y,N,0,-,승인,N,식비,오프라인 - 삼성페이
8,20778,18291,2024-01-19 09:12,고급일식,Y,N,0,-,승인,N,식비,오프라인 - 삼성페이
8,20779,2541242,2024-01-19 19:19,백화점,N,Y,3,무이자,승인,N,쇼핑,오프라인 - 실물카드
8,20780,20716,2024-01-20 09:54,고급일식,Y,N,0,-,승인,N,식비,오프라인 - 실물카드
8,20781,29022,2024-01-21 12:51,고급일식,Y,N,0,-,승인,N,식비,오프라인 - 실물카드
8,20782,2366292,2024-01-21 15:14,구찌,N,Y,6,무이자,승인,N,쇼핑,오프라인 - 실물카드
8,20783,31192,2024-01-22 13:48,개인카페,Y,N,0,-,승인,N,식비,오프라인 - 실물카드
8,20784,28700,2024-01-23 14:32,브런치카페,Y,N,0,-,승인,N,식비,오프라인 - 실물카드
8,20785,33979,2024-01-25 13:08,개인카페,Y,N,0,-,승인,N,식비,오프라인 - 삼성페이
8,20786,1279946,2024-01-25 19:34,에르메스,N,Y,3,무이자,승인,N,쇼핑,오프라인 - 실물카드
8,20787,33643,2024-01-26 11:18,백화점 푸드코트,Y,N,0,-,승인,N,식비,오프라인 - 실물카드
8,20788,16756,2024-01-27 09:16,백화점 푸드코트,Y,N,0,-,승인,N,식비,오프라인 - 삼성페이
8,20789,3906380,2024-01-27 20:41,백화점,N,N,0,-,승인,N,쇼핑,오프라인 - 실물카드
8,20790,23347,2024-01-28 14:48,개인카페,Y,N,0,-,승인,N,식비,오프라인 - 실물카드
8,20791,33254,2024-01-29 08:02,브런치카페,Y,N,0,-,승인,N,식비,오프라인 - 실물카드
8,20792,31219,2024-01-31 11:54,브런치카페,Y,N,0,-,승인,N,식비,오프라인 - 실물카드
8,20793,19854,2024-02-01 08:07,고급일식,Y,N,0,-,승인,N,식비,오프라인 - 삼성페이
8,20794,3169293,2024-02-01 23:20,에르메스,N,Y,10,무이자,승인,N,쇼핑,오프라인 - 실물카드
8,20795,30891,2024-02-02 08:49,브런치카페,Y,N,0,-,승인,N,식비,오프라인 - 실물카드
8,20796,3540163,2024-02-03 21:05,에르메스,N,N,0,-,승인,N,쇼핑,오프라인 - 실물카드
8,20797,3874715,2024-02-04 22:33,구찌,N,Y,10,무이자,승인,N,쇼핑,오프라인 - 실물카드
8,20798,23231,2024-02-05 08:51,개인카페,Y,N,0,-,승인,N,식비,오프라인 - 실물카드
8,20799,1431107,2024-02-05 20:34,구찌,N,Y,6,무이자,승인,N,쇼핑,오프라인 - 실물카드
8,20800,19672,2024-02-06 10:31,개인카페,Y,N,0,-,승인,N,식비,오프라인 - 실물카드
8,20801,27953,2024-02-07 08:08,고급일식,Y,N,0,-,승인,N,식비,오프라인 - 실물카드
8,20802,17108,2024-02-08 12:41,백화점 푸드코트,Y,N,0,-,승인,N,식비,오프라인 - 실물카드
8,20803,20622,2024-02-10 11:12,고급일식,Y,N,0,-,승인,N,식비,오프라인 - 실물카드
8,20804,1696364,2024-02-11 18:59,구찌,N,N,0,-,승인,N,쇼핑,오프라인 - 실물카드
8,20805,23696,2024-02-12 11:09,고급일식,Y,N,0,-,승인,N,식비,오프라인 - 실물카드
8,20806,25869,2024-02-13 08:01,개인카페,Y,N,0,-,승인,N,식비,오프라인 - 삼성페이
8,20807,26479,2024-02-14 08:42,백화점 푸드코트,Y,N,0,-,승인,N,식비,오프라인 - 삼성페이
8,20808,1948429,2024-02-14 21:59,구찌,N,Y,3,무이자,승인,N,쇼핑,오프라인 - 실물카드
8,20809,17982,2024-02-15 12:17,브런치카페,Y,N,0,-,승인,N,식비,오프라인 - 실물카드
8,20810,1114578,2024-02-15 19:06,구찌,N,N,0,-,승인,N,쇼핑,오프라인 - 실물카드
8,20811,31475,2024-02-17 13:36,브런치카페,Y,N,0,-,승인,N,식비,오프라인 - 실물카드
8,20812,913023,2024-02-17 20:33,백화점,Y,N,0,-,승인,N,쇼핑,오프라인 - 실물카드
8,20813,20616,2024-02-18 12:59,개인카페,Y,N,0,-,승인,N,식비,오프라인 - 삼성페이
8,20814,1047729,2024-02-18 17:27,구찌,N,N,0,-,승인,N,쇼핑,오프라인 - 실물카드
8,20815,23179,2024-02-19 13:13,브런치카페,Y,N,0,-,승인,N,식비,오프라인 - 실물카드
8,20816,15211,2024-02-20 09:29,브런치카페,Y,N,0,-,승인,N,식비,오프라인 - 삼성페이
8,20817,19000,2024-02-21 11:21,백화점 푸드코트,Y,N,0,-,승인,N,식비,오프라인 - 실물카드
8,20818,25709,2024-02-22 10:46,브런치카페,Y,N,0,-,승인,N,식비,오프라인 - 삼성페이
8,20819,23123,2024-02-23 10:34,개인카페,Y,N,0,-,승인,N,식비,오프라인 - 삼성페이
8,20820,34166,2024-02-24 14:50,브런치카페,Y,N,0,-,승인,N,식비,오프라인 - 실물카드
8,20821,33801,2024-02-25 08:46,개인카페,Y,N,0,-,승인,N,식비,오프라인 - 삼성페이
8,20822,30837,2024-02-26 08:54,백화점 푸드코트,Y,N,0,-,승인,N,식비,오프라인 - 삼성페이
8,20823,2954432,2024-02-26 17:57,에르메스,N,N,0,-,승인,N,쇼핑,오프라인 - 실물카드
8,20824,32158,2024-02-27 08:15,고급일식,Y,N,0,-,승인,N,식비,오프라인 - 실물카드
8,20825,22658,2024-02-28 14:05,브런치카페,Y,N,0,-,승인,N,식비,오프라인 - 삼성페이
8,20826,1097612,2024-02-28 20:34,구찌,N,Y,10,무이자,승인,N,쇼핑,오프라인 - 실물카드
8,20827,16491,2024-02-29 14:59,개인카페,Y,N,0,-,승인,N,식비,오프라인 - 삼성페이
8,20828,2316912,2024-02-29 17:00,구찌,N,Y,10,무이자,승인,N,쇼핑,오프라인 - 실물카드
8,20829,32637,2024-03-01 08:23,개인카페,Y,N,0,-,승인,N,식비,오프라인 - 삼성페이
8,20830,1386706,2024-03-01 23:12,구찌,N,Y,6,무이자,승인,N,쇼핑,오프라인 - 실물카드
8,20831,16405,2024-03-02 09:33,고급일식,Y,N,0,-,승인,N,식비,오프라인 - 삼성페이
8,20832,3655604,2024-03-02 20:59,에르메스,N,Y,6,무이자,승인,N,쇼핑,오프라인 - 실물카드
8,20833,16133,2024-03-03 11:06,브런치카페,Y,N,0,-,승인,N,식비,오프라인 - 실물카드
8,20834,30050,2024-03-05 11:01,고급일식,Y,N,0,-,승인,N,식비,오프라인 - 실물카드
8,20835,30808,2024-03-06 13:33,백화점 푸드코트,Y,N,0,-,승인,N,식비,오프라인 - 실물카드
8,20836,17958,2024-03-07 13:57,고급일식,Y,N,0,-,승인,N,식비,오프라인 - 실물카드
8,20837,33054,2024-03-08 08:57,백화점 푸드코트,Y,N,0,-,승인,N,식비,오프라인 - 삼성페이
8,20838,3299769,2024-03-08 16:07,구찌,N,Y,6,무이자,승인,N,쇼핑,오프라인 - 실물카드
8,20839,28593,2024-03-09 08:35,고급일식,Y,N,0,-,승인,N,식비,오프라인 - 삼성페이
8,20840,1023905,2024-03-09 18:38,구찌,N,N,0,-,승인,N,쇼핑,오프라인 - 실물카드
8,20841,17897,2024-03-10 10:41,브런치카페,Y,N,0,-,승인,N,식비,오프라인 - 삼성페이
8,20842,15652,2024-03-12 14:44,고급일식,Y,N,0,-,승인,N,식비,오프라인 - 실물카드
8,20843,23187,2024-03-13 13:17,백화점 푸드코트,Y,N,0,-,승인,N,식비,오프라인 - 실물카드
8,20844,29032,2024-03-14 11:30,백화점 푸드코트,Y,N,0,-,승인,N,식비,오프라인 - 실물카드
8,20845,1603437,2024-03-14 16:23,구찌,N,N,0,-,승인,N,쇼핑,오프라인 - 실물카드
8,20846,22841,2024-03-15 10:43,고급일식,Y,N,0,-,승인,N,식비,오프라인 - 삼성페이
8,20847,20353,2024-03-16 13:18,백화점 푸드코트,Y,N,0,-,승인,N,식비,오프라인 - 삼성페이
8,20848,2876240,2024-03-16 18:07,백화점,N,N,0,-,승인,N,쇼핑,오프라인 - 실물카드
8,20849,27824,2024-03-17 08:45,백화점 푸드코트,Y,N,0,-,승인,N,식비,오프라인 - 실물카드
8,20850,34061,2024-03-18 12:09,개인카페,Y,N,0,-,승인,N,식비,오프라인 - 삼성페이
8,20851,16876,2024-03-19 11:23,브런치카페,Y,N,0,-,승인,N,식비,오프라인 - 실물카드
8,20852,28655,2024-03-20 08:59,고급일식,Y,N,0,-,승인,N,식비,오프라인 - 삼성페이
8,20853,16999,2024-03-21 08:58,개인카페,Y,N,0,-,승인,N,식비,오프라인 - 삼성페이
8,20854,24638,2024-03-22 10:16,브런치카페,Y,N,0,-,승인,N,식비,오프라인 - 실물카드
8,20855,2671463,2024-03-22 18:39,에르메스,N,N,0,-,승인,N,쇼핑,오프라인 - 실물카드
8,20856,33596,2024-03-24 13:46,브런치카페,Y,N,0,-,승인,N,식비,오프라인 - 실물카드
8,20857,33163,2024-03-25 11:07,개인카페,Y,N,0,-,승인,N,식비,오프라인 - 실물카드
8,20858,33399,2024-03-26 08:42,개인카페,Y,N,0,-,승인,N,식비,오프라인 - 실물카드
8,20859,27552,2024-03-27 09:31,브런치카페,Y,N,0,-,승인,N,식비,오프라인 - 실물카드
8,20860,568567,2024-03-27 19:28,에르메스,Y,Y,6,무이자,승인,N,쇼핑,오프라인 - 실물카드
8,20861,21262,2024-03-28 14:18,개인카페,Y,N,0,-,승인,N,식비,오프라인 - 삼성페이
8,20862,3208499,2024-03-28 22:15,구찌,N,Y,3,무이자,승인,N,쇼핑,오프라인 - 실물카드
8,20863,31751,2024-03-29 14:38,브런치카페,Y,N,0,-,승인,N,식비,오프라인 - 실물카드
8,20864,32305,2024-03-30 13:00,백화점 푸드코트,Y,N,0,-,승인,N,식비,오프라인 - 삼성페이
8,20865,20793,2024-03-31 12:05,개인카페,Y,N,0,-,승인,N,식비,오프라인 - 삼성페이
9,20866,85340,2024-01-03 18:50,이마트,Y,N,0,-,승인,N,육아/생활,오프라인 - 삼성페이
9,20867,10079,2024-01-04 11:53,사내식당,Y,N,0,-,승인,N,식비,오프라인 - 삼성페이
9,20868,13180,2024-01-06 11:38,투썸플레이스,Y,N,0,-,승인,N,식비,오프라인 - 삼성페이
9,20869,61060,2024-01-06 22:42,쿠팡,Y,N,0,-,승인,N,육아/생활,오프라인 - 삼성페이
9,20870,10301,2024-01-07 11:31,사내식당,Y,N,0,-,승인,N,식비,오프라인 - 실물카드
9,20871,65505,2024-01-07 17:56,쿠팡,Y,N,0,-,승인,N,육아/생활,오프라인 - 삼성페이
9,20872,13761,2024-01-08 14:29,스타벅스,Y,N,0,-,승인,N,식비,오프라인 - 삼성페이
9,20873,69376,2024-01-09 21:20,소아과,Y,N,0,-,승인,N,육아/생활,오프라인 - 삼성페이
9,20874,10495,2024-01-10 09:54,사내식당,Y,N,0,-,승인,N,식비,오프라인 - 실물카드
9,20875,88242,2024-01-10 17:18,소아과,Y,N,0,-,승인,N,육아/생활,오프라인 - 삼성페이
9,20876,12988,2024-01-11 12:57,일반식당,Y,N,0,-,승인,N,식비,오프라인 - 실물카드
9,20877,12675,2024-01-12 11:07,투썸플레이스,Y,N,0,-,승인,N,식비,오프라인 - 삼성페이
9,20878,9399,2024-01-13 14:49,사내식당,Y,N,0,-,승인,N,식비,오프라인 - 삼성페이
9,20879,101109,2024-01-13 23:57,쿠팡,Y,N,0,-,승인,N,육아/생활,오프라인 - 삼성페이
9,20880,13044,2024-01-14 09:18,스타벅스,Y,N,0,-,승인,N,식비,오프라인 - 실물카드
9,20881,30213,2024-01-14 23:15,쿠팡,Y,N,0,-,승인,N,육아/생활,오프라인 - 삼성페이
9,20882,9062,2024-01-15 13:12,사내식당,Y,N,0,-,승인,N,식비,오프라인 - 실물카드
9,20883,83662,2024-01-15 22:11,소아과,Y,N,0,-,승인,N,육아/생활,오프라인 - 삼성페이
9,20884,12553,2024-01-16 14:04,사내식당,Y,N,0,-,승인,N,식비,오프라인 - 삼성페이
9,20885,14237,2024-01-17 11:23,투썸플레이스,Y,N,0,-,승인,N,식비,오프라인 - 삼성페이
9,20886,72071,2024-01-17 21:00,쿠팡,Y,N,0,-,승인,N,육아/생활,오프라인 - 삼성페이
9,20887,10335,2024-01-18 12:16,일반식당,Y,N,0,-,승인,N,식비,오프라인 - 실물카드
9,20888,12469,2024-01-19 11:43,스타벅스,Y,N,0,-,승인,N,식비,오프라인 - 삼성페이
9,20889,9112,2024-01-21 10:44,사내식당,Y,N,0,-,승인,N,식비,오프라인 - 삼성페이
9,20890,100244,2024-01-22 22:48,소아과,Y,N,0,-,승인,N,육아/생활,오프라인 - 삼성페이
9,20891,14921,2024-01-24 08:51,투썸플레이스,Y,N,0,-,승인,N,식비,오프라인 - 실물카드
9,20892,13949,2024-01-25 12:05,투썸플레이스,Y,N,0,-,승인,N,식비,오프라인 - 실물카드
9,20893,101452,2024-01-25 16:38,소아과,Y,Y,6,무이자,승인,N,육아/생활,오프라인 - 삼성페이
9,20894,11148,2024-01-26 10:09,일반식당,Y,N,0,-,승인,N,식비,오프라인 - 삼성페이
9,20895,37704,2024-01-26 16:13,키즈카페,Y,N,0,-,승인,N,육아/생활,오프라인 - 삼성페이
9,20896,13109,2024-01-28 13:37,투썸플레이스,Y,N,0,-,승인,N,식비,오프라인 - 실물카드
9,20897,90616,2024-01-28 21:08,소아과,Y,N,0,-,승인,N,육아/생활,오프라인 - 삼성페이
9,20898,10205,2024-01-29 11:33,일반식당,Y,N,0,-,승인,N,식비,오프라인 - 삼성페이
9,20899,71652,2024-01-29 21:35,소아과,Y,N,0,-,승인,N,육아/생활,오프라인 - 삼성페이
9,20900,12889,2024-01-31 11:28,일반식당,Y,N,0,-,승인,N,식비,오프라인 - 실물카드
9,20901,14691,2024-02-02 09:04,투썸플레이스,Y,N,0,-,승인,N,식비,오프라인 - 실물카드
9,20902,67357,2024-02-02 20:00,소아과,Y,N,0,-,승인,N,육아/생활,오프라인 - 삼성페이
9,20903,14600,2024-02-03 11:21,투썸플레이스,Y,N,0,-,승인,N,식비,오프라인 - 삼성페이
9,20904,83282,2024-02-03 20:46,소아과,Y,N,0,-,승인,N,육아/생활,오프라인 - 삼성페이
9,20905,10363,2024-02-04 09:43,투썸플레이스,Y,N,0,-,승인,N,식비,오프라인 - 삼성페이
9,20906,69562,2024-02-05 17:07,키즈카페,Y,N,0,-,승인,N,육아/생활,오프라인 - 삼성페이
9,20907,12415,2024-02-06 10:33,일반식당,Y,N,0,-,승인,N,식비,오프라인 - 실물카드
9,20908,52535,2024-02-06 19:04,이마트,Y,N,0,-,승인,N,육아/생활,오프라인 - 삼성페이
9,20909,11594,2024-02-07 09:08,일반식당,Y,N,0,-,승인,N,식비,오프라인 - 삼성페이
9,20910,76289,2024-02-07 20:47,소아과,Y,N,0,-,승인,N,육아/생활,오프라인 - 삼성페이
9,20911,13691,2024-02-08 08:27,스타벅스,Y,N,0,-,승인,N,식비,오프라인 - 실물카드
9,20912,21440,2024-02-08 21:24,키즈카페,Y,N,0,-,승인,N,육아/생활,오프라인 - 삼성페이
9,20913,13831,2024-02-10 10:28,투썸플레이스,Y,N,0,-,승인,N,식비,오프라인 - 실물카드
9,20914,11749,2024-02-11 08:22,투썸플레이스,Y,N,0,-,승인,N,식비,오프라인 - 실물카드
9,20915,25511,2024-02-13 17:07,쿠팡,Y,N,0,-,승인,N,육아/생활,오프라인 - 삼성페이
9,20916,46486,2024-02-14 16:52,이마트,Y,N,0,-,승인,N,육아/생활,오프라인 - 삼성페이
9,20917,10031,2024-02-15 11:13,일반식당,Y,N,0,-,승인,N,식비,오프라인 - 삼성페이
9,20918,13659,2024-02-16 13:14,투썸플레이스,Y,N,0,-,승인,N,식비,오프라인 - 삼성페이
9,20919,10054,2024-02-17 13:51,일반식당,Y,N,0,-,승인,N,식비,오프라인 - 실물카드
9,20920,14272,2024-02-18 14:24,사내식당,Y,N,0,-,승인,N,식비,오프라인 - 삼성페이
9,20921,13146,2024-02-20 08:07,사내식당,Y,N,0,-,승인,N,식비,오프라인 - 실물카드
9,20922,57975,2024-02-20 23:53,소아과,Y,N,0,-,승인,N,육아/생활,오프라인 - 삼성페이
9,20923,13350,2024-02-22 13:00,사내식당,Y,N,0,-,승인,N,식비,오프라인 - 삼성페이
9,20924,89793,2024-02-22 19:26,이마트,Y,N,0,-,승인,N,육아/생활,오프라인 - 삼성페이
9,20925,86414,2024-02-23 18:26,쿠팡,Y,N,0,-,승인,N,육아/생활,오프라인 - 삼성페이
9,20926,14010,2024-02-24 08:28,사내식당,Y,N,0,-,승인,N,식비,오프라인 - 실물카드
9,20927,14040,2024-02-25 10:41,사내식당,Y,N,0,-,승인,N,식비,오프라인 - 실물카드
9,20928,13331,2024-02-27 14:19,일반식당,Y,N,0,-,승인,N,식비,오프라인 - 삼성페이
9,20929,13173,2024-02-28 10:54,일반식당,Y,N,0,-,승인,N,식비,오프라인 - 실물카드
9,20930,9168,2024-02-29 10:47,사내식당,Y,N,0,-,승인,N,식비,오프라인 - 삼성페이
9,20931,10256,2024-03-01 12:08,투썸플레이스,Y,N,0,-,승인,N,식비,오프라인 - 삼성페이
9,20932,69342,2024-03-02 20:21,소아과,Y,N,0,-,승인,N,육아/생활,오프라인 - 삼성페이
9,20933,14382,2024-03-04 09:06,사내식당,Y,N,0,-,승인,N,식비,오프라인 - 실물카드
9,20934,25935,2024-03-04 23:59,소아과,Y,N,0,-,승인,N,육아/생활,오프라인 - 삼성페이
9,20935,14009,2024-03-05 08:31,사내식당,Y,N,0,-,승인,N,식비,오프라인 - 삼성페이
9,20936,14588,2024-03-06 13:57,스타벅스,Y,N,0,-,승인,N,식비,오프라인 - 실물카드
9,20937,110913,2024-03-06 18:39,소아과,Y,N,0,-,승인,N,육아/생활,오프라인 - 삼성페이
9,20938,116965,2024-03-07 18:38,소아과,Y,Y,10,무이자,승인,N,육아/생활,오프라인 - 삼성페이
9,20939,10146,2024-03-08 08:01,일반식당,Y,N,0,-,승인,N,식비,오프라인 - 실물카드
9,20940,70913,2024-03-08 15:53,키즈카페,Y,N,0,-,승인,N,육아/생활,오프라인 - 삼성페이
9,20941,10423,2024-03-09 09:07,사내식당,Y,N,0,-,승인,N,식비,오프라인 - 실물카드
9,20942,14395,2024-03-10 11:43,일반식당,Y,N,0,-,승인,N,식비,오프라인 - 실물카드
9,20943,14345,2024-03-11 09:37,사내식당,Y,N,0,-,승인,N,식비,오프라인 - 삼성페이
9,20944,79016,2024-03-11 22:59,이마트,Y,N,0,-,승인,N,육아/생활,오프라인 - 삼성페이
9,20945,11909,2024-03-12 09:04,투썸플레이스,Y,N,0,-,승인,N,식비,오프라인 - 실물카드
9,20946,14655,2024-03-13 11:17,투썸플레이스,Y,N,0,-,승인,N,식비,오프라인 - 실물카드
9,20947,12257,2024-03-14 12:00,투썸플레이스,Y,N,0,-,승인,N,식비,오프라인 - 삼성페이
9,20948,13898,2024-03-15 10:37,스타벅스,Y,N,0,-,승인,N,식비,오프라인 - 실물카드
9,20949,9757,2024-03-16 08:17,스타벅스,Y,N,0,-,승인,N,식비,오프라인 - 삼성페이
9,20950,112107,2024-03-16 15:24,쿠팡,Y,N,0,-,승인,N,육아/생활,오프라인 - 삼성페이
9,20951,10137,2024-03-17 09:45,일반식당,Y,N,0,-,승인,N,식비,오프라인 - 삼성페이
9,20952,118795,2024-03-18 23:19,키즈카페,Y,Y,10,무이자,승인,N,육아/생활,오프라인 - 삼성페이
9,20953,10382,2024-03-20 11:52,사내식당,Y,N,0,-,승인,N,식비,오프라인 - 삼성페이
9,20954,12335,2024-03-21 13:43,스타벅스,Y,N,0,-,승인,N,식비,오프라인 - 실물카드
9,20955,80030,2024-03-21 17:03,쿠팡,Y,N,0,-,승인,N,육아/생활,오프라인 - 삼성페이
9,20956,10246,2024-03-22 08:03,투썸플레이스,Y,N,0,-,승인,N,식비,오프라인 - 삼성페이
9,20957,9425,2024-03-23 10:43,사내식당,Y,N,0,-,승인,N,식비,오프라인 - 실물카드
9,20958,13289,2024-03-24 12:20,투썸플레이스,Y,N,0,-,승인,N,식비,오프라인 - 삼성페이
9,20959,10998,2024-03-26 12:12,사내식당,Y,N,0,-,승인,N,식비,오프라인 - 실물카드
9,20960,13444,2024-03-27 13:41,투썸플레이스,Y,N,0,-,승인,N,식비,오프라인 - 삼성페이
9,20961,12450,2024-03-28 14:06,일반식당,Y,N,0,-,승인,N,식비,오프라인 - 실물카드
9,20962,84802,2024-03-29 19:52,쿠팡,Y,N,0,-,승인,N,육아/생활,오프라인 - 삼성페이
9,20963,13373,2024-03-30 09:38,사내식당,Y,N,0,-,승인,N,식비,오프라인 - 실물카드
9,20964,35287,2024-03-30 20:24,쿠팡,Y,N,0,-,승인,N,육아/생활,오프라인 - 삼성페이
9,20965,13427,2024-03-31 09:26,투썸플레이스,Y,N,0,-,승인,N,식비,오프라인 - 삼성페이
10,20966,11869,2024-01-01 12:21,일반식당,Y,N,0,-,승인,N,식비,오프라인 - 삼성페이
10,20967,9598,2024-01-02 11:18,일반식당,Y,N,0,-,승인,N,식비,오프라인 - 실물카드
10,20968,98047,2024-01-02 16:19,면세점/여행용품,Y,N,0,-,승인,N,여행,오프라인 - 실물카드
10,20969,11477,2024-01-03 12:46,스타벅스,Y,N,0,-,승인,N,식비,오프라인 - 실물카드
10,20970,129834,2024-01-03 23:24,면세점/여행용품,Y,N,0,-,승인,N,여행,오프라인 - 실물카드
10,20971,10771,2024-01-04 14:30,사내식당,Y,N,0,-,승인,N,식비,오프라인 - 삼성페이
10,20972,1491742,2024-01-04 23:56,Airbnb / Airline,N,N,0,-,승인,Y,여행,오프라인 - 실물카드
10,20973,12156,2024-01-05 09:49,투썸플레이스,Y,N,0,-,승인,N,식비,오프라인 - 실물카드
10,20974,9828,2024-01-06 09:04,일반식당,Y,N,0,-,승인,N,식비,오프라인 - 실물카드
10,20975,13850,2024-01-07 14:50,스타벅스,Y,N,0,-,승인,N,식비,오프라인 - 실물카드
10,20976,1187966,2024-01-07 22:15,Airbnb / Airline,N,N,0,-,승인,Y,여행,오프라인 - 실물카드
10,20977,12806,2024-01-08 11:09,일반식당,Y,N,0,-,승인,N,식비,오프라인 - 삼성페이
10,20978,13321,2024-01-10 09:29,사내식당,Y,N,0,-,승인,N,식비,오프라인 - 삼성페이
10,20979,10443,2024-01-11 09:51,투썸플레이스,Y,N,0,-,승인,N,식비,오프라인 - 삼성페이
10,20980,146633,2024-01-12 18:32,면세점/여행용품,Y,N,0,-,승인,N,여행,오프라인 - 실물카드
10,20981,11359,2024-01-13 12:12,사내식당,Y,N,0,-,승인,N,식비,오프라인 - 삼성페이
10,20982,11664,2024-01-14 10:08,사내식당,Y,N,0,-,승인,N,식비,오프라인 - 실물카드
10,20983,10236,2024-01-16 11:21,사내식당,Y,N,0,-,승인,N,식비,오프라인 - 삼성페이
10,20984,13111,2024-01-17 11:35,스타벅스,Y,N,0,-,승인,N,식비,오프라인 - 삼성페이
10,20985,10455,2024-01-20 08:27,스타벅스,Y,N,0,-,승인,N,식비,오프라인 - 실물카드
10,20986,71520,2024-01-21 20:17,면세점/여행용품,Y,N,0,-,승인,N,여행,오프라인 - 실물카드
10,20987,12555,2024-01-23 11:44,일반식당,Y,N,0,-,승인,N,식비,오프라인 - 실물카드
10,20988,10507,2024-01-24 13:10,투썸플레이스,Y,N,0,-,승인,N,식비,오프라인 - 실물카드
10,20989,13549,2024-01-25 09:05,스타벅스,Y,N,0,-,승인,N,식비,오프라인 - 실물카드
10,20990,62838,2024-01-25 15:05,면세점/여행용품,Y,N,0,-,승인,N,여행,오프라인 - 실물카드
10,20991,13551,2024-01-26 08:45,사내식당,Y,N,0,-,승인,N,식비,오프라인 - 삼성페이
10,20992,10492,2024-01-27 12:33,투썸플레이스,Y,N,0,-,승인,N,식비,오프라인 - 실물카드
10,20993,13510,2024-01-28 14:50,사내식당,Y,N,0,-,승인,N,식비,오프라인 - 실물카드
10,20994,62984,2024-01-28 15:10,면세점/여행용품,Y,N,0,-,승인,N,여행,오프라인 - 실물카드
10,20995,12829,2024-01-30 12:41,투썸플레이스,Y,N,0,-,승인,N,식비,오프라인 - 실물카드
10,20996,11577,2024-01-31 08:45,스타벅스,Y,N,0,-,승인,N,식비,오프라인 - 실물카드
10,20997,11402,2024-02-01 13:43,투썸플레이스,Y,N,0,-,승인,N,식비,오프라인 - 삼성페이
10,20998,10210,2024-02-02 13:28,투썸플레이스,Y,N,0,-,승인,N,식비,오프라인 - 실물카드
10,20999,10529,2024-02-03 11:16,투썸플레이스,Y,N,0,-,승인,N,식비,오프라인 - 실물카드
10,21000,137135,2024-02-03 15:51,면세점/여행용품,Y,Y,10,무이자,승인,N,여행,오프라인 - 실물카드
10,21001,13468,2024-02-04 11:24,사내식당,Y,N,0,-,승인,N,식비,오프라인 - 실물카드
10,21002,392530,2024-02-04 15:11,Airbnb / Airline,Y,Y,6,무이자,승인,Y,여행,오프라인 - 실물카드
10,21003,13346,2024-02-05 13:40,스타벅스,Y,N,0,-,승인,N,식비,오프라인 - 삼성페이
10,21004,14824,2024-02-07 11:52,스타벅스,Y,N,0,-,승인,N,식비,오프라인 - 실물카드
10,21005,129862,2024-02-07 22:44,면세점/여행용품,Y,Y,3,무이자,승인,N,여행,오프라인 - 실물카드
10,21006,14545,2024-02-08 09:43,사내식당,Y,N,0,-,승인,N,식비,오프라인 - 실물카드
10,21007,9206,2024-02-09 10:10,투썸플레이스,Y,N,0,-,승인,N,식비,오프라인 - 삼성페이
10,21008,10160,2024-02-11 08:14,투썸플레이스,Y,N,0,-,승인,N,식비,오프라인 - 실물카드
10,21009,12239,2024-02-12 09:57,일반식당,Y,N,0,-,승인,N,식비,오프라인 - 실물카드
10,21010,11077,2024-02-13 12:04,투썸플레이스,Y,N,0,-,승인,N,식비,오프라인 - 실물카드
10,21011,9225,2024-02-14 09:57,스타벅스,Y,N,0,-,승인,N,식비,오프라인 - 삼성페이
10,21012,14400,2024-02-15 09:55,사내식당,Y,N,0,-,승인,N,식비,오프라인 - 실물카드
10,21013,649475,2024-02-16 18:13,Airbnb / Airline,Y,Y,3,무이자,승인,Y,여행,오프라인 - 실물카드
10,21014,13111,2024-02-18 08:19,사내식당,Y,N,0,-,승인,N,식비,오프라인 - 실물카드
10,21015,9678,2024-02-19 13:45,사내식당,Y,N,0,-,승인,N,식비,오프라인 - 실물카드
10,21016,112289,2024-02-19 20:11,면세점/여행용품,Y,N,0,-,승인,N,여행,오프라인 - 실물카드
10,21017,10661,2024-02-20 11:40,투썸플레이스,Y,N,0,-,승인,N,식비,오프라인 - 실물카드
10,21018,145979,2024-02-21 18:26,면세점/여행용품,Y,Y,6,무이자,승인,N,여행,오프라인 - 실물카드
10,21019,13680,2024-02-22 12:53,일반식당,Y,N,0,-,승인,N,식비,오프라인 - 실물카드
10,21020,1298011,2024-02-22 23:18,Airbnb / Airline,N,Y,6,무이자,승인,Y,여행,오프라인 - 실물카드
10,21021,13705,2024-02-24 11:43,일반식당,Y,N,0,-,승인,N,식비,오프라인 - 삼성페이
10,21022,13306,2024-02-25 09:08,투썸플레이스,Y,N,0,-,승인,N,식비,오프라인 - 삼성페이
10,21023,9138,2024-02-26 08:41,일반식당,Y,N,0,-,승인,N,식비,오프라인 - 실물카드
10,21024,14898,2024-02-28 11:14,일반식당,Y,N,0,-,승인,N,식비,오프라인 - 실물카드
10,21025,10503,2024-03-02 11:20,스타벅스,Y,N,0,-,승인,N,식비,오프라인 - 삼성페이
10,21026,1018037,2024-03-02 18:26,Airbnb / Airline,N,N,0,-,승인,Y,여행,오프라인 - 실물카드
10,21027,11145,2024-03-03 10:48,사내식당,Y,N,0,-,승인,N,식비,오프라인 - 삼성페이
10,21028,9355,2024-03-04 08:05,스타벅스,Y,N,0,-,승인,N,식비,오프라인 - 삼성페이
10,21029,10473,2024-03-05 12:40,일반식당,Y,N,0,-,승인,N,식비,오프라인 - 실물카드
10,21030,13658,2024-03-06 08:00,사내식당,Y,N,0,-,승인,N,식비,오프라인 - 삼성페이
10,21031,9583,2024-03-07 11:30,스타벅스,Y,N,0,-,승인,N,식비,오프라인 - 실물카드
10,21032,11612,2024-03-08 14:07,스타벅스,Y,N,0,-,승인,N,식비,오프라인 - 삼성페이
10,21033,53490,2024-03-08 22:12,면세점/여행용품,Y,N,0,-,승인,N,여행,오프라인 - 실물카드
10,21034,9914,2024-03-09 11:01,스타벅스,Y,N,0,-,승인,N,식비,오프라인 - 삼성페이
10,21035,130568,2024-03-09 18:08,면세점/여행용품,Y,Y,3,무이자,승인,N,여행,오프라인 - 실물카드
10,21036,10409,2024-03-10 12:39,사내식당,Y,N,0,-,승인,N,식비,오프라인 - 삼성페이
10,21037,13333,2024-03-11 09:14,일반식당,Y,N,0,-,승인,N,식비,오프라인 - 삼성페이
10,21038,70859,2024-03-11 23:59,면세점/여행용품,Y,N,0,-,승인,N,여행,오프라인 - 실물카드
10,21039,14430,2024-03-12 13:42,스타벅스,Y,N,0,-,승인,N,식비,오프라인 - 삼성페이
10,21040,148066,2024-03-12 20:58,면세점/여행용품,Y,N,0,-,승인,N,여행,오프라인 - 실물카드
10,21041,9949,2024-03-13 09:08,사내식당,Y,N,0,-,승인,N,식비,오프라인 - 실물카드
10,21042,10602,2024-03-14 13:15,일반식당,Y,N,0,-,승인,N,식비,오프라인 - 삼성페이
10,21043,75315,2024-03-14 23:57,면세점/여행용품,Y,N,0,-,승인,N,여행,오프라인 - 실물카드
10,21044,10090,2024-03-15 09:45,스타벅스,Y,N,0,-,승인,N,식비,오프라인 - 삼성페이
10,21045,14379,2024-03-16 09:26,사내식당,Y,N,0,-,승인,N,식비,오프라인 - 실물카드
10,21046,13187,2024-03-17 13:39,일반식당,Y,N,0,-,승인,N,식비,오프라인 - 삼성페이
10,21047,13117,2024-03-18 13:45,사내식당,Y,N,0,-,승인,N,식비,오프라인 - 실물카드
10,21048,11046,2024-03-19 13:21,사내식당,Y,N,0,-,승인,N,식비,오프라인 - 실물카드
10,21049,122433,2024-03-19 23:21,면세점/여행용품,Y,N,0,-,승인,N,여행,오프라인 - 실물카드
10,21050,13148,2024-03-20 08:57,투썸플레이스,Y,N,0,-,승인,N,식비,오프라인 - 삼성페이
10,21051,13802,2024-03-21 13:59,일반식당,Y,N,0,-,승인,N,식비,오프라인 - 실물카드
10,21052,10563,2024-03-22 14:15,일반식당,Y,N,0,-,승인,N,식비,오프라인 - 삼성페이
10,21053,12905,2024-03-23 12:45,일반식당,Y,N,0,-,승인,N,식비,오프라인 - 삼성페이
10,21054,13975,2024-03-24 11:59,스타벅스,Y,N,0,-,승인,N,식비,오프라인 - 실물카드
10,21055,145045,2024-03-24 18:30,면세점/여행용품,Y,N,0,-,승인,N,여행,오프라인 - 실물카드
10,21056,10336,2024-03-25 13:50,투썸플레이스,Y,N,0,-,승인,N,식비,오프라인 - 실물카드
10,21057,131399,2024-03-25 23:28,면세점/여행용품,Y,N,0,-,승인,N,여행,오프라인 - 실물카드
10,21058,10960,2024-03-26 10:54,스타벅스,Y,N,0,-,승인,N,식비,오프라인 - 실물카드
10,21059,13775,2024-03-28 08:59,투썸플레이스,Y,N,0,-,승인,N,식비,오프라인 - 삼성페이
10,21060,12515,2024-03-30 08:25,사내식당,Y,N,0,-,승인,N,식비,오프라인 - 삼성페이
10,21061,12338,2024-03-31 14:33,사내식당,Y,N,0,-,승인,N,식비,오프라인 - 실물카드
11,21062,14921,2024-01-02 10:45,스타벅스,Y,N,0,-,승인,N,식비,오프라인 - 실물카드
11,21063,11776,2024-01-03 08:12,스타벅스,Y,N,0,-,승인,N,식비,오프라인 - 삼성페이
11,21064,10271,2024-01-04 11:31,일반식당,Y,N,0,-,승인,N,식비,오프라인 - 삼성페이
11,21065,14942,2024-01-05 11:31,스타벅스,Y,N,0,-,승인,N,식비,오프라인 - 삼성페이
11,21066,5891,2024-01-05 20:56,마트/편의점,Y,N,0,-,승인,N,생활,오프라인 - 삼성페이
11,21067,13686,2024-01-07 12:09,일반식당,Y,N,0,-,승인,N,식비,오프라인 - 실물카드
11,21068,10720,2024-01-08 13:41,사내식당,Y,N,0,-,승인,N,식비,오프라인 - 실물카드
11,21069,10808,2024-01-09 11:01,투썸플레이스,Y,N,0,-,승인,N,식비,오프라인 - 실물카드
11,21070,12491,2024-01-10 11:40,스타벅스,Y,N,0,-,승인,N,식비,오프라인 - 실물카드
11,21071,14290,2024-01-11 10:35,사내식당,Y,N,0,-,승인,N,식비,오프라인 - 삼성페이
11,21072,13694,2024-01-12 10:48,사내식당,Y,N,0,-,승인,N,식비,오프라인 - 삼성페이
11,21073,25551,2024-01-13 20:33,마트/편의점,Y,N,0,-,승인,N,생활,오프라인 - 삼성페이
11,21074,14805,2024-01-14 12:04,일반식당,Y,N,0,-,승인,N,식비,오프라인 - 실물카드
11,21075,13664,2024-01-15 08:30,스타벅스,Y,N,0,-,승인,N,식비,오프라인 - 삼성페이
11,21076,13058,2024-01-15 19:39,마트/편의점,Y,N,0,-,승인,N,생활,오프라인 - 삼성페이
11,21077,11555,2024-01-17 10:48,스타벅스,Y,N,0,-,승인,N,식비,오프라인 - 실물카드
11,21078,12422,2024-01-19 13:06,투썸플레이스,Y,N,0,-,승인,N,식비,오프라인 - 삼성페이
11,21079,11523,2024-01-21 13:21,투썸플레이스,Y,N,0,-,승인,N,식비,오프라인 - 삼성페이
11,21080,10963,2024-01-23 10:56,사내식당,Y,N,0,-,승인,N,식비,오프라인 - 삼성페이
11,21081,9654,2024-01-24 10:07,투썸플레이스,Y,N,0,-,승인,N,식비,오프라인 - 삼성페이
11,21082,14648,2024-01-25 09:23,일반식당,Y,N,0,-,승인,N,식비,오프라인 - 삼성페이
11,21083,9414,2024-01-25 23:41,마트/편의점,Y,N,0,-,승인,N,생활,오프라인 - 삼성페이
11,21084,10181,2024-01-26 12:00,사내식당,Y,N,0,-,승인,N,식비,오프라인 - 삼성페이
11,21085,12220,2024-01-27 12:13,일반식당,Y,N,0,-,승인,N,식비,오프라인 - 삼성페이
11,21086,14959,2024-01-28 14:59,사내식당,Y,N,0,-,승인,N,식비,오프라인 - 실물카드
11,21087,19068,2024-01-28 23:45,마트/편의점,Y,N,0,-,승인,N,생활,오프라인 - 삼성페이
11,21088,11108,2024-01-29 14:15,스타벅스,Y,N,0,-,승인,N,식비,오프라인 - 실물카드
11,21089,12547,2024-01-29 19:10,마트/편의점,Y,N,0,-,승인,N,생활,오프라인 - 삼성페이
11,21090,10221,2024-01-30 11:37,스타벅스,Y,N,0,-,승인,N,식비,오프라인 - 삼성페이
11,21091,12352,2024-01-31 14:50,투썸플레이스,Y,N,0,-,승인,N,식비,오프라인 - 실물카드
11,21092,6439,2024-01-31 15:35,마트/편의점,Y,N,0,-,승인,N,생활,오프라인 - 삼성페이
11,21093,13449,2024-02-01 10:21,스타벅스,Y,N,0,-,승인,N,식비,오프라인 - 삼성페이
11,21094,12134,2024-02-02 14:07,일반식당,Y,N,0,-,승인,N,식비,오프라인 - 삼성페이
11,21095,12667,2024-02-03 14:09,사내식당,Y,N,0,-,승인,N,식비,오프라인 - 실물카드
11,21096,10859,2024-02-03 20:37,마트/편의점,Y,N,0,-,승인,N,생활,오프라인 - 삼성페이
11,21097,11119,2024-02-04 13:13,사내식당,Y,N,0,-,승인,N,식비,오프라인 - 실물카드
11,21098,16523,2024-02-04 16:38,마트/편의점,Y,N,0,-,승인,N,생활,오프라인 - 카카오페이
11,21099,13253,2024-02-05 09:20,스타벅스,Y,N,0,-,승인,N,식비,오프라인 - 실물카드
11,21100,6875,2024-02-05 16:24,마트/편의점,Y,N,0,-,승인,N,생활,오프라인 - 삼성페이
11,21101,10348,2024-02-06 11:29,사내식당,Y,N,0,-,승인,N,식비,오프라인 - 삼성페이
11,21102,22439,2024-02-06 22:27,마트/편의점,Y,N,0,-,승인,N,생활,오프라인 - 삼성페이
11,21103,12486,2024-02-07 13:50,투썸플레이스,Y,N,0,-,승인,N,식비,오프라인 - 삼성페이
11,21104,9587,2024-02-08 14:39,스타벅스,Y,N,0,-,승인,N,식비,오프라인 - 삼성페이
11,21105,9856,2024-02-10 14:08,스타벅스,Y,N,0,-,승인,N,식비,오프라인 - 삼성페이
11,21106,26064,2024-02-10 16:35,마트/편의점,Y,N,0,-,승인,N,생활,오프라인 - 삼성페이
11,21107,20681,2024-02-11 23:23,마트/편의점,Y,N,0,-,승인,N,생활,오프라인 - 카카오페이
11,21108,14707,2024-02-12 09:21,사내식당,Y,N,0,-,승인,N,식비,오프라인 - 실물카드
11,21109,23327,2024-02-13 22:03,마트/편의점,Y,N,0,-,승인,N,생활,오프라인 - 삼성페이
11,21110,20354,2024-02-14 20:09,마트/편의점,Y,N,0,-,승인,N,생활,오프라인 - 삼성페이
11,21111,10761,2024-02-15 08:36,투썸플레이스,Y,N,0,-,승인,N,식비,오프라인 - 삼성페이
11,21112,13036,2024-02-16 10:50,투썸플레이스,Y,N,0,-,승인,N,식비,오프라인 - 삼성페이
11,21113,10219,2024-02-17 09:58,투썸플레이스,Y,N,0,-,승인,N,식비,오프라인 - 실물카드
11,21114,7771,2024-02-17 18:49,마트/편의점,Y,N,0,-,승인,N,생활,오프라인 - 카카오페이
11,21115,14020,2024-02-20 13:12,스타벅스,Y,N,0,-,승인,N,식비,오프라인 - 실물카드
11,21116,12901,2024-02-20 16:19,마트/편의점,Y,N,0,-,승인,N,생활,오프라인 - 카카오페이
11,21117,9082,2024-02-21 13:15,사내식당,Y,N,0,-,승인,N,식비,오프라인 - 실물카드
11,21118,7261,2024-02-22 19:13,마트/편의점,Y,N,0,-,승인,N,생활,오프라인 - 삼성페이
11,21119,12799,2024-02-23 08:13,스타벅스,Y,N,0,-,승인,N,식비,오프라인 - 삼성페이
11,21120,10923,2024-02-24 10:44,투썸플레이스,Y,N,0,-,승인,N,식비,오프라인 - 삼성페이
11,21121,23153,2024-02-24 23:26,마트/편의점,Y,N,0,-,승인,N,생활,오프라인 - 삼성페이
11,21122,12064,2024-02-25 08:49,일반식당,Y,N,0,-,승인,N,식비,오프라인 - 실물카드
11,21123,5403,2024-02-25 19:01,마트/편의점,Y,N,0,-,승인,N,생활,오프라인 - 삼성페이
11,21124,10932,2024-02-26 12:17,일반식당,Y,N,0,-,승인,N,식비,오프라인 - 실물카드
11,21125,12823,2024-02-28 12:33,스타벅스,Y,N,0,-,승인,N,식비,오프라인 - 삼성페이
11,21126,8908,2024-02-28 18:30,마트/편의점,Y,N,0,-,승인,N,생활,오프라인 - 삼성페이
11,21127,13450,2024-02-29 08:49,일반식당,Y,N,0,-,승인,N,식비,오프라인 - 삼성페이
11,21128,10857,2024-03-01 09:40,스타벅스,Y,N,0,-,승인,N,식비,오프라인 - 실물카드
11,21129,12049,2024-03-02 10:16,사내식당,Y,N,0,-,승인,N,식비,오프라인 - 실물카드
11,21130,15471,2024-03-02 21:30,마트/편의점,Y,N,0,-,승인,N,생활,오프라인 - 삼성페이
11,21131,13648,2024-03-03 09:25,스타벅스,Y,N,0,-,승인,N,식비,오프라인 - 실물카드
11,21132,13338,2024-03-04 10:22,사내식당,Y,N,0,-,승인,N,식비,오프라인 - 실물카드
11,21133,13216,2024-03-04 20:26,마트/편의점,Y,N,0,-,승인,N,생활,오프라인 - 카카오페이
11,21134,10723,2024-03-05 08:01,일반식당,Y,N,0,-,승인,N,식비,오프라인 - 삼성페이
11,21135,10634,2024-03-06 08:41,일반식당,Y,N,0,-,승인,N,식비,오프라인 - 삼성페이
11,21136,15277,2024-03-06 16:34,마트/편의점,Y,N,0,-,승인,N,생활,오프라인 - 삼성페이
11,21137,9545,2024-03-07 14:11,일반식당,Y,N,0,-,승인,N,식비,오프라인 - 삼성페이
11,21138,28632,2024-03-08 22:57,마트/편의점,Y,N,0,-,승인,N,생활,오프라인 - 삼성페이
11,21139,10147,2024-03-09 08:34,투썸플레이스,Y,N,0,-,승인,N,식비,오프라인 - 실물카드
11,21140,10785,2024-03-10 08:38,사내식당,Y,N,0,-,승인,N,식비,오프라인 - 삼성페이
11,21141,11842,2024-03-11 13:51,사내식당,Y,N,0,-,승인,N,식비,오프라인 - 실물카드
11,21142,14350,2024-03-12 14:21,일반식당,Y,N,0,-,승인,N,식비,오프라인 - 실물카드
11,21143,9281,2024-03-13 10:43,스타벅스,Y,N,0,-,승인,N,식비,오프라인 - 실물카드
11,21144,18477,2024-03-13 22:08,마트/편의점,Y,N,0,-,승인,N,생활,오프라인 - 카카오페이
11,21145,10098,2024-03-14 14:26,일반식당,Y,N,0,-,승인,N,식비,오프라인 - 실물카드
11,21146,11872,2024-03-15 09:19,스타벅스,Y,N,0,-,승인,N,식비,오프라인 - 실물카드
11,21147,10893,2024-03-16 13:08,사내식당,Y,N,0,-,승인,N,식비,오프라인 - 삼성페이
11,21148,12375,2024-03-17 13:58,일반식당,Y,N,0,-,승인,N,식비,오프라인 - 삼성페이
11,21149,21101,2024-03-18 22:30,마트/편의점,Y,N,0,-,승인,N,생활,오프라인 - 카카오페이
11,21150,9761,2024-03-19 13:48,사내식당,Y,N,0,-,승인,N,식비,오프라인 - 실물카드
11,21151,25629,2024-03-19 23:55,마트/편의점,Y,N,0,-,승인,N,생활,오프라인 - 삼성페이
11,21152,12371,2024-03-20 13:35,일반식당,Y,N,0,-,승인,N,식비,오프라인 - 삼성페이
11,21153,9444,2024-03-21 08:24,스타벅스,Y,N,0,-,승인,N,식비,오프라인 - 삼성페이
11,21154,11752,2024-03-22 11:09,투썸플레이스,Y,N,0,-,승인,N,식비,오프라인 - 실물카드
11,21155,29589,2024-03-23 19:06,마트/편의점,Y,N,0,-,승인,N,생활,오프라인 - 카카오페이
11,21156,10601,2024-03-24 13:38,사내식당,Y,N,0,-,승인,N,식비,오프라인 - 실물카드
11,21157,20990,2024-03-25 17:11,마트/편의점,Y,N,0,-,승인,N,생활,오프라인 - 카카오페이
11,21158,9122,2024-03-26 09:33,스타벅스,Y,N,0,-,승인,N,식비,오프라인 - 실물카드
11,21159,9544,2024-03-28 12:52,스타벅스,Y,N,0,-,승인,N,식비,오프라인 - 삼성페이
11,21160,7105,2024-03-28 17:12,마트/편의점,Y,N,0,-,승인,N,생활,오프라인 - 삼성페이
11,21161,13953,2024-03-29 09:41,일반식당,Y,N,0,-,승인,N,식비,오프라인 - 실물카드
11,21162,11896,2024-03-30 08:58,스타벅스,Y,N,0,-,승인,N,식비,오프라인 - 삼성페이
11,21163,22420,2024-03-30 19:14,마트/편의점,Y,N,0,-,승인,N,생활,오프라인 - 삼성페이
11,21164,14070,2024-03-31 11:10,투썸플레이스,Y,N,0,-,승인,N,식비,오프라인 - 삼성페이
11,21165,18510,2024-03-31 19:03,마트/편의점,Y,N,0,-,승인,N,생활,오프라인 - 카카오페이
12,21166,11381,2024-01-01 08:56,투썸플레이스,Y,N,0,-,승인,N,식비,오프라인 - 실물카드
12,21167,10569,2024-01-04 08:45,일반식당,Y,N,0,-,승인,N,식비,오프라인 - 삼성페이
12,21168,20869,2024-01-04 20:15,야근식대,Y,N,0,-,승인,N,교통/식비,오프라인 - 앱카드
12,21169,9594,2024-01-05 08:13,사내식당,Y,N,0,-,승인,N,식비,오프라인 - 삼성페이
12,21170,12732,2024-01-05 16:56,카카오T(택시),Y,N,0,-,승인,N,교통/식비,오프라인 - 앱카드
12,21171,14331,2024-01-06 14:24,일반식당,Y,N,0,-,승인,N,식비,오프라인 - 실물카드
12,21172,16634,2024-01-06 16:00,카카오T(택시),Y,N,0,-,승인,N,교통/식비,오프라인 - 앱카드
12,21173,14016,2024-01-07 14:46,투썸플레이스,Y,N,0,-,승인,N,식비,오프라인 - 실물카드
12,21174,14239,2024-01-08 12:55,투썸플레이스,Y,N,0,-,승인,N,식비,오프라인 - 실물카드
12,21175,20056,2024-01-08 23:54,야근식대,Y,N,0,-,승인,N,교통/식비,오프라인 - 앱카드
12,21176,13421,2024-01-10 10:58,스타벅스,Y,N,0,-,승인,N,식비,오프라인 - 실물카드
12,21177,9942,2024-01-11 13:47,스타벅스,Y,N,0,-,승인,N,식비,오프라인 - 실물카드
12,21178,12611,2024-01-12 11:44,사내식당,Y,N,0,-,승인,N,식비,오프라인 - 실물카드
12,21179,14974,2024-01-14 13:32,투썸플레이스,Y,N,0,-,승인,N,식비,오프라인 - 실물카드
12,21180,10983,2024-01-15 12:46,사내식당,Y,N,0,-,승인,N,식비,오프라인 - 실물카드
12,21181,23339,2024-01-15 20:11,카카오T(택시),Y,N,0,-,승인,N,교통/식비,오프라인 - 앱카드
12,21182,11150,2024-01-17 13:30,일반식당,Y,N,0,-,승인,N,식비,오프라인 - 실물카드
12,21183,14604,2024-01-18 09:09,사내식당,Y,N,0,-,승인,N,식비,오프라인 - 삼성페이
12,21184,11949,2024-01-19 14:56,일반식당,Y,N,0,-,승인,N,식비,오프라인 - 실물카드
12,21185,18844,2024-01-19 19:15,야근식대,Y,N,0,-,승인,N,교통/식비,오프라인 - 앱카드
12,21186,13201,2024-01-20 08:21,투썸플레이스,Y,N,0,-,승인,N,식비,오프라인 - 실물카드
12,21187,13985,2024-01-21 09:55,투썸플레이스,Y,N,0,-,승인,N,식비,오프라인 - 실물카드
12,21188,13175,2024-01-22 08:54,사내식당,Y,N,0,-,승인,N,식비,오프라인 - 삼성페이
12,21189,12040,2024-01-23 09:38,일반식당,Y,N,0,-,승인,N,식비,오프라인 - 삼성페이
12,21190,14338,2024-01-24 11:48,사내식당,Y,N,0,-,승인,N,식비,오프라인 - 실물카드
12,21191,13385,2024-01-24 21:52,야근식대,Y,N,0,-,승인,N,교통/식비,오프라인 - 앱카드
12,21192,13555,2024-01-25 13:47,사내식당,Y,N,0,-,승인,N,식비,오프라인 - 실물카드
12,21193,18909,2024-01-25 22:23,카카오T(택시),Y,N,0,-,승인,N,교통/식비,오프라인 - 앱카드
12,21194,24515,2024-01-27 17:41,야근식대,Y,N,0,-,승인,N,교통/식비,오프라인 - 앱카드
12,21195,13567,2024-01-28 10:19,스타벅스,Y,N,0,-,승인,N,식비,오프라인 - 실물카드
12,21196,12578,2024-01-29 08:38,투썸플레이스,Y,N,0,-,승인,N,식비,오프라인 - 삼성페이
12,21197,13140,2024-01-29 15:11,카카오T(택시),Y,N,0,-,승인,N,교통/식비,오프라인 - 앱카드
12,21198,10826,2024-01-30 13:43,사내식당,Y,N,0,-,승인,N,식비,오프라인 - 실물카드
12,21199,12711,2024-01-31 11:16,스타벅스,Y,N,0,-,승인,N,식비,오프라인 - 실물카드
12,21200,10960,2024-02-01 14:40,사내식당,Y,N,0,-,승인,N,식비,오프라인 - 실물카드
12,21201,13420,2024-02-02 14:40,사내식당,Y,N,0,-,승인,N,식비,오프라인 - 삼성페이
12,21202,10812,2024-02-03 14:49,스타벅스,Y,N,0,-,승인,N,식비,오프라인 - 삼성페이
12,21203,10476,2024-02-04 10:22,스타벅스,Y,N,0,-,승인,N,식비,오프라인 - 삼성페이
12,21204,16209,2024-02-04 22:27,야근식대,Y,N,0,-,승인,N,교통/식비,오프라인 - 앱카드
12,21205,13623,2024-02-05 13:05,일반식당,Y,N,0,-,승인,N,식비,오프라인 - 삼성페이
12,21206,9723,2024-02-06 11:59,일반식당,Y,N,0,-,승인,N,식비,오프라인 - 삼성페이
12,21207,14346,2024-02-07 10:08,투썸플레이스,Y,N,0,-,승인,N,식비,오프라인 - 삼성페이
12,21208,9951,2024-02-08 12:01,사내식당,Y,N,0,-,승인,N,식비,오프라인 - 삼성페이
12,21209,14288,2024-02-09 10:53,스타벅스,Y,N,0,-,승인,N,식비,오프라인 - 실물카드
12,21210,20709,2024-02-09 19:43,야근식대,Y,N,0,-,승인,N,교통/식비,오프라인 - 앱카드
12,21211,12737,2024-02-10 14:20,사내식당,Y,N,0,-,승인,N,식비,오프라인 - 삼성페이
12,21212,10106,2024-02-11 13:28,일반식당,Y,N,0,-,승인,N,식비,오프라인 - 삼성페이
12,21213,20145,2024-02-11 19:50,야근식대,Y,N,0,-,승인,N,교통/식비,오프라인 - 앱카드
12,21214,14697,2024-02-12 12:25,사내식당,Y,N,0,-,승인,N,식비,오프라인 - 실물카드
12,21215,10841,2024-02-13 13:54,일반식당,Y,N,0,-,승인,N,식비,오프라인 - 삼성페이
12,21216,13126,2024-02-14 09:18,일반식당,Y,N,0,-,승인,N,식비,오프라인 - 실물카드
12,21217,12575,2024-02-14 21:35,카카오T(택시),Y,N,0,-,승인,N,교통/식비,오프라인 - 앱카드
12,21218,21208,2024-02-15 17:25,야근식대,Y,N,0,-,승인,N,교통/식비,오프라인 - 앱카드
12,21219,15574,2024-02-16 19:50,야근식대,Y,N,0,-,승인,N,교통/식비,오프라인 - 앱카드
12,21220,10152,2024-02-17 08:16,스타벅스,Y,N,0,-,승인,N,식비,오프라인 - 실물카드
12,21221,13614,2024-02-18 10:07,사내식당,Y,N,0,-,승인,N,식비,오프라인 - 실물카드
12,21222,12452,2024-02-19 11:21,스타벅스,Y,N,0,-,승인,N,식비,오프라인 - 실물카드
12,21223,13620,2024-02-21 09:39,일반식당,Y,N,0,-,승인,N,식비,오프라인 - 삼성페이
12,21224,12898,2024-02-22 14:34,사내식당,Y,N,0,-,승인,N,식비,오프라인 - 실물카드
12,21225,12065,2024-02-22 16:06,카카오T(택시),Y,N,0,-,승인,N,교통/식비,오프라인 - 앱카드
12,21226,10417,2024-02-23 13:15,일반식당,Y,N,0,-,승인,N,식비,오프라인 - 삼성페이
12,21227,21352,2024-02-23 17:21,카카오T(택시),Y,N,0,-,승인,N,교통/식비,오프라인 - 앱카드
12,21228,14029,2024-02-24 13:58,사내식당,Y,N,0,-,승인,N,식비,오프라인 - 실물카드
12,21229,12500,2024-02-25 09:20,스타벅스,Y,N,0,-,승인,N,식비,오프라인 - 실물카드
12,21230,18408,2024-02-25 19:58,야근식대,Y,N,0,-,승인,N,교통/식비,오프라인 - 앱카드
12,21231,9312,2024-02-26 11:35,스타벅스,Y,N,0,-,승인,N,식비,오프라인 - 삼성페이
12,21232,24010,2024-02-26 18:55,야근식대,Y,N,0,-,승인,N,교통/식비,오프라인 - 앱카드
12,21233,9960,2024-02-27 09:12,사내식당,Y,N,0,-,승인,N,식비,오프라인 - 실물카드
12,21234,15884,2024-02-27 22:19,야근식대,Y,N,0,-,승인,N,교통/식비,오프라인 - 앱카드
12,21235,11872,2024-02-29 12:10,투썸플레이스,Y,N,0,-,승인,N,식비,오프라인 - 삼성페이
12,21236,13742,2024-03-01 11:39,스타벅스,Y,N,0,-,승인,N,식비,오프라인 - 삼성페이
12,21237,14629,2024-03-02 12:35,스타벅스,Y,N,0,-,승인,N,식비,오프라인 - 실물카드
12,21238,23787,2024-03-02 18:09,야근식대,Y,N,0,-,승인,N,교통/식비,오프라인 - 앱카드
12,21239,10564,2024-03-03 09:59,투썸플레이스,Y,N,0,-,승인,N,식비,오프라인 - 삼성페이
12,21240,14956,2024-03-04 14:52,투썸플레이스,Y,N,0,-,승인,N,식비,오프라인 - 삼성페이
12,21241,19041,2024-03-04 19:53,야근식대,Y,N,0,-,승인,N,교통/식비,오프라인 - 앱카드
12,21242,14244,2024-03-05 09:22,스타벅스,Y,N,0,-,승인,N,식비,오프라인 - 삼성페이
12,21243,14928,2024-03-06 10:23,사내식당,Y,N,0,-,승인,N,식비,오프라인 - 삼성페이
12,21244,13107,2024-03-07 08:50,스타벅스,Y,N,0,-,승인,N,식비,오프라인 - 실물카드
12,21245,14771,2024-03-08 08:28,투썸플레이스,Y,N,0,-,승인,N,식비,오프라인 - 실물카드
12,21246,9637,2024-03-09 14:51,사내식당,Y,N,0,-,승인,N,식비,오프라인 - 삼성페이
12,21247,14205,2024-03-11 11:02,일반식당,Y,N,0,-,승인,N,식비,오프라인 - 실물카드
12,21248,12098,2024-03-12 12:09,사내식당,Y,N,0,-,승인,N,식비,오프라인 - 삼성페이
12,21249,9991,2024-03-13 09:51,일반식당,Y,N,0,-,승인,N,식비,오프라인 - 실물카드
12,21250,18803,2024-03-13 23:40,카카오T(택시),Y,N,0,-,승인,N,교통/식비,오프라인 - 앱카드
12,21251,13931,2024-03-14 13:57,사내식당,Y,N,0,-,승인,N,식비,오프라인 - 삼성페이
12,21252,12316,2024-03-15 09:52,일반식당,Y,N,0,-,승인,N,식비,오프라인 - 삼성페이
12,21253,11013,2024-03-16 10:18,스타벅스,Y,N,0,-,승인,N,식비,오프라인 - 실물카드
12,21254,9367,2024-03-17 11:45,사내식당,Y,N,0,-,승인,N,식비,오프라인 - 실물카드
12,21255,13313,2024-03-18 10:56,투썸플레이스,Y,N,0,-,승인,N,식비,오프라인 - 삼성페이
12,21256,10662,2024-03-19 14:53,일반식당,Y,N,0,-,승인,N,식비,오프라인 - 실물카드
12,21257,13152,2024-03-20 10:17,사내식당,Y,N,0,-,승인,N,식비,오프라인 - 실물카드
12,21258,12651,2024-03-20 18:21,야근식대,Y,N,0,-,승인,N,교통/식비,오프라인 - 앱카드
12,21259,23803,2024-03-21 22:58,야근식대,Y,N,0,-,승인,N,교통/식비,오프라인 - 앱카드
12,21260,12359,2024-03-22 14:46,일반식당,Y,N,0,-,승인,N,식비,오프라인 - 실물카드
12,21261,16559,2024-03-22 17:35,야근식대,Y,N,0,-,승인,N,교통/식비,오프라인 - 앱카드
12,21262,14657,2024-03-23 10:35,스타벅스,Y,N,0,-,승인,N,식비,오프라인 - 실물카드
12,21263,19895,2024-03-23 23:21,카카오T(택시),Y,N,0,-,승인,N,교통/식비,오프라인 - 앱카드
12,21264,12360,2024-03-24 12:14,투썸플레이스,Y,N,0,-,승인,N,식비,오프라인 - 삼성페이
12,21265,22669,2024-03-24 17:42,야근식대,Y,N,0,-,승인,N,교통/식비,오프라인 - 앱카드
12,21266,9943,2024-03-25 12:01,투썸플레이스,Y,N,0,-,승인,N,식비,오프라인 - 삼성페이
12,21267,13180,2024-03-25 22:59,야근식대,Y,N,0,-,승인,N,교통/식비,오프라인 - 앱카드
12,21268,12552,2024-03-26 08:16,투썸플레이스,Y,N,0,-,승인,N,식비,오프라인 - 삼성페이
12,21269,13340,2024-03-27 19:34,카카오T(택시),Y,N,0,-,승인,N,교통/식비,오프라인 - 앱카드
12,21270,9771,2024-03-28 11:52,투썸플레이스,Y,N,0,-,승인,N,식비,오프라인 - 실물카드
12,21271,20877,2024-03-28 19:46,카카오T(택시),Y,N,0,-,승인,N,교통/식비,오프라인 - 앱카드
12,21272,12886,2024-03-30 14:42,사내식당,Y,N,0,-,승인,N,식비,오프라인 - 삼성페이
12,21273,24849,2024-03-30 15:41,카카오T(택시),Y,N,0,-,승인,N,교통/식비,오프라인 - 앱카드
12,21274,14051,2024-03-31 08:30,스타벅스,Y,N,0,-,승인,N,식비,오프라인 - 삼성페이
12,21275,22191,2024-03-31 19:07,야근식대,Y,N,0,-,승인,N,교통/식비,오프라인 - 앱카드
13,21276,11448,2024-01-01 09:20,일반식당,Y,N,0,-,승인,N,식비,오프라인 - 실물카드
13,21277,10695,2024-01-02 11:55,투썸플레이스,Y,N,0,-,승인,N,식비,오프라인 - 실물카드
13,21278,18073,2024-01-02 18:23,마트/편의점,Y,N,0,-,승인,N,생활,오프라인 - 삼성페이
13,21279,11220,2024-01-03 12:20,투썸플레이스,Y,N,0,-,승인,N,식비,오프라인 - 실물카드
13,21280,13563,2024-01-04 08:05,일반식당,Y,N,0,-,승인,N,식비,오프라인 - 삼성페이
13,21281,10375,2024-01-04 21:02,마트/편의점,Y,N,0,-,승인,N,생활,오프라인 - 카카오페이
13,21282,12951,2024-01-06 13:10,투썸플레이스,Y,N,0,-,승인,N,식비,오프라인 - 삼성페이
13,21283,14220,2024-01-07 08:58,스타벅스,Y,N,0,-,승인,N,식비,오프라인 - 삼성페이
13,21284,12703,2024-01-09 10:59,사내식당,Y,N,0,-,승인,N,식비,오프라인 - 삼성페이
13,21285,16407,2024-01-09 19:41,마트/편의점,Y,N,0,-,승인,N,생활,오프라인 - 삼성페이
13,21286,14955,2024-01-10 13:02,투썸플레이스,Y,N,0,-,승인,N,식비,오프라인 - 삼성페이
13,21287,14643,2024-01-11 10:20,일반식당,Y,N,0,-,승인,N,식비,오프라인 - 삼성페이
13,21288,13232,2024-01-12 08:52,투썸플레이스,Y,N,0,-,승인,N,식비,오프라인 - 삼성페이
13,21289,14165,2024-01-13 12:46,일반식당,Y,N,0,-,승인,N,식비,오프라인 - 삼성페이
13,21290,12977,2024-01-15 10:02,투썸플레이스,Y,N,0,-,승인,N,식비,오프라인 - 삼성페이
13,21291,11720,2024-01-16 14:49,사내식당,Y,N,0,-,승인,N,식비,오프라인 - 삼성페이
13,21292,10532,2024-01-17 10:07,일반식당,Y,N,0,-,승인,N,식비,오프라인 - 삼성페이
13,21293,9445,2024-01-17 23:53,마트/편의점,Y,N,0,-,승인,N,생활,오프라인 - 삼성페이
13,21294,14751,2024-01-18 10:19,투썸플레이스,Y,N,0,-,승인,N,식비,오프라인 - 삼성페이
13,21295,12312,2024-01-19 08:29,투썸플레이스,Y,N,0,-,승인,N,식비,오프라인 - 실물카드
13,21296,9890,2024-01-21 13:44,사내식당,Y,N,0,-,승인,N,식비,오프라인 - 실물카드
13,21297,21647,2024-01-21 19:30,마트/편의점,Y,N,0,-,승인,N,생활,오프라인 - 삼성페이
13,21298,10467,2024-01-22 14:59,스타벅스,Y,N,0,-,승인,N,식비,오프라인 - 실물카드
13,21299,14151,2024-01-23 14:14,스타벅스,Y,N,0,-,승인,N,식비,오프라인 - 실물카드
13,21300,25842,2024-01-23 23:22,마트/편의점,Y,N,0,-,승인,N,생활,오프라인 - 카카오페이
13,21301,13919,2024-01-24 08:17,사내식당,Y,N,0,-,승인,N,식비,오프라인 - 삼성페이
13,21302,11196,2024-01-25 13:21,투썸플레이스,Y,N,0,-,승인,N,식비,오프라인 - 실물카드
13,21303,15531,2024-01-25 19:22,마트/편의점,Y,N,0,-,승인,N,생활,오프라인 - 카카오페이
13,21304,14313,2024-01-26 08:18,일반식당,Y,N,0,-,승인,N,식비,오프라인 - 실물카드
13,21305,11747,2024-01-27 10:57,투썸플레이스,Y,N,0,-,승인,N,식비,오프라인 - 삼성페이
13,21306,12987,2024-01-28 13:58,스타벅스,Y,N,0,-,승인,N,식비,오프라인 - 삼성페이
13,21307,12182,2024-01-29 11:50,투썸플레이스,Y,N,0,-,승인,N,식비,오프라인 - 삼성페이
13,21308,9350,2024-01-30 13:46,투썸플레이스,Y,N,0,-,승인,N,식비,오프라인 - 실물카드
13,21309,13738,2024-01-31 08:35,일반식당,Y,N,0,-,승인,N,식비,오프라인 - 삼성페이
13,21310,10763,2024-01-31 20:21,마트/편의점,Y,N,0,-,승인,N,생활,오프라인 - 삼성페이
13,21311,10028,2024-02-01 13:18,투썸플레이스,Y,N,0,-,승인,N,식비,오프라인 - 실물카드
13,21312,29949,2024-02-01 20:42,마트/편의점,Y,N,0,-,승인,N,생활,오프라인 - 삼성페이
13,21313,11882,2024-02-02 11:01,투썸플레이스,Y,N,0,-,승인,N,식비,오프라인 - 삼성페이
13,21314,26468,2024-02-02 22:54,마트/편의점,Y,N,0,-,승인,N,생활,오프라인 - 카카오페이
13,21315,9253,2024-02-03 10:54,일반식당,Y,N,0,-,승인,N,식비,오프라인 - 실물카드
13,21316,16501,2024-02-03 20:35,마트/편의점,Y,N,0,-,승인,N,생활,오프라인 - 카카오페이
13,21317,12676,2024-02-04 12:10,스타벅스,Y,N,0,-,승인,N,식비,오프라인 - 실물카드
13,21318,13489,2024-02-05 14:15,투썸플레이스,Y,N,0,-,승인,N,식비,오프라인 - 삼성페이
13,21319,9795,2024-02-06 10:16,일반식당,Y,N,0,-,승인,N,식비,오프라인 - 실물카드
13,21320,6594,2024-02-07 21:47,마트/편의점,Y,N,0,-,승인,N,생활,오프라인 - 카카오페이
13,21321,10095,2024-02-08 13:51,투썸플레이스,Y,N,0,-,승인,N,식비,오프라인 - 삼성페이
13,21322,13641,2024-02-11 09:06,사내식당,Y,N,0,-,승인,N,식비,오프라인 - 실물카드
13,21323,11184,2024-02-11 20:07,마트/편의점,Y,N,0,-,승인,N,생활,오프라인 - 삼성페이
13,21324,10235,2024-02-12 11:31,스타벅스,Y,N,0,-,승인,N,식비,오프라인 - 삼성페이
13,21325,19685,2024-02-12 19:35,마트/편의점,Y,N,0,-,승인,N,생활,오프라인 - 삼성페이
13,21326,14279,2024-02-13 14:23,일반식당,Y,N,0,-,승인,N,식비,오프라인 - 삼성페이
13,21327,26851,2024-02-13 22:22,마트/편의점,Y,N,0,-,승인,N,생활,오프라인 - 카카오페이
13,21328,12043,2024-02-14 10:22,스타벅스,Y,N,0,-,승인,N,식비,오프라인 - 실물카드
13,21329,10382,2024-02-16 11:39,사내식당,Y,N,0,-,승인,N,식비,오프라인 - 삼성페이
13,21330,11541,2024-02-17 11:23,스타벅스,Y,N,0,-,승인,N,식비,오프라인 - 실물카드
13,21331,9874,2024-02-18 13:47,사내식당,Y,N,0,-,승인,N,식비,오프라인 - 실물카드
13,21332,14082,2024-02-18 20:55,마트/편의점,Y,N,0,-,승인,N,생활,오프라인 - 카카오페이
13,21333,10241,2024-02-20 09:25,사내식당,Y,N,0,-,승인,N,식비,오프라인 - 삼성페이
13,21334,17837,2024-02-20 22:36,마트/편의점,Y,N,0,-,승인,N,생활,오프라인 - 삼성페이
13,21335,9500,2024-02-21 12:22,일반식당,Y,N,0,-,승인,N,식비,오프라인 - 삼성페이
13,21336,16954,2024-02-21 22:13,마트/편의점,Y,N,0,-,승인,N,생활,오프라인 - 삼성페이
13,21337,11491,2024-02-22 09:33,스타벅스,Y,N,0,-,승인,N,식비,오프라인 - 실물카드
13,21338,12184,2024-02-24 08:09,사내식당,Y,N,0,-,승인,N,식비,오프라인 - 삼성페이
13,21339,13993,2024-02-25 09:25,투썸플레이스,Y,N,0,-,승인,N,식비,오프라인 - 실물카드
13,21340,13171,2024-02-26 18:11,마트/편의점,Y,N,0,-,승인,N,생활,오프라인 - 카카오페이
13,21341,12598,2024-02-27 11:37,투썸플레이스,Y,N,0,-,승인,N,식비,오프라인 - 삼성페이
13,21342,12546,2024-02-28 11:36,사내식당,Y,N,0,-,승인,N,식비,오프라인 - 실물카드
13,21343,12227,2024-02-29 13:49,사내식당,Y,N,0,-,승인,N,식비,오프라인 - 삼성페이
13,21344,14254,2024-03-01 11:09,일반식당,Y,N,0,-,승인,N,식비,오프라인 - 삼성페이
13,21345,9228,2024-03-02 09:39,투썸플레이스,Y,N,0,-,승인,N,식비,오프라인 - 삼성페이
13,21346,27570,2024-03-02 21:44,마트/편의점,Y,N,0,-,승인,N,생활,오프라인 - 카카오페이
13,21347,14526,2024-03-03 10:48,일반식당,Y,N,0,-,승인,N,식비,오프라인 - 삼성페이
13,21348,12872,2024-03-04 11:51,투썸플레이스,Y,N,0,-,승인,N,식비,오프라인 - 삼성페이
13,21349,9857,2024-03-04 18:52,마트/편의점,Y,N,0,-,승인,N,생활,오프라인 - 카카오페이
13,21350,9068,2024-03-05 12:50,투썸플레이스,Y,N,0,-,승인,N,식비,오프라인 - 실물카드
13,21351,21534,2024-03-05 22:20,마트/편의점,Y,N,0,-,승인,N,생활,오프라인 - 카카오페이
13,21352,12259,2024-03-07 10:10,스타벅스,Y,N,0,-,승인,N,식비,오프라인 - 삼성페이
13,21353,11828,2024-03-08 13:32,투썸플레이스,Y,N,0,-,승인,N,식비,오프라인 - 삼성페이
13,21354,11957,2024-03-09 13:18,투썸플레이스,Y,N,0,-,승인,N,식비,오프라인 - 삼성페이
13,21355,10200,2024-03-10 11:11,스타벅스,Y,N,0,-,승인,N,식비,오프라인 - 삼성페이
13,21356,12473,2024-03-11 11:48,스타벅스,Y,N,0,-,승인,N,식비,오프라인 - 실물카드
13,21357,19564,2024-03-11 15:54,마트/편의점,Y,N,0,-,승인,N,생활,오프라인 - 카카오페이
13,21358,14724,2024-03-12 14:56,스타벅스,Y,N,0,-,승인,N,식비,오프라인 - 실물카드
13,21359,17915,2024-03-12 20:39,마트/편의점,Y,N,0,-,승인,N,생활,오프라인 - 카카오페이
13,21360,13267,2024-03-13 13:43,투썸플레이스,Y,N,0,-,승인,N,식비,오프라인 - 삼성페이
13,21361,6233,2024-03-13 19:57,마트/편의점,Y,N,0,-,승인,N,생활,오프라인 - 카카오페이
13,21362,12801,2024-03-14 14:33,스타벅스,Y,N,0,-,승인,N,식비,오프라인 - 삼성페이
13,21363,12756,2024-03-15 12:16,일반식당,Y,N,0,-,승인,N,식비,오프라인 - 삼성페이
13,21364,10554,2024-03-16 12:21,사내식당,Y,N,0,-,승인,N,식비,오프라인 - 실물카드
13,21365,14479,2024-03-17 13:47,사내식당,Y,N,0,-,승인,N,식비,오프라인 - 실물카드
13,21366,12699,2024-03-19 13:39,스타벅스,Y,N,0,-,승인,N,식비,오프라인 - 실물카드
13,21367,13257,2024-03-19 20:46,마트/편의점,Y,N,0,-,승인,N,생활,오프라인 - 삼성페이
13,21368,11396,2024-03-20 13:57,일반식당,Y,N,0,-,승인,N,식비,오프라인 - 실물카드
13,21369,13862,2024-03-22 13:59,일반식당,Y,N,0,-,승인,N,식비,오프라인 - 실물카드
13,21370,9284,2024-03-22 19:16,마트/편의점,Y,N,0,-,승인,N,생활,오프라인 - 삼성페이
13,21371,10523,2024-03-23 11:40,투썸플레이스,Y,N,0,-,승인,N,식비,오프라인 - 삼성페이
13,21372,13133,2024-03-24 12:38,스타벅스,Y,N,0,-,승인,N,식비,오프라인 - 삼성페이
13,21373,16201,2024-03-25 21:49,마트/편의점,Y,N,0,-,승인,N,생활,오프라인 - 카카오페이
13,21374,10478,2024-03-26 11:31,스타벅스,Y,N,0,-,승인,N,식비,오프라인 - 삼성페이
13,21375,10901,2024-03-27 08:21,사내식당,Y,N,0,-,승인,N,식비,오프라인 - 삼성페이
13,21376,5105,2024-03-27 17:02,마트/편의점,Y,N,0,-,승인,N,생활,오프라인 - 삼성페이
13,21377,11428,2024-03-28 14:11,일반식당,Y,N,0,-,승인,N,식비,오프라인 - 실물카드
13,21378,14597,2024-03-29 14:36,사내식당,Y,N,0,-,승인,N,식비,오프라인 - 삼성페이
13,21379,10500,2024-03-30 10:57,스타벅스,Y,N,0,-,승인,N,식비,오프라인 - 삼성페이
13,21380,13364,2024-03-31 08:03,사내식당,Y,N,0,-,승인,N,식비,오프라인 - 실물카드
13,21381,28978,2024-03-31 21:06,마트/편의점,Y,N,0,-,승인,N,생활,오프라인 - 삼성페이
14,21382,7135,2024-01-01 09:38,김밥천국,Y,N,0,-,승인,N,식비,오프라인 - 삼성페이
14,21383,6035,2024-01-02 10:18,메가커피,Y,N,0,-,승인,N,식비,오프라인 - 실물카드
14,21384,20422,2024-01-02 22:16,마트/편의점,Y,N,0,-,승인,N,생활,오프라인 - 삼성페이
14,21385,6538,2024-01-03 13:14,메가커피,Y,N,0,-,승인,N,식비,오프라인 - 실물카드
14,21386,7924,2024-01-04 08:25,편의점,Y,N,0,-,승인,N,식비,오프라인 - 실물카드
14,21387,29127,2024-01-04 18:20,마트/편의점,Y,N,0,-,승인,N,생활,오프라인 - 카카오페이
14,21388,7890,2024-01-06 12:32,편의점,Y,N,0,-,승인,N,식비,오프라인 - 실물카드
14,21389,5876,2024-01-06 22:02,마트/편의점,Y,N,0,-,승인,N,생활,오프라인 - 삼성페이
14,21390,7576,2024-01-07 09:26,편의점,Y,N,0,-,승인,N,식비,오프라인 - 실물카드
14,21391,8003,2024-01-08 11:16,메가커피,Y,N,0,-,승인,N,식비,오프라인 - 삼성페이
14,21392,5183,2024-01-10 09:16,메가커피,Y,N,0,-,승인,N,식비,오프라인 - 실물카드
14,21393,8473,2024-01-10 16:49,마트/편의점,Y,N,0,-,승인,N,생활,오프라인 - 카카오페이
14,21394,27174,2024-01-11 20:02,마트/편의점,Y,N,0,-,승인,N,생활,오프라인 - 삼성페이
14,21395,5275,2024-01-13 10:54,학식,Y,N,0,-,승인,N,식비,오프라인 - 실물카드
14,21396,10685,2024-01-13 22:09,마트/편의점,Y,N,0,-,승인,N,생활,오프라인 - 카카오페이
14,21397,6211,2024-01-14 13:12,학식,Y,N,0,-,승인,N,식비,오프라인 - 실물카드
14,21398,7193,2024-01-15 10:17,편의점,Y,N,0,-,승인,N,식비,오프라인 - 삼성페이
14,21399,7293,2024-01-16 13:59,편의점,Y,N,0,-,승인,N,식비,오프라인 - 실물카드
14,21400,4614,2024-01-17 12:45,학식,Y,N,0,-,승인,N,식비,오프라인 - 실물카드
14,21401,6116,2024-01-17 21:11,마트/편의점,Y,N,0,-,승인,N,생활,오프라인 - 삼성페이
14,21402,5769,2024-01-18 08:25,김밥천국,Y,N,0,-,승인,N,식비,오프라인 - 실물카드
14,21403,8132,2024-01-19 14:43,메가커피,Y,N,0,-,승인,N,식비,오프라인 - 삼성페이
14,21404,7943,2024-01-20 14:59,학식,Y,N,0,-,승인,N,식비,오프라인 - 삼성페이
14,21405,19991,2024-01-22 19:55,마트/편의점,Y,N,0,-,승인,N,생활,오프라인 - 삼성페이
14,21406,7242,2024-01-23 13:51,메가커피,Y,N,0,-,승인,N,식비,오프라인 - 삼성페이
14,21407,4951,2024-01-24 12:20,편의점,Y,N,0,-,승인,N,식비,오프라인 - 삼성페이
14,21408,8269,2024-01-26 11:01,학식,Y,N,0,-,승인,N,식비,오프라인 - 실물카드
14,21409,10934,2024-01-26 15:03,마트/편의점,Y,N,0,-,승인,N,생활,오프라인 - 삼성페이
14,21410,7308,2024-01-27 11:28,학식,Y,N,0,-,승인,N,식비,오프라인 - 실물카드
14,21411,4640,2024-01-28 12:51,학식,Y,N,0,-,승인,N,식비,오프라인 - 실물카드
14,21412,7879,2024-01-29 11:56,학식,Y,N,0,-,승인,N,식비,오프라인 - 삼성페이
14,21413,7780,2024-01-30 10:39,김밥천국,Y,N,0,-,승인,N,식비,오프라인 - 실물카드
14,21414,14200,2024-01-30 22:04,마트/편의점,Y,N,0,-,승인,N,생활,오프라인 - 삼성페이
14,21415,7353,2024-01-31 14:50,학식,Y,N,0,-,승인,N,식비,오프라인 - 삼성페이
14,21416,8434,2024-02-02 08:33,편의점,Y,N,0,-,승인,N,식비,오프라인 - 삼성페이
14,21417,5028,2024-02-03 13:34,편의점,Y,N,0,-,승인,N,식비,오프라인 - 실물카드
14,21418,7918,2024-02-04 12:59,학식,Y,N,0,-,승인,N,식비,오프라인 - 실물카드
14,21419,5136,2024-02-06 10:54,편의점,Y,N,0,-,승인,N,식비,오프라인 - 실물카드
14,21420,10702,2024-02-06 18:49,마트/편의점,Y,N,0,-,승인,N,생활,오프라인 - 카카오페이
14,21421,4946,2024-02-07 10:54,편의점,Y,N,0,-,승인,N,식비,오프라인 - 삼성페이
14,21422,5740,2024-02-08 12:46,김밥천국,Y,N,0,-,승인,N,식비,오프라인 - 실물카드
14,21423,5268,2024-02-09 14:48,메가커피,Y,N,0,-,승인,N,식비,오프라인 - 실물카드
14,21424,8464,2024-02-09 21:01,마트/편의점,Y,N,0,-,승인,N,생활,오프라인 - 카카오페이
14,21425,8898,2024-02-10 09:11,편의점,Y,N,0,-,승인,N,식비,오프라인 - 삼성페이
14,21426,16252,2024-02-10 22:36,마트/편의점,Y,N,0,-,승인,N,생활,오프라인 - 삼성페이
14,21427,7797,2024-02-11 13:04,학식,Y,N,0,-,승인,N,식비,오프라인 - 실물카드
14,21428,5659,2024-02-12 13:22,학식,Y,N,0,-,승인,N,식비,오프라인 - 실물카드
14,21429,7426,2024-02-12 19:41,마트/편의점,Y,N,0,-,승인,N,생활,오프라인 - 카카오페이
14,21430,4888,2024-02-13 11:48,학식,Y,N,0,-,승인,N,식비,오프라인 - 실물카드
14,21431,5812,2024-02-14 08:29,김밥천국,Y,N,0,-,승인,N,식비,오프라인 - 실물카드
14,21432,8224,2024-02-15 13:22,학식,Y,N,0,-,승인,N,식비,오프라인 - 실물카드
14,21433,14590,2024-02-15 16:52,마트/편의점,Y,N,0,-,승인,N,생활,오프라인 - 카카오페이
14,21434,6433,2024-02-16 12:01,김밥천국,Y,N,0,-,승인,N,식비,오프라인 - 실물카드
14,21435,6232,2024-02-17 12:20,김밥천국,Y,N,0,-,승인,N,식비,오프라인 - 삼성페이
14,21436,8209,2024-02-18 16:00,마트/편의점,Y,N,0,-,승인,N,생활,오프라인 - 카카오페이
14,21437,7604,2024-02-20 08:32,편의점,Y,N,0,-,승인,N,식비,오프라인 - 삼성페이
14,21438,20638,2024-02-20 21:17,마트/편의점,Y,N,0,-,승인,N,생활,오프라인 - 삼성페이
14,21439,7786,2024-02-21 12:59,학식,Y,N,0,-,승인,N,식비,오프라인 - 삼성페이
14,21440,25003,2024-02-21 19:19,마트/편의점,Y,N,0,-,승인,N,생활,오프라인 - 삼성페이
14,21441,8895,2024-02-22 10:53,메가커피,Y,N,0,-,승인,N,식비,오프라인 - 실물카드
14,21442,15458,2024-02-23 20:40,마트/편의점,Y,N,0,-,승인,N,생활,오프라인 - 카카오페이
14,21443,7585,2024-02-24 14:24,김밥천국,Y,N,0,-,승인,N,식비,오프라인 - 삼성페이
14,21444,6768,2024-02-26 11:12,학식,Y,N,0,-,승인,N,식비,오프라인 - 실물카드
14,21445,28170,2024-02-27 23:52,마트/편의점,Y,N,0,-,승인,N,생활,오프라인 - 삼성페이
14,21446,7666,2024-02-28 12:00,메가커피,Y,N,0,-,승인,N,식비,오프라인 - 실물카드
14,21447,7052,2024-03-01 10:00,메가커피,Y,N,0,-,승인,N,식비,오프라인 - 실물카드
14,21448,5630,2024-03-02 13:05,편의점,Y,N,0,-,승인,N,식비,오프라인 - 삼성페이
14,21449,24242,2024-03-03 18:54,마트/편의점,Y,N,0,-,승인,N,생활,오프라인 - 삼성페이
14,21450,7308,2024-03-04 09:02,편의점,Y,N,0,-,승인,N,식비,오프라인 - 실물카드
14,21451,8773,2024-03-05 09:35,김밥천국,Y,N,0,-,승인,N,식비,오프라인 - 실물카드
14,21452,8272,2024-03-06 10:09,메가커피,Y,N,0,-,승인,N,식비,오프라인 - 실물카드
14,21453,27370,2024-03-06 22:55,마트/편의점,Y,N,0,-,승인,N,생활,오프라인 - 카카오페이
14,21454,5113,2024-03-07 10:01,메가커피,Y,N,0,-,승인,N,식비,오프라인 - 삼성페이
14,21455,5798,2024-03-08 12:29,메가커피,Y,N,0,-,승인,N,식비,오프라인 - 삼성페이
14,21456,7235,2024-03-09 11:50,학식,Y,N,0,-,승인,N,식비,오프라인 - 삼성페이
14,21457,5082,2024-03-10 12:50,편의점,Y,N,0,-,승인,N,식비,오프라인 - 실물카드
14,21458,25517,2024-03-10 19:24,마트/편의점,Y,N,0,-,승인,N,생활,오프라인 - 삼성페이
14,21459,6468,2024-03-11 09:53,학식,Y,N,0,-,승인,N,식비,오프라인 - 실물카드
14,21460,16598,2024-03-11 22:50,마트/편의점,Y,N,0,-,승인,N,생활,오프라인 - 카카오페이
14,21461,4673,2024-03-12 12:00,학식,Y,N,0,-,승인,N,식비,오프라인 - 실물카드
14,21462,8385,2024-03-13 09:37,메가커피,Y,N,0,-,승인,N,식비,오프라인 - 삼성페이
14,21463,5048,2024-03-15 19:58,마트/편의점,Y,N,0,-,승인,N,생활,오프라인 - 카카오페이
14,21464,4995,2024-03-16 14:23,학식,Y,N,0,-,승인,N,식비,오프라인 - 실물카드
14,21465,7373,2024-03-17 12:39,학식,Y,N,0,-,승인,N,식비,오프라인 - 삼성페이
14,21466,23685,2024-03-17 17:29,마트/편의점,Y,N,0,-,승인,N,생활,오프라인 - 카카오페이
14,21467,5028,2024-03-18 08:08,편의점,Y,N,0,-,승인,N,식비,오프라인 - 실물카드
14,21468,12605,2024-03-18 23:13,마트/편의점,Y,N,0,-,승인,N,생활,오프라인 - 카카오페이
14,21469,7771,2024-03-19 09:07,편의점,Y,N,0,-,승인,N,식비,오프라인 - 삼성페이
14,21470,17682,2024-03-19 23:40,마트/편의점,Y,N,0,-,승인,N,생활,오프라인 - 삼성페이
14,21471,5779,2024-03-21 09:40,편의점,Y,N,0,-,승인,N,식비,오프라인 - 삼성페이
14,21472,7517,2024-03-23 14:48,편의점,Y,N,0,-,승인,N,식비,오프라인 - 실물카드
14,21473,5082,2024-03-24 09:08,김밥천국,Y,N,0,-,승인,N,식비,오프라인 - 삼성페이
14,21474,6304,2024-03-25 12:48,편의점,Y,N,0,-,승인,N,식비,오프라인 - 실물카드
14,21475,6135,2024-03-26 10:24,김밥천국,Y,N,0,-,승인,N,식비,오프라인 - 실물카드
14,21476,7322,2024-03-27 10:14,김밥천국,Y,N,0,-,승인,N,식비,오프라인 - 실물카드
14,21477,5628,2024-03-27 18:00,마트/편의점,Y,N,0,-,승인,N,생활,오프라인 - 삼성페이
14,21478,8130,2024-03-28 13:14,학식,Y,N,0,-,승인,N,식비,오프라인 - 실물카드
14,21479,7419,2024-03-30 10:01,학식,Y,N,0,-,승인,N,식비,오프라인 - 삼성페이
14,21480,8666,2024-03-31 13:21,학식,Y,N,0,-,승인,N,식비,오프라인 - 삼성페이
15,21481,28912,2024-01-02 13:14,개인카페,Y,N,0,-,승인,N,식비,오프라인 - 실물카드
15,21482,173594,2024-01-02 19:11,호텔뷔페,Y,Y,6,무이자,승인,N,생활/취미,오프라인 - 삼성페이
15,21483,16799,2024-01-03 13:55,고급일식,Y,N,0,-,승인,N,식비,오프라인 - 삼성페이
15,21484,23679,2024-01-06 12:19,고급일식,Y,N,0,-,승인,N,식비,오프라인 - 실물카드
15,21485,56654,2024-01-06 16:57,골프연습장,Y,N,0,-,승인,N,생활/취미,오프라인 - 삼성페이
15,21486,15584,2024-01-09 13:49,개인카페,Y,N,0,-,승인,N,식비,오프라인 - 삼성페이
15,21487,260508,2024-01-09 16:55,호텔뷔페,Y,Y,3,무이자,승인,N,생활/취미,오프라인 - 삼성페이
15,21488,32202,2024-01-10 13:22,백화점 푸드코트,Y,N,0,-,승인,N,식비,오프라인 - 실물카드
15,21489,287684,2024-01-10 23:33,호텔뷔페,Y,N,0,-,승인,N,생활/취미,오프라인 - 삼성페이
15,21490,32479,2024-01-11 12:43,고급일식,Y,N,0,-,승인,N,식비,오프라인 - 삼성페이
15,21491,185063,2024-01-11 21:36,와인샵,Y,Y,6,무이자,승인,N,생활/취미,오프라인 - 삼성페이
15,21492,28465,2024-01-12 09:44,개인카페,Y,N,0,-,승인,N,식비,오프라인 - 삼성페이
15,21493,33458,2024-01-13 13:23,백화점 푸드코트,Y,N,0,-,승인,N,식비,오프라인 - 삼성페이
15,21494,241921,2024-01-13 20:44,골프연습장,Y,N,0,-,승인,N,생활/취미,오프라인 - 삼성페이
15,21495,137601,2024-01-15 19:05,와인샵,Y,N,0,-,승인,N,생활/취미,오프라인 - 삼성페이
15,21496,17625,2024-01-16 10:51,브런치카페,Y,N,0,-,승인,N,식비,오프라인 - 삼성페이
15,21497,26004,2024-01-17 09:25,고급일식,Y,N,0,-,승인,N,식비,오프라인 - 삼성페이
15,21498,117554,2024-01-17 18:52,호텔뷔페,Y,N,0,-,승인,N,생활/취미,오프라인 - 삼성페이
15,21499,23498,2024-01-18 09:22,브런치카페,Y,N,0,-,승인,N,식비,오프라인 - 실물카드
15,21500,25297,2024-01-19 10:10,백화점 푸드코트,Y,N,0,-,승인,N,식비,오프라인 - 삼성페이
15,21501,22039,2024-01-20 11:39,백화점 푸드코트,Y,N,0,-,승인,N,식비,오프라인 - 실물카드
15,21502,91290,2024-01-20 17:33,골프연습장,Y,N,0,-,승인,N,생활/취미,오프라인 - 삼성페이
15,21503,31669,2024-01-21 08:54,고급일식,Y,N,0,-,승인,N,식비,오프라인 - 삼성페이
15,21504,23728,2024-01-22 10:42,개인카페,Y,N,0,-,승인,N,식비,오프라인 - 삼성페이
15,21505,23796,2024-01-23 11:24,개인카페,Y,N,0,-,승인,N,식비,오프라인 - 실물카드
15,21506,150472,2024-01-23 23:23,호텔뷔페,Y,Y,10,무이자,승인,N,생활/취미,오프라인 - 삼성페이
15,21507,31055,2024-01-24 14:45,백화점 푸드코트,Y,N,0,-,승인,N,식비,오프라인 - 삼성페이
15,21508,30846,2024-01-25 14:09,개인카페,Y,N,0,-,승인,N,식비,오프라인 - 실물카드
15,21509,245272,2024-01-25 18:20,와인샵,Y,N,0,-,승인,N,생활/취미,오프라인 - 삼성페이
15,21510,32847,2024-01-26 09:06,개인카페,Y,N,0,-,승인,N,식비,오프라인 - 실물카드
15,21511,34474,2024-01-28 12:19,백화점 푸드코트,Y,N,0,-,승인,N,식비,오프라인 - 삼성페이
15,21512,32104,2024-01-29 09:32,개인카페,Y,N,0,-,승인,N,식비,오프라인 - 실물카드
15,21513,33282,2024-01-30 09:40,고급일식,Y,N,0,-,승인,N,식비,오프라인 - 실물카드
15,21514,151167,2024-01-30 15:38,골프연습장,Y,N,0,-,승인,N,생활/취미,오프라인 - 삼성페이
15,21515,27294,2024-01-31 09:04,브런치카페,Y,N,0,-,승인,N,식비,오프라인 - 실물카드
15,21516,33947,2024-02-01 14:26,브런치카페,Y,N,0,-,승인,N,식비,오프라인 - 삼성페이
15,21517,128047,2024-02-01 21:26,와인샵,Y,N,0,-,승인,N,생활/취미,오프라인 - 삼성페이
15,21518,23581,2024-02-02 08:45,개인카페,Y,N,0,-,승인,N,식비,오프라인 - 삼성페이
15,21519,32765,2024-02-03 08:54,브런치카페,Y,N,0,-,승인,N,식비,오프라인 - 삼성페이
15,21520,16111,2024-02-04 13:52,개인카페,Y,N,0,-,승인,N,식비,오프라인 - 삼성페이
15,21521,32561,2024-02-05 09:31,고급일식,Y,N,0,-,승인,N,식비,오프라인 - 실물카드
15,21522,28843,2024-02-06 13:50,개인카페,Y,N,0,-,승인,N,식비,오프라인 - 삼성페이
15,21523,32092,2024-02-07 09:17,고급일식,Y,N,0,-,승인,N,식비,오프라인 - 실물카드
15,21524,17294,2024-02-09 09:48,개인카페,Y,N,0,-,승인,N,식비,오프라인 - 실물카드
15,21525,198094,2024-02-10 23:22,골프연습장,Y,N,0,-,승인,N,생활/취미,오프라인 - 삼성페이
15,21526,18721,2024-02-11 14:34,고급일식,Y,N,0,-,승인,N,식비,오프라인 - 삼성페이
15,21527,32214,2024-02-12 10:52,개인카페,Y,N,0,-,승인,N,식비,오프라인 - 삼성페이
15,21528,161238,2024-02-12 23:00,호텔뷔페,Y,N,0,-,승인,N,생활/취미,오프라인 - 삼성페이
15,21529,21152,2024-02-13 13:47,개인카페,Y,N,0,-,승인,N,식비,오프라인 - 실물카드
15,21530,29783,2024-02-14 08:06,브런치카페,Y,N,0,-,승인,N,식비,오프라인 - 삼성페이
15,21531,17887,2024-02-15 09:21,개인카페,Y,N,0,-,승인,N,식비,오프라인 - 삼성페이
15,21532,25880,2024-02-16 09:07,브런치카페,Y,N,0,-,승인,N,식비,오프라인 - 실물카드
15,21533,16716,2024-02-17 13:51,백화점 푸드코트,Y,N,0,-,승인,N,식비,오프라인 - 실물카드
15,21534,28992,2024-02-18 11:51,백화점 푸드코트,Y,N,0,-,승인,N,식비,오프라인 - 실물카드
15,21535,231416,2024-02-18 20:12,와인샵,Y,Y,10,무이자,승인,N,생활/취미,오프라인 - 삼성페이
15,21536,240053,2024-02-19 21:31,와인샵,Y,Y,3,무이자,승인,N,생활/취미,오프라인 - 삼성페이
15,21537,23535,2024-02-20 09:15,고급일식,Y,N,0,-,승인,N,식비,오프라인 - 실물카드
15,21538,217401,2024-02-20 23:46,와인샵,Y,Y,10,무이자,승인,N,생활/취미,오프라인 - 삼성페이
15,21539,26910,2024-02-21 11:01,브런치카페,Y,N,0,-,승인,N,식비,오프라인 - 삼성페이
15,21540,150675,2024-02-22 15:13,와인샵,Y,Y,10,무이자,승인,N,생활/취미,오프라인 - 삼성페이
15,21541,17424,2024-02-23 09:35,브런치카페,Y,N,0,-,승인,N,식비,오프라인 - 실물카드
15,21542,29105,2024-02-24 12:37,개인카페,Y,N,0,-,승인,N,식비,오프라인 - 삼성페이
15,21543,221158,2024-02-24 22:48,골프연습장,Y,Y,6,무이자,승인,N,생활/취미,오프라인 - 삼성페이
15,21544,15506,2024-02-25 08:28,브런치카페,Y,N,0,-,승인,N,식비,오프라인 - 삼성페이
15,21545,25607,2024-02-26 09:44,백화점 푸드코트,Y,N,0,-,승인,N,식비,오프라인 - 실물카드
15,21546,28358,2024-02-27 14:35,개인카페,Y,N,0,-,승인,N,식비,오프라인 - 삼성페이
15,21547,243583,2024-02-27 15:52,와인샵,Y,N,0,-,승인,N,생활/취미,오프라인 - 삼성페이
15,21548,30301,2024-02-28 14:52,브런치카페,Y,N,0,-,승인,N,식비,오프라인 - 삼성페이
15,21549,20753,2024-02-29 11:27,개인카페,Y,N,0,-,승인,N,식비,오프라인 - 실물카드
15,21550,31063,2024-03-01 11:05,고급일식,Y,N,0,-,승인,N,식비,오프라인 - 실물카드
15,21551,226045,2024-03-01 16:54,와인샵,Y,N,0,-,승인,N,생활/취미,오프라인 - 삼성페이
15,21552,23882,2024-03-02 14:39,브런치카페,Y,N,0,-,승인,N,식비,오프라인 - 실물카드
15,21553,230610,2024-03-02 21:15,호텔뷔페,Y,N,0,-,승인,N,생활/취미,오프라인 - 삼성페이
15,21554,33290,2024-03-03 10:17,백화점 푸드코트,Y,N,0,-,승인,N,식비,오프라인 - 삼성페이
15,21555,16312,2024-03-04 10:40,고급일식,Y,N,0,-,승인,N,식비,오프라인 - 삼성페이
15,21556,185284,2024-03-05 20:19,호텔뷔페,Y,N,0,-,승인,N,생활/취미,오프라인 - 삼성페이
15,21557,32574,2024-03-06 09:39,백화점 푸드코트,Y,N,0,-,승인,N,식비,오프라인 - 실물카드
15,21558,70654,2024-03-06 23:14,골프연습장,Y,N,0,-,승인,N,생활/취미,오프라인 - 삼성페이
15,21559,17237,2024-03-07 12:40,개인카페,Y,N,0,-,승인,N,식비,오프라인 - 실물카드
15,21560,123882,2024-03-07 23:48,와인샵,Y,N,0,-,승인,N,생활/취미,오프라인 - 삼성페이
15,21561,21392,2024-03-08 09:24,백화점 푸드코트,Y,N,0,-,승인,N,식비,오프라인 - 삼성페이
15,21562,195893,2024-03-08 23:39,와인샵,Y,Y,6,무이자,승인,N,생활/취미,오프라인 - 삼성페이
15,21563,34964,2024-03-09 14:45,브런치카페,Y,N,0,-,승인,N,식비,오프라인 - 실물카드
15,21564,28695,2024-03-10 13:05,개인카페,Y,N,0,-,승인,N,식비,오프라인 - 삼성페이
15,21565,254389,2024-03-10 21:54,골프연습장,Y,N,0,-,승인,N,생활/취미,오프라인 - 삼성페이
15,21566,28208,2024-03-11 09:06,백화점 푸드코트,Y,N,0,-,승인,N,식비,오프라인 - 실물카드
15,21567,26363,2024-03-12 12:53,백화점 푸드코트,Y,N,0,-,승인,N,식비,오프라인 - 실물카드
15,21568,165498,2024-03-12 21:22,호텔뷔페,Y,Y,6,무이자,승인,N,생활/취미,오프라인 - 삼성페이
15,21569,32580,2024-03-13 12:09,개인카페,Y,N,0,-,승인,N,식비,오프라인 - 삼성페이
15,21570,18014,2024-03-15 12:29,고급일식,Y,N,0,-,승인,N,식비,오프라인 - 실물카드
15,21571,27343,2024-03-16 11:29,개인카페,Y,N,0,-,승인,N,식비,오프라인 - 삼성페이
15,21572,23002,2024-03-17 09:19,브런치카페,Y,N,0,-,승인,N,식비,오프라인 - 실물카드
15,21573,24131,2024-03-18 10:50,브런치카페,Y,N,0,-,승인,N,식비,오프라인 - 삼성페이
15,21574,15594,2024-03-19 08:48,고급일식,Y,N,0,-,승인,N,식비,오프라인 - 삼성페이
15,21575,32096,2024-03-20 14:37,개인카페,Y,N,0,-,승인,N,식비,오프라인 - 실물카드
15,21576,84848,2024-03-20 22:17,와인샵,Y,N,0,-,승인,N,생활/취미,오프라인 - 삼성페이
15,21577,271155,2024-03-21 22:47,골프연습장,Y,Y,10,무이자,승인,N,생활/취미,오프라인 - 삼성페이
15,21578,86089,2024-03-22 20:33,호텔뷔페,Y,N,0,-,승인,N,생활/취미,오프라인 - 삼성페이
15,21579,18929,2024-03-24 13:33,개인카페,Y,N,0,-,승인,N,식비,오프라인 - 실물카드
15,21580,226266,2024-03-24 17:02,골프연습장,Y,Y,6,무이자,승인,N,생활/취미,오프라인 - 삼성페이
15,21581,16448,2024-03-25 10:41,백화점 푸드코트,Y,N,0,-,승인,N,식비,오프라인 - 실물카드
15,21582,186852,2024-03-25 21:52,호텔뷔페,Y,Y,10,무이자,승인,N,생활/취미,오프라인 - 삼성페이
15,21583,17646,2024-03-26 14:28,고급일식,Y,N,0,-,승인,N,식비,오프라인 - 실물카드
15,21584,17583,2024-03-28 10:25,백화점 푸드코트,Y,N,0,-,승인,N,식비,오프라인 - 삼성페이
15,21585,17345,2024-03-30 12:28,백화점 푸드코트,Y,N,0,-,승인,N,식비,오프라인 - 실물카드
15,21586,104950,2024-03-30 17:57,골프연습장,Y,Y,3,무이자,승인,N,생활/취미,오프라인 - 삼성페이
15,21587,19869,2024-03-31 10:02,개인카페,Y,N,0,-,승인,N,식비,오프라인 - 삼성페이
15,21588,58457,2024-03-31 20:46,골프연습장,Y,N,0,-,승인,N,생활/취미,오프라인 - 삼성페이
