id,name,age,occupation,gender,annual_income,region,persona,personal_score,saving_goal_text,target_max_spending_amount
1,조한별,20,119 구조대원,Female,27200000,서울 서울-동대문구,"조한별 씨는 현장의 긴박함을 다루는 냉철한 119 구조대원이면서, 동시에 성수동 팝업 스토어와 숏폼 콘텐츠를 즐기는 트렌디한 20세 Z세대 여성입니다. 직업/역량: 조한별 씨는 사고 현장의 아수라장 속에서도 환자의 호흡과 맥박을 통해 응급처치 순위를 즉각 결정하며, 좁은 틈새에 갇힌 환자를 안전하게 밖으로 끄집어내는 효율적인 동선 확보에 능숙한 119 구조대원입니다. 동료들이 당황할 때 냉정하게 심폐소생술의 리듬을 유지해 상황을 진정시키며, 언젠가는 특수 구조 분야에서 대체 불가능한 숙련된 선임이 되겠다는 야심을 품고 현장 경험을 쌓고 있습니다. 소비·생활 단서: 음식(조한별 씨는 주 2~3회 BHC나 BBQ 같은 브랜드 치킨을 배달시켜 먹으며 스트레스를 풀고, 2주에 한 번 정도 외식을 할 때는 고기구이보다는 정갈한 나물 비빔밥이나 청국장 같은 한식 메뉴를 선택합니다. 식사 후에는 반드시 달콤한 디저트를 곁들여야 직성이 풀리는 습관이 있으며, 최신 유행하는 이색 디저트 가게를 찾아다니는 것을 즐깁니다.), 여행(조한별 씨는 치밀한 일정표를 짜는 대신 친구나 연인과 단톡방에서 갑작스럽게 결정한 목적지로 떠나는 즉흥 여행을 즐기며, 주로 이천이나 가평의 온천 리조트를 찾아 따뜻한 물속에서 휴식을 취합니다. 유명 관광지를 모두 도는 것보다 숙소 근처의 조용한 거리나 예쁜 카페를 발견해 시간을 보내는 방식의 여행을 선호합니다.), 취미(퍼스널 컬러 기반 메이크업, 성수동 팝업 스토어 투어, 범죄 심리 팟캐스트 청취) 가족/주거: 조한별 씨는 동대문구 제기동의 오래된 아파트에서 대학 시절 가장 마음이 잘 맞았던 동기와 함께 살며, 혈연관계는 아니지만 서로의 퇴근길을 챙기고 고민을 나누는 끈끈한 공동체 생활을 하고 있습니다. 부모님과는 떨어져 지내지만 주말이면 안부 전화를 잊지 않으며, 집안의 크고 작은 결정은 동거인과 상의해 유연하게 해결합니다. 비친족 동거, 아파트 문화/목표: 동대문구 제기동의 오래된 아파트에서 대학 동기와 함께 살며, 퇴근길에 청량리 시장의 시끌벅적한 분위기 속에서 에너지를 얻습니다. 숏폼 콘텐츠로 최신 유행을 빠르게 접하고 소셜 미디어로 실시간 소통하는 것에 능숙한 Z세대입니다. 현장에서 다양한 케이스를 경험하며 특수 구조 분야의 숙련된 전문가로 인정받고 싶어 하며, 동료들이 위급 상황에서 가장 먼저 찾는 믿음직한 선임 구조대원이 되려 합니다. 스킬: 긴박한 사고 현장에서 환자의 상태를 빠르게 파악해 응급 처치 우선순위를 결정하는 판단력이 뛰어납니다. 좁고 위험한 공간에서도 환자를 안전하게 밖으로 이송하는 효율적인 동선 확보와 신속한 심폐소생술 수행에 능숙합니다. 심폐소생술 및 자동심장충격기 운용, 응급 환자 분류 및 현장 처치, 구조 장비 조작 및 운용 스포츠/예술: 조한별 씨는 정기적인 운동 센터에 등록해 땀 흘리기보다는 퇴근길 청량리 시장의 복잡한 인파 속을 빠르게 걷거나, 구조 현장에서 환자를 이송하며 몸을 쓰는 실무적인 활동으로 신체 에너지를 소모합니다. 계획적인 운동 루틴을 지키는 것에는 쉽게 지루함을 느끼며, 가끔 친구들과 함께 떠나는 온천 여행에서 가벼운 수영과 스파로 근육의 피로를 풀어줍니다. 조한별 씨는 유튜브의 메이크업 튜토리얼을 그대로 따라 하며 자신만의 스타일을 찾는 것에 몰입하고, 최신 숏폼 콘텐츠의 챌린지를 빠르게 습득해 소셜 미디어에 공유하는 Z세대의 감성을 가지고 있습니다. 주말이면 성수동의 감각적인 팝업 스토어들을 정처 없이 돌아다니며 공간이 주는 분위기와 아기자기한 디자인 소품을 구경하는 시간을 즐깁니다.",53,"비상금과 커리어 전환 자금 마련: 서울 서울-동대문구 거주, 119 구조대원 생활 패턴을 기준으로 1인 생활비와 자기계발비 통제, 월 고정 주거비 관리, 취미/관심사(퍼스널 컬러 기반 메이크업) 지출을 조절하고 강점(심폐소생술 및 자동심장충격기 운용)을 활용해 월별 저축 루틴을 유지하기",1560000
2,장규범,50,대형 화물차 운전원,Male,41300000,전북 전북-부안군,"장규범 씨는 부안의 정서를 품고 전국의 길을 꿰고 있는 숙련된 화물차 운전원으로, 가족과 지역 사회에 대한 애착이 강한 50대 가장입니다. 직업/역량: 장규범 씨는 곰소항의 짠내를 맡으며 자라 이제는 거대한 탱크로리에 석유 제품을 싣고 전국 고속도로를 누비는 베테랑 운전사입니다. 장규범 씨는 차량 바닥에서 올라오는 미세한 떨림만으로도 타이어 공기압이나 엔진 상태를 알아채며, 상하차 현장의 거친 작업자들 사이에서도 능숙하게 분위기를 주도해 작업 시간을 단축시킵니다. 소비·생활 단서: 음식(장규범 씨는 일주일에 대여섯 번은 집 근처 고깃집에서 두툼한 삼겹살에 쌈을 싸 먹으며 하루의 피로를 씻어냅니다. 장규범 씨는 가끔 입맛이 없을 때면 분식집에서 매콤한 떡볶이와 김밥을 주문해 빠르게 끼니를 해결하며 아내와 수다를 떱니다.), 여행(장규범 씨는 아내와 함께 변산반도의 채석강이나 적벽강의 붉은 암벽을 따라 천천히 드라이브하며 계절의 변화를 살핍니다. 장규범 씨는 화려한 관광지보다는 가족들과 함께 조용한 숲길을 걷거나 바다 풍경을 멍하니 바라보는 시간을 가장 편안해합니다.), 취미(지역 배드민턴 동호회 활동, 동네 사우나 이용, 변산반도 해안가 풍경 감상) 가족/주거: 장규범 씨는 자녀들과 함께 사는 단독주택 마당에 작은 텃밭을 일구며 가족들이 모두 둘러앉아 저녁을 먹는 시간을 꿈꿉니다. 장규범 씨는 겉으로는 무뚝뚝한 편이지만 자녀들이 좋아하는 반찬을 슬쩍 챙겨주거나 아내의 손을 잡고 산책하는 것으로 애정을 표현합니다. 배우자·자녀와 거주, 단독주택 문화/목표: 부안군 곰소항 인근에서 나고 자라 바다 내음과 흙내음에 익숙하며, 마을 회관이나 지역 종교 모임에서 분위기를 주도하는 역할을 즐깁니다. 고등학교 졸업 후 일찍이 운전대를 잡았기에 학위보다는 현장의 생리와 사람 간의 신의를 더 중요하게 여기는 지역 사회의 일원입니다. 이제는 무리한 장거리 운행 비중을 줄이고 부안 인근의 단거리 운송으로 전환하여 가족과 저녁 식사를 함께하는 시간을 늘리려 합니다. 소유한 단독주택의 마당을 조금씩 가꾸며, 운전 경력을 살려 지역 내 운송 네트워크를 연결하는 작은 소일거리를 찾는 것을 계획하고 있습니다. 스킬: 대형 화물차로 석유 제품을 운송하며 전국 고속도로의 지형과 최적의 경로를 꿰고 있으며, 차량의 미세한 진동만으로도 정비 시점을 알아채는 숙련도를 갖췄습니다. 산업 현장의 엄격한 안전 수칙을 준수하면서도 현장 작업자들과 유연하게 소통하여 상하차 시간을 단축시키는 노하우가 있습니다. 대형 화물차 장거리 운행, 위험물 운송 안전 관리, 차량 기초 정비 및 점검 스포츠/예술: 장규범 씨는 주말마다 부안 읍내 배드민턴 클럽에서 셔틀콕을 강하게 내리꽂으며 특유의 승부욕을 불태웁니다. 장규범 씨는 평소에는 허허실실 웃지만 코트 위에서만큼은 상대의 빈틈을 놓치지 않으려 눈을 가늘게 뜨고 집중하는 버릇이 있습니다. 장규범 씨는 운전석 옆자리에 둔 오래된 라디오에서 흘러나오는 나훈아의 노래를 흥얼거리며 장거리 운행의 지루함을 달랩니다. 장규범 씨는 가끔 스마트폰으로 유튜브에서 최신 트로트 메들리를 찾아보며 박자를 맞추거나, 잠들기 전 돋보기를 쓰고 신문 사설을 읽습니다.",55,"은퇴 전 현금흐름 정리와 건강 지출 대비: 전북 전북-부안군 거주, 대형 화물차 운전원 생활 패턴을 기준으로 자녀 관련 지출 계획화, 주거비 안정화, 취미/관심사(지역 배드민턴 동호회 활동) 지출을 조절하고 강점(대형 화물차 장거리 운행)을 활용해 월별 저축 루틴을 유지하기",2030000
3,이정익,57,그 외 일반 영업원,Male,51800000,경기 경기-남양주시,"이정익 씨는 남양주 다산동의 변화를 함께한 베테랑 유통 영업직이자, 가족의 안녕과 소소한 휴식을 최우선으로 여기는 사교적인 중년 남성입니다. 직업/역량: 이정익 씨는 남양주 일대 유통망을 훤히 꿰뚫고 있으며, 거래처 사장의 미세한 눈썹 떨림만 보고도 가격 협상의 타이밍을 잡는 베테랑 영업원입니다. 무리하게 사업을 확장하기보다 수십 년간 쌓아온 단골들과의 신뢰를 지키며 조용한 은퇴를 준비합니다. 소비·생활 단서: 음식(이정익 씨는 주중에는 배달 앱으로 간편하게 끼니를 해결하며, 외식을 할 때는 정갈한 초밥집이나 시원한 대구탕 같은 고기 없는 한식 메뉴를 선택해 식탁을 채웁니다.), 여행(이정익 씨는 가평이나 양평의 울창한 숲속 캠핑장에 텐트를 치고 숯불에 고기를 구우며, 복잡한 도심을 벗어나 자연 풍경을 바라보는 정적인 여행을 즐깁니다.), 취미(가평 및 양평 인근 숲속 캠핑, 남양주 지역 단골 사우나 방문, 프로야구 TV 중계 시청) 가족/주거: 이정익 씨는 자녀들에게 엄격하기보다 너그러운 아버지이고 싶어 하며, 가족 모두가 함께하는 캠핑 여행에서 직접 요리를 도맡아 하며 가장으로서의 존재감을 확인합니다. 배우자·자녀와 거주, 아파트 문화/목표: 남양주 다산동 일대의 급격한 도시 변화를 몸소 겪으며 성장했고, 고등학교 졸업 후 곧바로 현장에 뛰어들어 발로 뛰는 삶에 익숙합니다. 지역 사회의 다양한 인맥을 관리하는 것을 즐기며, 동창회나 지역 모임에서 분위기를 주도하며 사람들과 어울리는 시간에서 큰 정서적 만족감을 얻습니다. 현재의 안정적인 소득 수준을 유지하면서 자녀들이 사회적으로 완전히 자립할 때까지 든든한 경제적 울타리가 되어주는 것에 가치를 둡니다. 사업의 무리한 확장보다는 기존의 단골 거래처를 내실 있게 관리하며 업무 강도를 서서히 낮추는 완만한 은퇴 설계를 준비하고 있습니다. 스킬: 상대방의 표정과 말투만으로도 원하는 바를 빠르게 캐치해 협상을 유리하게 이끄는 능숙한 대화 기술을 갖추고 있습니다. 수십 년간 도매 시장의 유통 경로를 꿰뚫어 보며 쌓아온 감각 덕분에 복잡한 물류 상황에서도 효율적인 해결책을 즉각적으로 찾아냅니다. 상대 성향 맞춤형 설득 및 협상, 도매 유통망 최적화 경로 분석, 장기 거래처 신뢰 관계 유지 및 관리 스포츠/예술: 이정익 씨는 퇴근 후 거실 소파와 한 몸이 되어 캔맥주를 마시며 프로야구 중계를 보는 시간을 하루 중 가장 기다리며, 응원하는 팀의 실책이 나오면 리모컨을 쥔 손에 힘을 꽉 줍니다. 이정익 씨는 주말에 가족들과 함께 걷는 숲길의 정취나 TV 속 자연 다큐멘터리의 영상미를 감상하며 마음의 평온을 얻습니다.",55,"은퇴 전 현금흐름 정리와 건강 지출 대비: 경기 경기-남양주시 거주, 그 외 일반 영업원 생활 패턴을 기준으로 자녀 관련 지출 계획화, 월 고정 주거비 관리, 취미/관심사(가평 및 양평 인근 숲속 캠핑) 지출을 조절하고 강점(상대 성향 맞춤형 설득 및 협상)을 활용해 월별 저축 루틴을 유지하기",2550000
4,강상현,56,해병대 장교,Male,57400000,서울 서울-광진구,"강상현 씨는 강인한 해병대 장교의 책임감과 광진구 주민으로서의 유연함을 동시에 지닌, 가족과 소소한 일상을 사랑하는 50대 가장입니다. 직업/역량: 강상현 씨는 해병대 장교로서 긴박한 작전 상황에서 부대원들을 적재적소에 배치하는 탁월한 지휘력을 발휘하며, 갈등이 생긴 하급자들 사이를 조율하는 능숙한 중재자로 통합니다. 전역 후에는 광진구 지역 사회의 안전 관리 자문역으로 활동하며 소박하게 마무리하겠다는 계획을 세우고 있습니다. 소비·생활 단서: 음식(강상현 씨는 주 4~6회 외식을 하며 나물 비빔밥이나 청국장 같은 담백한 한식을 즐기며, 군자역 근처 유명 빵집에서 갓 구운 소금빵을 한 봉지 가득 사 들고 귀가하는 것이 일상의 큰 낙입니다.), 여행(강상현 씨는 거창한 해외여행보다는 명절이나 휴가 때마다 배우자와 자녀들을 데리고 고향 친지 집을 방문하여 북적이는 시간을 보내는 것에 만족감을 느낍니다.), 취미(아차산 산책로 걷기, 동네 베이커리 투어, 지인들과의 가벼운 반주와 담소) 가족/주거: 강상현 씨는 엄격한 군인 모습과 달리 집에서는 자녀들과 함께 소금빵을 나눠 먹으며 TV를 보는 다정한 아버지이며, 다세대주택 이웃들과도 거리낌 없이 어울리는 넉살 좋은 가장입니다. 배우자·자녀와 거주, 다세대주택 문화/목표: 해병대라는 엄격한 조직 문화 속에서 수십 년을 보냈지만, 광진구 군자역 인근의 오래된 다세대주택가에 자리를 잡으며 이웃들과 격의 없이 어울리는 유연한 삶의 태도를 갖게 되었습니다. 남은 군 생활을 명예롭게 마무리하는 것에 집중하며, 전역 후에는 그동안 쌓아온 관리 경험을 살려 지역 사회의 안전 관리나 행정 관련 자문 역할을 맡아 소소하게 활동하고 싶어 합니다. 스킬: 긴박한 작전 상황에서 빠르게 판단을 내리고 부대원들을 효율적으로 배치하는 현장 지휘 능력이 탁월하며, 갈등이 생긴 하급자들 사이에서 적절한 타협점을 찾아내는 중재 능력이 뛰어납니다. 실전 중심의 부대 운영 및 병력 배치, 위기 상황에서의 신속한 의사결정, 조직 내 갈등 관리 및 인적 네트워크 조정 스포츠/예술: 강상현 씨는 퇴근 후 아차산 자락의 완만한 산책로를 천천히 걸으며 하루의 긴장을 풀고, 가끔은 동네 친구들과 가벼운 내기 당구를 치며 땀을 흘립니다. 강상현 씨는 주말 저녁 거실에 모여 가족들과 함께 텔레비전 예능 프로그램을 시청하며 크게 웃는 시간을 가장 소중하게 여기고, 가끔은 머리를 식히기 위해 복잡한 퍼즐 맞추기에 몰두합니다.",68,"은퇴 전 현금흐름 정리와 건강 지출 대비: 서울 서울-광진구 거주, 해병대 장교 생활 패턴을 기준으로 자녀 관련 지출 계획화, 월 고정 주거비 관리, 취미/관심사(아차산 산책로 걷기) 지출을 조절하고 강점(실전 중심의 부대 운영 및 병력 배치)을 활용해 월별 저축 루틴을 유지하기",2820000
5,오명순,47,요양 보호사,Female,33400000,광주 광주-북구,"오명순 씨는 광주 북구에서 성실하게 요양보호사로 일하며, 가족의 안식처와 자신의 건강을 위해 묵묵히 하루를 일궈가는 따뜻하고 현실적인 여성입니다. 직업/역량: 오명순 씨는 광주의 요양원에서 치매 어르신들의 갑작스러운 고함에도 눈 하나 깜빡하지 않고 등을 토닥이며 달래는 베테랑 요양보호사입니다. 거동이 힘든 분들의 욕창을 막으려 온몸을 이용해 체위를 변경하는 고된 일과 속에서도, 어르신들의 미세한 표정 변화를 읽어내어 따뜻한 말 한마디를 건네는 섬세함을 가졌습니다. 소비·생활 단서: 음식(오명순 씨는 일주일에 한 번, 북구청 근처의 단골 분식집에서 매콤한 떡볶이와 김밥을 나누어 먹으며 동네 친구들과 일상의 시름을 덜어냅니다. 평소에는 자극적인 고기 요리보다 나물 반찬이 듬뿍 들어간 정갈한 한정식을 주로 먹으며, 배달 음식은 보름에 한 번 정도 가족들과 함께 시켜 먹습니다.), 여행(오명순 씨는 마음 맞는 고향 친구들과 함께 전남의 한적한 숲길이나 바다가 보이는 풍경 좋은 곳으로 짧은 여행을 떠나는 것을 즐깁니다. 유명한 관광지보다는 그냥 멍하니 자연을 바라보며 친구들과 밀린 수다를 떨 수 있는 조용한 장소를 찾아다닙니다.), 취미(임영웅 노래 감상, 무등산 둘레길 산책, 동네 친구들과의 수다) 가족/주거: 오명순 씨는 남편과 자녀들이 함께 사는 아파트에서 집안의 중심을 잡으며, 자녀들과의 대화 주제를 맞추기 위해 억지로라도 최신 유행어를 배우려 노력합니다. 때로는 고집스러운 면이 있어 옛날 방식을 고수하려 하지만, 가족들이 좋아하는 반찬을 정성껏 차려내며 사랑을 표현하는 전형적인 어머니의 모습입니다. 배우자·자녀와 거주, 아파트 문화/목표: 광주 북구에서 나고 자라 이웃 간의 정이 두터운 분위기 속에 생활해 왔으며, 고교 졸업 후 빠르게 사회생활을 시작해 현실적인 생활 감각을 익혔습니다. 가끔은 옛 방식이 편하지만, 자녀들과 소통하기 위해 스마트폰 앱 사용법을 하나씩 배워가며 시대의 흐름을 놓치지 않으려 애씁니다. 현재의 일터에서 동료들에게 신뢰받는 베테랑 요양보호사로 남고 싶어 하며, 차근차근 저축해 전세금을 올려 지금보다 더 안정적인 주거 환경을 마련하는 것에 집중하고 있습니다. 스킬: 거동이 불편한 어르신들의 식사 보조와 욕창 방지를 위한 체위 변경을 능숙하게 수행하며, 치매 어르신들의 돌발 행동에도 당황하지 않고 차분하게 대응하는 노하우가 있습니다. 상대의 작은 표정 변화만으로도 컨디션을 빠르게 읽어내 적절한 정서적 지지를 제공합니다. 치매 어르신 행동 심리 케어, 거동 불편자 이동 보조, 저염식 건강 식단 구성 스포츠/예술: 오명순 씨는 격렬한 운동 대신 무등산의 완만한 산책로를 따라 걸으며 숲의 공기를 마시는 것으로 하루의 피로를 씻어냅니다. 일과 후 집으로 돌아와 거실 바닥에 잠시 누워 즐기는 30분의 낮잠은 그녀가 내일을 버티게 하는 가장 확실한 에너지 충전 방법입니다. 오명순 씨는 스마트폰 화면 가득 임영웅의 노래 영상을 띄워놓고 가사를 따라 부르며 가슴 속에 맺힌 답답함을 해소합니다. 최신 유행하는 앱 사용법이 서툴러 자녀들에게 몇 번이고 되물어 보지만, 화려한 무대 의상과 노래에 빠져드는 시간만큼은 세상 누구보다 행복해합니다.",63,"가족 생활비와 노후 준비의 균형 확보: 광주 광주-북구 거주, 요양 보호사 생활 패턴을 기준으로 자녀 관련 지출 계획화, 월 고정 주거비 관리, 취미/관심사(임영웅 노래 감상) 지출을 조절하고 강점(치매 어르신 행동 심리 케어)을 활용해 월별 저축 루틴을 유지하기",1730000
6,이하윤,37,경리 사무원,Female,45900000,서울 서울-강북구,"이하윤 씨는 서울 강북구 수유동에서 부모님과 함께 살며 꼼꼼한 업무 처리 능력으로 신뢰받는 37세 경리 사무원입니다. 직업/역량: 이하윤 씨는 매달 돌아오는 정산 시기마다 수백 장의 영수증을 대조하며 단 10원의 오차도 허용하지 않는 철두철미함을 보여주는 경리 사무원입니다. 화려한 승진이나 직함의 변화보다는 현재의 사무실에서 누구도 대체할 수 없는 실무의 핵심 인력으로 인정받으며 정년까지 평온하게 근무하는 안정적인 삶을 일궈갑니다. 소비·생활 단서: 음식(이하윤 씨는 주 2~3회 외식을 하며, 나물 비빔밥이나 청국장 같은 담백한 한식이나 정갈한 크림 파스타가 나오는 양식당을 자주 방문합니다. 일주일에 한 번쯤은 집에서 편하게 배달 음식을 시켜 먹으며 TV를 시청하는 소소한 미식 시간을 가집니다.), 여행(이하윤 씨는 친한 친구와 함께 전국 곳곳의 온천이나 스파 리조트를 찾아가 따뜻한 물에 몸을 녹이며 밀린 이야기를 나누는 여행을 즐깁니다. 낯선 해외 도시의 모험보다는 익숙하고 편안한 분위기의 국내 온천 마을에서 온전한 쉼을 누리는 일정을 직접 짭니다.), 취미(넷플릭스로 즐기는 밀도 높은 범죄 스릴러 드라마 시청, 친한 친구들과 함께 떠나는 정기적인 온천 및 스파 여행, 미술관에서 도슨트 설명을 들으며 천천히 작품 관람하기) 가족/주거: 이하윤 씨는 수유동의 좁은 골목길이 있는 다세대 주택에서 부모님과 함께 살며, 매일 아침 들려오는 부모님의 정겨운 잔소리를 일상의 배경음악처럼 여기며 살아갑니다. 부모님과 의견 충돌이 생겨도 감정을 크게 키우지 않고 차분하게 대화를 통해 현실적인 접점을 찾아내는 성숙한 관계를 유지합니다. 부모와 동거, 다세대주택 문화/목표: 수유동 다세대 주택의 좁은 골목길과 부모님의 정겨운 잔소리가 일상인 환경에서 자랐으며, 화려한 도심의 속도감보다는 북한산 자락의 공기와 익숙한 동네 단골집들이 주는 편안함을 소중히 여깁니다. 갑작스러운 승진이나 화려한 성공보다는, 지금의 직장에서 누구도 대체할 수 없는 실무의 핵심 인력으로 인정받으며 정년까지 평온하게 근무하는 안정적인 삶을 지향합니다. 스킬: 수백 장의 영수증과 복잡한 지출 내역 속에서도 단 10원 하나 틀리지 않고 맞추어내는 꼼꼼함과, 매달 반복되는 정산 업무를 오차 없이 처리하는 성실함을 갖추고 있습니다. 엑셀 함수를 활용한 효율적인 장부 정리, 세금계산서 및 증빙 서류의 정밀한 검토, 사업장 운영 비용의 체계적인 관리 스포츠/예술: 이하윤 씨는 격렬한 운동 대신 수유역 근처 사우나의 온탕과 냉탕을 오가며 근육의 피로를 푸는 정적인 휴식으로 체력을 관리합니다. 북한산 자락의 맑은 공기를 마시며 집 주변의 익숙한 골목길을 천천히 산책하는 것으로 하루의 활동량을 채웁니다. 이하윤 씨는 주말이면 친구와 함께 CGV 강북이나 인근 영화관을 찾아 최신 개봉작을 챙겨 보며 일상의 무료함을 달랩니다. 복잡한 현대 미술보다는 서사가 분명한 영화나 소소한 공연을 관람하며 조용히 감상을 정리하는 시간을 즐깁니다.",55,"주거 안정과 중기 목돈 마련: 서울 서울-강북구 거주, 경리 사무원 생활 패턴을 기준으로 부모님 부양 비용 관리, 월 고정 주거비 관리, 취미/관심사(넷플릭스로 즐기는 밀도 높은 범죄 스릴러 드라마 시청) 지출을 조절하고 강점(엑셀 함수를 활용한 효율적인 장부 정리)을 활용해 월별 저축 루틴을 유지하기",2520000
7,김지화,39,"전직 자동차 부품 기술 영업원, 현재 구직중",Female,0,강원 강원-강릉시,"김지화 씨는 철저한 계획성과 사회적 활발함 뒤에 깊은 불안을 숨긴 채, 강릉에서 새로운 도약을 꿈꾸는 전직 기술 영업 전문가입니다. 직업/역량: 김지화 씨는 자동차 부품의 도면 하나, 계약서 문구 한 줄까지 꼼꼼하게 짚어내던 완벽주의 성향의 기술 영업원이었습니다. 현재는 구직 중이지만, 강릉 시내 기업의 관리직으로 들어가 엉망인 업무 프로세스를 체계적으로 뜯어고치고 싶은 야심을 품고 있습니다. 소비·생활 단서: 음식(김지화 씨는 주말이면 강릉 초당순두부 마을에서 뽀얀 순두부 전골을 먹거나, 시내의 분위기 좋은 이탈리안 레스토랑에서 트러플 파스타를 즐깁니다. 일주일에 한 번 정도는 집에서 편하게 족발이나 보쌈을 배달시켜 먹으며 일주일의 피로를 씻어냅니다.), 여행(김지화 씨는 남편이나 친구와 함께 제주도의 조용한 풀빌라나 강원도 내의 숲속 리조트로 떠나 아무것도 하지 않고 쉬는 여행을 즐깁니다. 여행 전날까지 분 단위로 짜인 일정표를 만들어 공유해야 직성이 풀리며, 계획에서 조금이라도 벗어나면 은근히 예민해지는 기질이 있습니다.), 취미(안목해변 카페 거리에서 음악 감상, 넷플릭스 최신 스릴러 시리즈 정주행, 동네 사우나 온탕에서 멍 때리기) 가족/주거: 김지화 씨는 아이들에게는 다정하고 활기찬 엄마지만, 집안 살림만큼은 경영학 전공자답게 구역을 나누어 철저하게 관리하는 엄격한 면모를 보입니다. 남편과는 서로의 영역을 존중하며 지내지만, 가끔 남편의 털털한 정리 습관을 보면 참지 못하고 잔소리를 쏟아내곤 합니다. 배우자·자녀와 거주, 아파트 문화/목표: 강릉의 여유로운 분위기 속에서 살아가지만, 경영과 법을 전공하며 몸에 밴 철저한 계획성과 원칙주의가 생활 전반에 녹아 있습니다. 겉으로는 사교적이고 활기차 보이지만, 혼자만의 시간에는 높은 자기 검열과 불안감을 해소하기 위해 정돈된 환경과 고요한 휴식에 집착하는 면이 있습니다. 전 직장에서 겪은 극심한 긴장감과 스트레스를 뒤로하고, 강릉 지역 내 기업에서 자신의 전문성을 발휘하며 일과 가정의 균형을 찾고자 합니다. 단순한 재취업을 넘어, 효율적인 시스템을 구축해 조직의 생산성을 높이는 관리자 역할로 성장하려는 의지가 강합니다. 스킬: 자동차 부품의 기술적 특성을 정확히 파악해 거래처에 제안하는 B2B 영업 역량과 전공을 살린 세밀한 계약서 검토 능력을 갖추고 있습니다. 납기일 준수와 품질 관리에 있어 타협 없는 기준을 적용해 업무 완결성을 높이는 데 능숙합니다. 자동차 부품 도면 해석 및 기술 제안, B2B 납품 계약서 법적 리스크 검토, 기업 고객사 관리 및 네트워크 확장 스포츠/예술: 김지화 씨는 격렬한 운동 대신 동네 목욕탕의 뜨거운 물에 몸을 담그고 땀을 빼는 정적인 휴식을 통해 신체적 긴장을 해소합니다. 가끔 안목해변의 모래사장을 천천히 걸으며 복잡한 머릿속을 비워내지만, 정해진 걸음 수나 시간을 채워야 한다는 강박 때문에 스마트워치의 수치를 수시로 확인합니다. 김지화 씨는 안목해변 카페 창가에 앉아 아이유의 잔잔한 노래를 들으며 흩어진 생각들을 정돈하는 시간을 소중히 여깁니다. 집에 돌아와서는 넷플릭스의 '마인드헌터' 같은 범죄 스릴러 드라마에 몰입해, 가해자의 심리를 분석하며 현실의 불안을 잠시 잊습니다.",53,"주거 안정과 중기 목돈 마련: 강원 강원-강릉시 거주, 전직 자동차 부품 기술 영업원, 현재 구직중 생활 패턴을 기준으로 자녀 관련 지출 계획화, 월 고정 주거비 관리, 취미/관심사(안목해변 카페 거리에서 음악 감상) 지출을 조절하고 강점(자동차 부품 도면 해석 및 기술 제안)을 활용해 월별 저축 루틴을 유지하기",500000
8,박경미,58,하역 및 적재 관련 단순 종사원,Female,21600000,충청남 충청남-아산시,"박경미 씨는 아산 물류 현장의 베테랑 하역원으로서 삶의 굴곡을 강단 있게 이겨내고, 트로트와 퍼즐로 일상의 여유를 찾는 실속 있는 중년 여성입니다. 직업/역량: 박경미 씨는 아산의 물류 창고에서 짐을 어떻게 쌓아야 공간이 남는지 단번에 파악하는 눈썰미로 하역 업무를 섭렵했습니다. 거친 현장 사람들의 다툼을 능숙하게 말리면서도 제 몫은 확실히 챙기지만, 최근에는 무거워진 몸 때문에 적재함보다는 재고 장부를 관리하는 지도직으로 옮기고 싶어 합니다. 소비·생활 단서: 음식(박경미 씨는 2주에 한 번 꼴로 온양온천 근처 갈빗집에서 지글지글 익는 소갈비를 구워 먹으며 일주일의 피로를 풉니다. 배달 음식은 거의 시켜 먹지 않으며, 가끔 분위기를 내고 싶을 때는 정갈하게 나오는 일식집을 찾아가 초밥과 튀김을 즐깁니다.), 여행(박경미 씨는 복잡한 관광지보다는 마음 맞는 친구들과 함께 조용한 휴양지나 온천 호텔을 찾아가 푹 쉬는 여행을 즐깁니다. 짐을 잔뜩 챙겨 떠난 여행지에서 뜨끈한 물에 몸을 담그고 그동안 쌓인 업무 스트레스를 씻어내는 시간을 가장 소중히 여깁니다.), 취미(1000피스 풍경 퍼즐 맞추기, 온양온천 인근 맛집 탐방, 트로트 노래방) 가족/주거: 박경미 씨는 초등학교 졸업 후 바로 생업에 뛰어들어 고생하며 일궈낸 자가 아파트에서 남편과 단출하게 생활합니다. 남편과는 오랜 세월 함께하며 서로의 성격을 잘 알기에 큰 다툼 없이 무던하게 지내며, 집안의 크고 작은 결정은 주로 본인의 강단 있는 성격대로 이끌어갑니다. 배우자와 거주, 아파트 문화/목표: 아산의 오래된 장터 분위기 속에서 자라며 책보다는 삶의 현장에서 부딪히며 세상을 배웠습니다. 어린 나이에 생업에 뛰어들어 고생했지만, 그만큼 사람 상대하는 법과 강단 있는 태도를 몸소 익히며 성장했습니다. 지금처럼 안정적인 소득을 유지하며 건강하게 현장을 지키는 것에 만족합니다. 다만, 무거워지는 몸 상태를 고려해 하역 업무보다는 재고 관리나 현장 지도직으로 자연스럽게 옮겨가기를 바랍니다. 스킬: 물류 창고의 적재 공간을 한눈에 파악해 가장 효율적으로 짐을 쌓는 공간 감각이 탁월합니다. 거친 현장 사람들과의 갈등을 유연하게 중재하면서도 챙길 건 확실히 챙기는 노련한 현장 관리 능력을 갖췄습니다. 물류 적재 효율 최적화, 현장 인력 갈등 중재, 품목별 하역 우선순위 판단 스포츠/예술: 박경미 씨는 따로 헬스장에 다니거나 운동을 하기보다 하루 종일 물류 창고를 누비며 짐을 옮기는 노동을 일종의 활동량으로 삼습니다. 휴일에는 운동화 끈을 조여 매고 친구들과 함께 온양온천 거리 주변을 천천히 산책하며 수다를 떠는 것으로 몸을 움직입니다. 박경미 씨는 거실 탁자에 천 조각 같은 풍경화 퍼즐을 펼쳐놓고 며칠에 걸쳐 조각을 맞춰나가는 정적인 시간에서 마음의 평온을 찾습니다. 기분 전환이 필요할 때는 동네 노래방을 찾아 임영웅이나 송가인의 최신 트로트를 목청껏 부르며 가슴 속 답답함을 털어냅니다.",59,"은퇴 전 현금흐름 정리와 건강 지출 대비: 충청남 충청남-아산시 거주, 하역 및 적재 관련 단순 종사원 생활 패턴을 기준으로 가족 공동 지출 관리, 월 고정 주거비 관리, 취미/관심사(1000피스 풍경 퍼즐 맞추기) 지출을 조절하고 강점(물류 적재 효율 최적화)을 활용해 월별 저축 루틴을 유지하기",1010000
9,문준승,37,시설 경비원,Male,36100000,서울 서울-노원구,"문준승 씨는 넉살 좋은 성격으로 복합문화공간을 지키는 경비원이자, 내 집 마련의 꿈을 품고 가족을 위해 헌신하며 소소한 예술적 동경을 간직한 30대 가장입니다. 직업/역량: 문준승 씨는 복합문화공간의 입구에서 개성 강한 예술가들의 까다로운 요구를 웃으며 받아내면서도, 안전 규칙 앞에서는 단호하게 선을 긋는 능숙한 현장 관리자입니다. 매일 아침 센터 곳곳을 돌며 작은 균열이나 소음 하나까지 세밀하게 살피지만, 정작 퇴근 후에는 내일 있을 방문객 명단을 수십 번 확인하며 혹시 모를 실수에 불안해하는 습관이 있습니다. 소비·생활 단서: 음식(문준승 씨는 일주일 중 며칠을 집 밖에서 해결하며, 특히 나물 비빔밥이나 청국장 같은 담백한 한식당을 찾아가 든든하게 한 끼를 채웁니다. 퇴근길에는 단골 빵집에 들러 짭조름한 소금빵을 한 봉지 가득 사 들고 가 가족들의 환한 미소를 보는 것으로 하루의 피로를 씻어냅니다.), 여행(문준승 씨는 복잡한 일상을 벗어나 배우자와 함께 제주도의 조용한 숲속 펜션에서 아무런 계획 없이 멍하게 누워 시간을 보내는 휴식을 갈망합니다. 가끔 친구들과 함께 떠나는 여행에서도 유명 관광지를 쫓기보다 시원한 바다가 보이는 카페 테라스에 앉아 끊임없이 수다를 떠는 정적인 시간을 보냅니다.), 취미(상계동 배드민턴 동호회 활동, 동네 유명 빵집 소금빵 투어, 코인 노래방에서 발라드 부르기) 가족/주거: 문준승 씨는 노원구의 전세 아파트에서 아내와 아이들이 내는 작은 웃음소리를 세상에서 가장 큰 위안으로 여기며 살아가는 다정한 가장입니다. 아이들이 마음껏 뛰어놀 수 있는 넓은 집을 선물해주고 싶다는 간절한 마음으로 매일 성실하게 일하며, 주말이면 아이들과 함께 거실 바닥에 누워 뒹굴며 시간을 보냅니다. 배우자·자녀와 거주, 아파트 문화/목표: 노원구 상계동 아파트 단지에서 나고 자라며 이웃 간의 끈끈한 정과 도시의 복잡함을 동시에 경험했습니다. 겉으로는 넉살 좋게 분위기를 주도하며 주변에 사람이 많지만, 집에 돌아오면 작은 소음에도 예민하게 반응하며 내일의 일정을 수십 번 곱씹는 불안감을 안고 삽니다. 지금의 직장에서 성실함을 인정받아 관리직으로 승진하며, 차근차근 전세 자금을 모아 아이들이 마음껏 뛸 수 있는 넓은 내 집을 마련하는 것이 가장 큰 목표입니다. 가끔은 자신이 지키는 공간의 예술적 분위기에 동경을 느끼며 소소한 취미 활동을 전문적으로 배워보고 싶다는 생각도 합니다. 스킬: 창작 스튜디오가 밀집한 복합문화공간에서 근무하며, 개성 강한 예술가들과 까다로운 방문객들의 요구사항을 유연하게 조율하는 현장 대응 능력이 뛰어납니다. 상대의 기분을 살피면서도 단호하게 규칙을 적용해야 하는 상황에서 부드러운 카리스마를 발휘합니다. 다양한 성향의 이용자 민원 조율, 시설 안전 점검 및 취약 구역 관리, 현장 돌발 상황 초기 대응 스포츠/예술: 문준승 씨는 주말이면 중계천 근처 배드민턴 클럽 회원들과 땀을 흘리며 셔틀콕을 주고받는 시간에서 살아있음을 느낍니다. 평일 저녁에는 동네 수영장에서 물살을 가르며 복잡한 머릿속을 비워내고, 가끔은 친구들과 볼링장에서 내기 게임을 하며 유쾌한 소란 속에 섞이는 것을 즐깁니다. 문준승 씨는 답답한 마음이 차오르는 날이면 코인 노래방의 좁은 방 안에서 임창정의 애절한 노래를 목청껏 부르며 가슴 속 응어리를 쏟아냅니다. 근무하는 문화공간의 세련된 전시물들을 멍하니 바라보며 자신만의 소소한 창작 취미를 가져보고 싶다는 동경을 품고, 영화관의 어두운 좌석에서 타인의 삶에 깊게 몰입하곤 합니다.",66,"주거 안정과 중기 목돈 마련: 서울 서울-노원구 거주, 시설 경비원 생활 패턴을 기준으로 자녀 관련 지출 계획화, 월 고정 주거비 관리, 취미/관심사(상계동 배드민턴 동호회 활동) 지출을 조절하고 강점(다양한 성향의 이용자 민원 조율)을 활용해 월별 저축 루틴을 유지하기",1960000
10,국석규,39,단말기 및 통신 서비스 판매원,Male,48400000,서울 서울-광진구,"국석규 씨는 구의동의 정취가 묻어나는 단독주택에서 살며, 신뢰받는 통신 판매원으로 일하며 소박한 일상의 균형을 지켜가는 39세 남성입니다. 직업/역량: 국석규 씨는 광진구 골목에서 휴대폰 매장을 운영하며 복잡한 결합 상품의 구조를 동네 어르신들이 이해하기 쉽게 일상의 언어로 풀어서 설명해 드리는 친절한 해결사입니다. 고객 한 명 한 명의 이용 패턴을 꼼꼼하게 기록해 두었다가 딱 맞는 요금제를 제안하며 지역 주민들 사이에서 두터운 신뢰를 쌓고 있습니다. 소비·생활 단서: 음식(국석규 씨는 일주일에 한 번 퇴근길에 단골 고깃집에 들러 지글지글 익어가는 삼겹살에 쌈을 싸 먹으며 하루의 피로를 씻어냅니다. 보름에 한 번꼴로 주문하는 바삭한 후라이드 치킨은 그가 누리는 가장 큰 미식의 즐거움이자 스스로에게 주는 작은 보상입니다.), 여행(국석규 씨는 마음 맞는 친구들과 함께 지역 축제의 북적이는 인파 속에 섞여 길거리 음식을 나누어 먹으며 일상의 단조로움을 해소합니다. 정해진 일정표 없이 발길 닿는 대로 행사장을 구경하고 현장의 생동감을 느끼는 소소한 나들이를 통해 에너지를 충전합니다.), 취미(한강변 조깅, 정유정 소설 읽기, 지역 벚꽃 축제 방문) 가족/주거: 국석규 씨는 부모님이 남겨주신 오래된 단독주택에서 혼자 지내며 마당의 잡초를 뽑거나 작은 꽃들을 가꾸는 정적인 삶에 익숙합니다. 혼자만의 고요함을 사랑하면서도 가끔은 집안 가득 사람들의 온기가 그리워 친구들을 불러 모아 시끌벅적하게 시간을 보내곤 합니다. 혼자 거주, 단독주택 문화/목표: 광진구 구의동의 오래된 골목길 정취를 좋아하며, PC통신 시절부터 디지털 기기를 만지며 성장해 온 세대의 특성을 가졌습니다. 부모님께 물려받은 단독주택의 마당을 조금씩 가꾸며 서울 도심 속에서도 자신만의 느린 속도를 유지하며 살아갑니다. 단순한 휴대폰 판매점을 넘어, 동네 사람들이 편하게 들러 디지털 기기 고민을 해결하고 차 한 잔 마시는 사랑방 같은 매장을 만드는 것이 목표입니다. 무리한 사업 확장보다는 현재의 단골 고객층을 탄탄하게 유지하며 심리적, 경제적 안정을 다지는 것에 집중합니다. 스킬: 복잡한 최신 단말기 요금제와 결합 상품의 구조를 세밀하게 분석해 고객이 이해하기 쉬운 일상 언어로 풀어서 설명하는 능력이 탁월합니다. 고객별 이용 패턴을 꼼꼼히 기록해 두었다가 최적의 설계를 제안함으로써 지역 주민들에게 깊은 신뢰를 얻습니다. 통신 요금제 최적화 설계, 최신 스마트 기기 기능 가이드, 고객 맞춤형 단말기 추천 스포츠/예술: 국석규 씨는 주말 아침마다 러닝화를 신고 뚝섬한강공원의 강바람을 맞으며 머릿속 잡념을 털어내고, 가끔은 지역 배드민턴 동호회에 나가 셔틀콕을 주고받으며 땀을 흘립니다. 헬스장에서는 남들의 시선을 의식하지 않고 자신만의 정해진 루틴을 묵묵히 수행하며 하루의 성취감을 느끼는 정적인 운동 방식을 고수합니다. 국석규 씨는 정유정 작가의 치밀한 서사가 담긴 소설을 읽으며 서늘한 긴장감을 즐기고, 오후의 나른한 햇살이 거실로 들어올 때면 소파에 깊숙이 누워 단잠에 빠져듭니다. 좋아하는 음악을 잔잔하게 틀어놓고 멍하니 천장을 바라보는 시간은 그가 세상의 소음에서 벗어나 온전히 자신으로 돌아가는 소중한 휴식입니다.",56,"주거 안정과 중기 목돈 마련: 서울 서울-광진구 거주, 단말기 및 통신 서비스 판매원 생활 패턴을 기준으로 1인 생활비와 자기계발비 통제, 주거비 안정화, 취미/관심사(한강변 조깅) 지출을 조절하고 강점(통신 요금제 최적화 설계)을 활용해 월별 저축 루틴을 유지하기",2620000
11,안선희,48,무직,Female,0,서울 서울-노원구,"안선희 씨는 노원구 상계동에 거주하며 인문학적 소양과 꼼꼼한 성격을 바탕으로 지역 사회에서 작은 영향력을 발휘하고, 건강 관리와 자아실현 사이에서 균형을 찾는 40대 여성입니다. 직업/역량: 안선희 씨는 지역 소식지의 복잡한 공고문을 한눈에 들어오게 요약해 이웃들에게 공유하며, 최근에는 지역 아동센터에서 아이들을 가르치기 위해 독서 지도사 자격증 공부에 매진하고 있습니다. 소비·생활 단서: 음식(안선희 씨는 일주일에 네 번 이상 단골 이탈리안 식당을 찾아 리코타 치즈 샐러드를 곁들인 파스타를 먹거나, 정갈한 나물 반찬이 나오는 한정식집에서 식사하는 것을 즐깁니다.), 여행(안선희 씨는 가족들과 함께 조용한 리조트나 숲속 펜션으로 떠나 아무런 계획 없이 늦잠을 자고 책을 읽으며 온전한 휴식을 취하는 시간을 가장 소중히 여깁니다.), 취미(수락산 둘레길 산책, 지역 복지관 교육 봉사, 수채화 그리기) 가족/주거: 안선희 씨는 배우자와 자녀들이 함께하는 북적이는 집안 분위기를 좋아하며, 틈틈이 친정 부모님 댁을 방문해 밀린 이야기를 나누며 가족 간의 유대를 다집니다. 배우자·자녀와 거주, 아파트 문화/목표: 서울 노원구 상계동 아파트 단지에서 오랜 시간 거주하며 이웃들과는 적당한 거리를 유지하면서도 지역 사회의 소소한 흐름을 꿰고 있습니다. 대학 시절 문학을 전공해 텍스트를 깊이 읽는 습관이 있으며, 요즘은 동네 작은 도서관에서 운영하는 인문학 소모임에 나가며 지적 갈증을 해소합니다. 거창한 재취업보다는 그동안 쌓아온 인문학적 소양을 활용해 지역 아동센터에서 아이들에게 책을 읽어주는 독서 지도사 자격증 취득을 준비하고 있습니다. 언젠가 작은 독립 서점을 운영하며 동네 사람들의 인생 이야기를 기록하는 작업을 해보고 싶어 합니다. 스킬: 복잡한 글에서 핵심 내용을 빠르게 짚어 정리하는 능력이 탁월하며, 봉사활동 단체의 운영 일정과 회계 장부를 오차 없이 관리하는 꼼꼼함을 갖췄습니다. 전시회 팸플릿이나 지역 소식지의 정보를 알기 쉽게 요약해 주변 사람들에게 전달하는 일에 능숙합니다. 텍스트 요약 및 분석, 단체 일정 및 예산 관리, 문서 기록 및 아카이빙 스포츠/예술: 안선희 씨는 수락산 둘레길의 흙길을 천천히 밟으며 계절의 변화를 살피고, 주말이면 가족들과 함께 동네 찜질방에서 뜨거운 땀을 빼며 몸의 긴장을 풉니다. 안선희 씨는 동네 작은 도서관의 인문학 소모임에서 텍스트를 깊이 분석해 토론하고, 집에서는 화방에서 새로 산 수채화 물감으로 수락산의 풍경을 캔버스에 옮깁니다.",62,"가족 생활비와 노후 준비의 균형 확보: 서울 서울-노원구 거주, 무직 생활 패턴을 기준으로 자녀 관련 지출 계획화, 월 고정 주거비 관리, 취미/관심사(수락산 둘레길 산책) 지출을 조절하고 강점(텍스트 요약 및 분석)을 활용해 월별 저축 루틴을 유지하기",500000
12,천상희,54,치과위생사,Female,53300000,인천 인천-부평구,"천상희 씨는 부평에서 치과위생사로 일하며 가족의 평온과 정년까지의 안정을 꿈꾸는, 건강 관리가 시급한 50대 여성입니다. 직업/역량: 천상희 씨는 부평의 한 치과에서 수십 년간 스케일링 기구를 잡으며 환자들의 잇몸 건강을 책임져 온 베테랑 치과위생사입니다. 천상희 씨는 치과 공포증으로 떠는 환자에게 나지막한 목소리로 말을 건네 안심시키지만, 정작 업무가 몰리는 오후에는 예민해진 나머지 후배들에게 뾰족한 말투를 내뱉고는 퇴근길에 내심 후회하곤 합니다. 소비·생활 단서: 음식(천상희 씨는 2주에 한 번 정도 가족들과 함께 나물 비빔밥이나 청국장 같은 담백한 한식당을 찾아 식사를 합니다. 천상희 씨는 배달 음식은 한 달에 겨우 한 번 시켜 먹을 정도로 드물게 이용하며, 대신 부평구 골목의 오래된 빵집에서 파는 달콤한 단팥빵을 사 와 가족들과 나누어 먹는 일을 즐깁니다.), 여행(천상희 씨는 가족들과 함께 경주 대릉원의 고분 사이를 천천히 걷거나 부여 궁남지의 연꽃을 바라보며 마음의 평온을 찾습니다. 천상희 씨는 유명 관광지의 북적임보다는 역사 유적지가 주는 고즈넉한 분위기 속에서 가족들과 함께 사색하며 걷는 여행 방식을 고집합니다.), 취미(지역 배드민턴 클럽 활동, 전국 역사 유적지 가족 탐방, 동네 빵집 투어 및 디저트 시식) 가족/주거: 천상희 씨는 부평의 오래된 아파트에서 남편과 자녀들을 위해 헌신하며 가정을 평온하게 유지하는 것에 가장 큰 가치를 둡니다. 천상희 씨는 가족을 깊이 사랑하지만, 때로는 완벽하게 정리되지 않은 집안 꼴을 보며 잔소리를 쏟아냈다가도 금세 마음이 약해져 먼저 말을 거는 모순적인 모습을 보입니다. 배우자·자녀와 거주, 아파트 문화/목표: 부평구의 오래된 아파트 단지에서 자녀들을 키우며 보건 의료 현장의 변화를 몸소 겪어온 세대입니다. 낯선 사람들과의 갑작스러운 모임보다는 오래 알고 지낸 동네 친구들과 집 근처 카페에서 소소한 일상을 나누는 시간을 소중히 여기며, 가족의 평온함을 유지하는 것에 깊은 가치를 둡니다. 새로운 직함이나 높은 직책에 오르는 것보다, 현재의 안정적인 근무 환경에서 큰 사고 없이 정년까지 건강하게 일하는 것을 최우선으로 합니다. 가끔 업무 중 솟구치는 예민함을 다스리며 후배들과 원만한 관계를 유지하는 평온한 직장 생활을 지향합니다. 스킬: 수십 년간 치과 위생사로 근무하며 다져진 정교한 스케일링 기술과 치주 관리 능력을 갖추고 있습니다. 특히 치과 공포증이 있는 환자들의 불안함을 읽어내고 차분한 목소리로 안심시키는 노련한 응대법에 능숙합니다. 정밀 치석 제거 및 잇몸 관리, 환자 맞춤형 구강 보건 교육, 치과 진료 보조 및 기구 소독 관리 스포츠/예술: 천상희 씨는 매주 부평구청 인근 배드민턴 클럽에 나가 셔틀콕을 강하게 쳐내며 일주일간 쌓인 직장 내 스트레스를 날려버립니다. 천상희 씨는 집 앞 공원에서 줄넘기를 하며 땀을 흘리기도 하지만, 조금만 몸이 무겁게 느껴지면 금방 포기하고 벤치에 앉아 쉬는 습관이 있습니다. 천상희 씨는 집안일을 하며 라디오에서 흘러나오는 사연에 귀를 기울이거나 팟캐스트를 통해 세상 돌아가는 이야기를 듣는 시간을 즐깁니다. 천상희 씨는 화려한 공연보다는 동네 작은 카페에서 오래 알고 지낸 친구들과 수다를 떨며 소소한 일상을 나누는 정서적 교감을 소중하게 생각합니다.",68,"은퇴 전 현금흐름 정리와 건강 지출 대비: 인천 인천-부평구 거주, 치과위생사 생활 패턴을 기준으로 자녀 관련 지출 계획화, 월 고정 주거비 관리, 취미/관심사(지역 배드민턴 클럽 활동) 지출을 조절하고 강점(정밀 치석 제거 및 잇몸 관리)을 활용해 월별 저축 루틴을 유지하기",2620000
13,박민종,40,경영 컨설턴트,Male,44300000,서울 서울-강서구,"박민종 씨는 실용주의적 가치관을 가진 베테랑 경영 컨설턴트로, 강서구에서 아내와 살며 당구와 사우나, K리그로 스트레스를 푸는 40대 가장입니다. 직업/역량: 박민종 씨는 중소기업의 엉킨 업무 매뉴얼을 한눈에 파악해 당장 내일부터 적용할 수 있는 현실적인 개선안을 내놓는 경영 컨설턴트입니다. 고객사의 무리한 요구에는 유연하게 웃으며 대처하지만, 계약서상의 마감 기한과 정산금 문제만큼은 단호하게 챙기는 철저함을 보입니다. 소비·생활 단서: 음식(박민종 씨는 퇴근길에 아내와 함께 두툼한 삼겹살을 굽거나 정갈한 초밥 세트를 먹는 외식을 일주일에 대여섯 번이나 즐깁니다. 배달 음식은 보름에 한 번꼴로 이용하며, 대부분의 식사는 식당에서 직접 갓 나온 음식의 온기를 느끼며 해결합니다.), 여행(박민종 씨는 휴가철이면 아내와 함께 강원도 숲길이나 제주도의 한적한 오름을 찾아 조용히 풍경을 감상하는 여행을 떠납니다. 창밖으로 초록색 숲이 보이는 조용한 펜션에 머물며 가족과 도란도란 이야기를 나누는 정적인 휴식을 즐깁니다.), 취미(동네 당구장에서의 3구 경기, 주말 오후 지역 사우나 방문, K리그 경기 시청 및 분석) 가족/주거: 박민종 씨는 아내와 함께 다세대주택에서 생활하며, 주말마다 마곡 서울식물원 산책로를 나란히 걷는 시간을 통해 서로의 안부를 묻고 소소한 고민을 나눕니다. 평소에는 무뚝뚝한 편이지만 아내가 좋아하는 간식을 기억해 퇴근길에 사 들고 가는 다정한 면모를 가지고 있습니다. 배우자와 거주, 다세대주택 문화/목표: 박민종 씨는 PC 통신 시절의 아날로그 감성과 디지털 전환기를 모두 겪으며, 학위보다는 현장에서 몸으로 부딪쳐 배우는 실용적인 가치를 신뢰하게 되었습니다. 주말이면 아내와 함께 마곡 서울식물원 산책로를 걸으며 소소한 대화를 나누는 시간을 가장 소중하게 여깁니다. 겉만 번지르르한 보고서보다는 기업의 통장 잔고를 실제로 바꿀 수 있는 '현장 밀착형 전문가'라는 평판을 공고히 하고 싶어 합니다. 현재의 소득 수준에 안주하지 않고, 실무 경험을 더 쌓아 향후 자신만의 색깔을 가진 소규모 컨설팅 펌을 운영하는 청사진을 그리고 있습니다. 스킬: 중소기업의 복잡한 업무 프로세스에서 병목 지점을 정확히 찾아내어, 내일부터 당장 적용할 수 있는 효율적인 개선안을 도출하는 데 능숙합니다. 까다로운 고객사의 요구사항 앞에서도 유연하게 대처하면서도, 지켜야 할 마감 기한과 계약 조건은 단호하게 챙기는 협상력을 갖추고 있습니다. 실무 중심의 경영 프로세스 최적화, 중소기업 맞춤형 운영 효율화 전략 수립, 고객사 갈등 관리 및 이해관계 조율 스포츠/예술: 박민종 씨는 금요일 저녁이면 발산역 인근 단골 당구장에서 3구 당구 큐대를 잡고 한 주의 스트레스를 털어내며 승부욕을 불태웁니다. 주말 오후에는 거실 소파에 깊숙이 파묻혀 K리그 경기를 시청하며 응원하는 팀의 공격 상황에 맞춰 무의식적으로 소리를 지르곤 합니다. 박민종 씨는 천리안과 하이텔을 쓰던 시절의 아날로그 감성을 간직하고 있어, 오래된 LP판이나 옛날 잡지를 뒤적이는 시간을 즐깁니다. 마곡 서울식물원의 산책로를 천천히 걸으며 계절에 따라 변하는 나무와 꽃의 색감을 눈에 담는 것에서 마음의 평온을 얻습니다.",57,"가족 생활비와 노후 준비의 균형 확보: 서울 서울-강서구 거주, 경영 컨설턴트 생활 패턴을 기준으로 가족 공동 지출 관리, 월 고정 주거비 관리, 취미/관심사(동네 당구장에서의 3구 경기) 지출을 조절하고 강점(실무 중심의 경영 프로세스 최적화)을 활용해 월별 저축 루틴을 유지하기",2180000
14,양준호,50,건물 경비원,Male,30400000,전북 전북-진안군,"양준호 씨는 진안군의 정적인 정서와 철저한 자기관리 능력을 바탕으로 가족의 안정을 위해 헌신하는 성실한 경비원이자 외강내유한 성격의 소유자입니다. 직업/역량: 양준호 씨는 아파트 단지 내 소방 설비와 전기 계량기 수치를 분 단위로 꼼꼼하게 기록하는 결벽에 가까운 성실함을 보이며, 틈틈이 가꾸는 텃밭에서 고추와 상추의 생육 상태를 살펴 수확 시기를 정확히 맞추는 실무 능력을 갖추고 있습니다. 소비·생활 단서: 음식(양준호 씨는 2주에 한 번 진안읍내 단골 중국집에서 얼큰한 짬뽕 한 그릇으로 친구들과 회포를 풀고, 평소에는 나물 비빔밥이나 청국장 같은 담백한 한식 위주의 식단을 챙겨 먹습니다.), 여행(양준호 씨는 고등학교 동창들과 함께 전국의 조용한 온천이나 숲속 휴양림을 찾아가 아무런 계획 없이 멍하니 풍경을 바라보며 일상의 긴장을 내려놓는 휴식 중심의 여행을 즐깁니다.), 취미(80년대 가요 및 올드팝 감상, 진안읍내 중식당 맛집 탐방, 일간지 정독 및 주요 기사 스크랩) 가족/주거: 양준호 씨는 무뚝뚝한 표정으로 거실에 앉아 있지만 자녀들이 취업 준비로 힘들어할 때면 말없이 용돈 봉투를 건네며 가장으로서의 책임감을 무겁게 짊어지고 있습니다. 배우자·자녀와 거주, 아파트 문화/목표: 전북 진안군 마이산 자락의 정적인 분위기 속에서 성장하며 성실함과 책임감을 최고의 가치로 여기는 지역 공동체 정서가 몸에 배어 있습니다. 겉으로는 무던한 이웃처럼 보이지만, 내면에는 자신만의 엄격한 도덕적 잣대와 생활 원칙을 가지고 있어 타협하지 않는 단호한 면모를 지니고 있습니다. 현재의 안정적인 소득원을 유지하며 자녀들이 사회적으로 완전히 자립할 때까지 경제적 버팀목 역할을 충실히 수행하는 것에 집중하고 있습니다. 은퇴 후에는 무리한 확장 없이 지금의 자가 아파트에서 소박하게 생활하며, 고혈압 전단계인 건강 수치를 정상으로 되돌리는 것을 현실적인 목표로 삼고 있습니다. 스킬: 경비 업무를 수행하며 단지 내 시설물 점검표를 분 단위로 세밀하게 기록하고 관리하는 체계적인 운영 능력이 탁월합니다. 틈틈이 가꾸는 텃밭에서 계절별 작물의 생육 상태를 정확히 파악하여 수확 시기를 조절하는 실무적인 농경 지식을 갖추고 있습니다. 시설물 안전 점검 로그 작성 및 관리, 소규모 텃밭 작물 재배 및 병충해 관리, 단지 내 민원 접수 및 체계적 분류 처리 스포츠/예술: 양준호 씨는 해 질 녘 아파트 산책로를 따라 천천히 걸음을 옮기며 하루의 피로를 풀고, 주말이면 진안읍내를 가볍게 소요하며 동네의 소소한 변화를 살피는 것으로 운동을 대신합니다. 양준호 씨는 거실 소파에 앉아 일간지의 정치 면을 정독한 뒤 마음에 드는 칼럼을 가위로 정성껏 오려 스크랩북에 붙이고, 낡은 오디오에서 흘러나오는 조용필의 노래에 귀를 기울이며 시간을 보냅니다.",73,"은퇴 전 현금흐름 정리와 건강 지출 대비: 전북 전북-진안군 거주, 건물 경비원 생활 패턴을 기준으로 자녀 관련 지출 계획화, 월 고정 주거비 관리, 취미/관심사(80년대 가요 및 올드팝 감상) 지출을 조절하고 강점(시설물 안전 점검 로그 작성 및 관리)을 활용해 월별 저축 루틴을 유지하기",1420000
15,이지윤,38,전기기기 설치 및 정비원,Female,50500000,경기 경기-남양주시,"이지윤 씨는 남양주에서 전기 설비 전문가로 일하며 강인한 직업 정신과 섬세한 가정적 면모를 동시에 지닌, 가족의 안식과 개인의 성장을 함께 추구하는 38세 여성입니다. 직업/역량: 이지윤 씨는 거친 기계 소음이 가득한 공장에서 제어반 회로도의 끊긴 지점을 단숨에 찾아내는 정밀한 손길을 가졌으며, 동료들의 실수를 미리 예측해 재작업을 막는 꼼꼼함으로 현장의 신뢰를 얻고 있습니다. 다만 완벽을 기하는 성격 탓에 작업 속도가 느린 후배에게는 날카로운 지적을 서슴지 않아 가끔 현장에서 까칠하다는 평을 듣기도 합니다. 소비·생활 단서: 음식(이지윤 씨는 2주에 한 번 가족들과 함께 동네 소고기 전문점에서 두툼한 갈빗살을 구워 먹으며 일주일의 스트레스를 풀고, 아이들이 특별히 원하는 날에는 크림 파스타와 리조또가 있는 양식당을 찾습니다. 매주 금요일 저녁에는 일주일의 고단함을 보상받기 위해 아이들이 좋아하는 치킨이나 족발을 배달시켜 거실 바닥에 신문지를 깔고 편하게 식사합니다.), 여행(이지윤 씨는 주말이면 남편, 아이들과 함께 남양주 물의 정원이나 북한강 근처의 조용한 카페를 찾아 멍하니 흐르는 강물을 바라보며 복잡한 머릿속을 비워내는 시간을 가집니다. 유명 관광지의 북적임보다는 이름 모를 숲길이나 한적한 강변처럼 자연의 색감이 뚜렷한 곳에서 가족과 함께 조용히 시간을 보내는 것을 즐깁니다.), 취미(북한강변 카페 투어, 네일 아트 및 피부 관리, 반려견과 함께하는 동네 산책) 가족/주거: 이지윤 씨는 공장에서는 누구보다 강단 있는 기술자지만, 집으로 돌아오면 아이들의 작은 표정 변화나 남편의 말투 하나에도 민감하게 반응하는 다정한 엄마이자 아내의 모습으로 돌아옵니다. 다세대주택의 좁은 골목길에서 아이들이 뛰어놀 때 혹시나 다치지는 않을까 늘 노심초사하며, 가족의 정서적 안정이 자신의 삶에서 가장 중요한 가치라고 믿습니다. 배우자·자녀와 거주, 다세대주택 문화/목표: 남양주시 다산동의 다세대주택가에서 아이들을 키우며, 거친 기계 소음이 가득한 공장 현장과 아늑한 집 사이의 온도 차에 익숙해져 있습니다. 전문대 시절부터 기술직을 택해 남성 중심의 작업 환경에서 꼼꼼함과 책임감으로 자리를 잡았지만, 퇴근 후에는 집안의 작은 소음이나 가족의 표정 변화에도 예민하게 반응하는 섬세한 성격이 공존합니다. 전기기능장 자격증을 취득해 현장 실무를 넘어 기술 지도자로 인정받고자 하며, 아이들이 성장함에 따라 육체적 강도가 낮은 전기 안전 관리직으로 직무를 전환하는 계획을 세우고 있습니다. 스킬: 복잡하게 얽힌 제어반 회로도에서 단선된 지점을 빠르게 찾아내고, 오차 없이 전기 설비를 배치하는 정밀함이 뛰어납니다. 특히 기계 설비의 초기 세팅 단계에서 발생할 수 있는 변수를 미리 예측해 불필요한 재작업 시간을 단축하는 능력이 탁월합니다. PLC 제어 회로 설계 및 디버깅, 산업용 전기 설비 설치 및 안전 점검, 전기 도면 해석 및 실무 배치 스포츠/예술: 이지윤 씨는 매일 무거운 전기 설비를 다루는 고된 현장 업무로 이미 충분한 육체 활동을 하고 있어, 따로 헬스장에 가기보다 주말에 가족들과 북한강변 산책로를 천천히 걷는 것으로 체력을 보충합니다. 평소에는 정적인 휴식을 선호하지만, 가끔 집안 분위기를 바꾸기 위해 무거운 가구를 옮기며 땀을 흘리는 일종의 집안일 노동에서 묘한 성취감을 느낍니다. 이지윤 씨는 한 달에 한 번 단골 네일숍을 찾아 화려한 파츠를 올린 아트 디자인으로 투박해진 손끝을 가꾸며 심리적 만족감을 얻고, 잠들기 전 유튜브로 인테리어 소품 영상을 보며 거실의 작은 모서리를 어떻게 꾸밀지 고민합니다. 현장의 회색빛 풍경에서 벗어나 집안만큼은 파스텔톤의 아늑한 공간으로 만들고 싶어 하는 섬세한 미적 욕구를 가지고 있습니다.",66,"주거 안정과 중기 목돈 마련: 경기 경기-남양주시 거주, 전기기기 설치 및 정비원 생활 패턴을 기준으로 자녀 관련 지출 계획화, 월 고정 주거비 관리, 취미/관심사(북한강변 카페 투어) 지출을 조절하고 강점(PLC 제어 회로 설계 및 디버깅)을 활용해 월별 저축 루틴을 유지하기",2740000
16,최정현,27,일반 간호사,Female,51900000,서울 서울-송파구,"최정현 씨는 송파구에 거주하며 환자를 향한 다정함과 업무적 차분함을 겸비한 간호사로, 식물 가꾸기와 자연 속의 휴식을 통해 삶의 균형을 찾는 20대 여성입니다. 직업/역량: 최정현 씨는 병동 환자들의 사소한 말투 변화에서 숨은 고충을 빠르게 읽어내어 보호자들의 두터운 신뢰를 받는 간호사입니다. 응급 상황이 닥쳐도 당황하지 않고 정해진 매뉴얼대로 묵묵히 처치를 수행하지만, 정작 본인의 책상 위 서류 정리는 늘 미루다 퇴근 직전에야 몰아서 처리하는 습관이 있습니다. 소비·생활 단서: 음식(최정현 씨는 일주일에 한 번, 송파구 단골 일식집에서 바삭한 등심 돈카츠나 살얼음 낀 냉소바를 먹으며 한 주 동안 고생한 자신에게 보상을 줍니다. 배달 음식은 한 달에 한 번 정도만 시켜 먹으며, 평소에는 자극적이지 않은 나물 반찬 위주의 한식 식단으로 소박하게 식사합니다.), 여행(최정현 씨는 가평의 깊은 숲속에 있는 조용한 펜션을 찾아 친구들과 함께 초록색 나무들을 멍하니 바라보는 휴식을 즐깁니다. 유명 관광지를 바쁘게 돌아다니기보다 창밖의 풍경이 잘 보이는 숙소에 머물며 병원에서 쌓인 긴장감을 천천히 내려놓는 방식을 택합니다.), 취미(베란다 홈 가드닝, 일식 돈카츠와 소바 맛집 탐방, 유튜브 뷰티 채널 시청 및 홈케어) 가족/주거: 최정현 씨는 부모님이 마련해주신 아파트에서 함께 생활하며 퇴근 후 거실에서 부모님과 일상의 소소한 대화를 나누는 안정적인 관계를 유지합니다. 부모님의 간섭이 가끔은 답답하게 느껴질 때도 있지만, 그 속에서 느끼는 정서적 지지와 편안함 덕분에 사회생활의 고단함을 빠르게 극복합니다. 부모와 동거, 아파트 문화/목표: 송파구 아파트에서 부모님과 함께 지내며, 대학 시절 전공한 사회과학적 관점을 통해 병원이라는 조직 내 인간관계와 환자들의 삶을 입체적으로 바라봅니다. 잠실 석촌호수 산책길의 계절 변화를 살피며 마음의 평온을 찾는 소소한 일상을 소중히 여깁니다. 갑작스러운 변화나 과한 책임감이 따르는 승진보다는, 현재의 위치에서 실수를 줄이고 능숙하게 업무를 처리하는 숙련된 간호사가 되는 것에 만족합니다. 먼 미래에는 조금 더 규칙적인 생활이 가능한 외래 진료실이나 보건 관리직으로 옮겨 삶의 균형을 유지하고 싶어 합니다. 스킬: 환자의 미세한 표정 변화나 말투에서 불편함을 빠르게 읽어내어 유연하게 대처하며, 긴박한 응급 상황에서도 감정에 휘둘리지 않고 매뉴얼대로 차분하게 처치합니다. 환자의 불안함을 낮춰주는 다정한 설명 방식 덕분에 병동 내에서 보호자들의 신뢰가 높습니다. 정맥 주사 및 투약 관리, 환자 심리 상태 파악 및 공감 대화, 응급 상황 대처 매뉴얼 수행 스포츠/예술: 최정현 씨는 땀 흘리는 격렬한 운동보다는 퇴근 후 석촌호수 산책길을 천천히 걸으며 계절이 변하는 풍경을 구경하는 시간을 가집니다. 거창한 헬스장 등록보다는 기분이 내킬 때 집 근처 공원을 가볍게 걷는 정도로 몸을 움직이며 정서적인 환기를 우선시합니다. 최정현 씨는 베란다에 놓인 몬스테라의 찢어진 잎을 정성스럽게 닦아주고 흙을 갈아주며 혼자만의 고요한 시간을 보냅니다. 가끔은 침대에 누워 넷플릭스로 밀린 드라마를 몰아보거나 유튜브의 뷰티 채널을 참고해 새로운 메이크업 방법을 따라 하며 소소한 성취감을 느낍니다.",62,"비상금과 커리어 전환 자금 마련: 서울 서울-송파구 거주, 일반 간호사 생활 패턴을 기준으로 부모님 부양 비용 관리, 월 고정 주거비 관리, 취미/관심사(베란다 홈 가드닝) 지출을 조절하고 강점(정맥 주사 및 투약 관리)을 활용해 월별 저축 루틴을 유지하기",3070000
17,길성환,41,배전반 조작원,Male,45500000,대구 대구-동구,"길성환 씨는 대구 동구의 현장에서 묵묵히 기술을 닦아온 숙련공이자, 가족을 향한 책임감과 건강에 대한 염려 사이에서 균형을 잡으려 애쓰는 평범한 40대 가장입니다. 직업/역량: 길성환 씨는 복잡한 배전반 도면의 선 하나하나를 꼼꼼하게 훑으며 전력을 분배하고, 갑작스러운 정전 사고가 터져도 묵묵히 계통을 점검해 복구하는 현장의 해결사입니다. 월 500만 원 안팎의 소득을 올리며 베테랑으로 인정받고 있지만, 한편으로는 전기산업기사 자격증 책을 펴놓고 전문성을 공인받지 못한 것에 대한 은근한 불안감을 안고 삽니다. 소비·생활 단서: 음식(길성환 씨는 동네 단골 분식집에서 매콤한 떡볶이와 김밥을 시켜놓고 친구들과 소주잔을 기울이며 투박한 대화를 나누는 시간을 가장 좋아합니다. 일주일에 네 번 이상 외식을 하며 고기보다는 깔끔한 나물 반찬이 나오는 한식당이나 간단한 분식류를 즐기며, 배달 음식은 일주일에 한 번 정도로 제한하는 규칙을 가지고 있습니다.), 여행(길성환 씨는 누군가와 일정을 맞추는 피곤함 없이 홀로 떠나는 여행을 즐기며, 조용한 산사나 탁 트인 바다 풍경을 멍하니 바라보는 것으로 머릿속을 비웁니다. 계획적인 성격이지만 여행에서만큼은 발길 닿는 대로 움직이며 자연이 주는 고요함 속에서 가장으로서의 긴장감을 잠시 내려놓습니다.), 취미(팔공산 숲길 단독 산책, 2000년대 초반 발라드 감상, 동네 친구들과의 술자리 잡담) 가족/주거: 길성환 씨는 상가 건물 내 주택이라는 다소 특수한 환경에서 아내, 아이들과 함께 부대끼며 살아가며, 가족을 부양해야 한다는 책임감 때문에 작은 집안일에도 예민하게 반응하곤 합니다. 무뚝뚝한 대구 남자 특유의 말투를 가졌지만, 퇴근길에 아이들이 좋아하는 간식을 사 들고 들어가는 모습에서 가족에 대한 깊은 애정을 드러냅니다. 배우자·자녀와 거주, 비주거용 건물 내 주택 문화/목표: 대구 동구의 투박하고 솔직한 정서 속에서 성장했으며, 고등학교 졸업 후 곧바로 산업 현장에 뛰어들어 몸으로 부딪히며 배운 실용주의적 가치관을 가지고 있습니다. 상가 건물 일부를 개조한 집에서 가족과 함께 지내며 일터와 삶의 경계가 밀접한 환경에 익숙하고, 가장으로서 느끼는 무게감 때문에 작은 변화에도 쉽게 긴장하며 마음을 쓰는 편입니다. 현재의 직무에서 오차 없는 완벽한 숙련도를 유지해 동료들에게 신뢰받는 베테랑이 되는 것에 만족하며, 틈틈이 공부하여 전기산업기사 자격증을 취득해 기술적 전문성을 공인받으려 합니다. 스킬: 복잡하게 얽힌 배전반 회로 도면을 빠르게 해석하여 전력을 안정적으로 분배하며, 현장의 돌발적인 전기 사고 발생 시 매뉴얼에 따라 차분하고 꼼꼼하게 계통을 점검해 복구하는 능력이 탁월합니다. 배전반 회로 도면 분석 및 설계 검토, 산업용 전력 설비 유지보수, 전기 안전 규정 준수 및 현장 점검 스포츠/예술: 길성환 씨는 주말이면 복잡한 생각들을 털어내기 위해 팔공산의 한적한 숲길을 홀로 천천히 걷는 시간을 통해 마음의 평온을 찾습니다. 평소에는 운동이라고 할 만한 활동이 거의 없으며, 대부분의 시간을 거실 소파에 누워 휴식을 취하며 보내는 정적인 생활 습관을 가지고 있습니다. 길성환 씨는 거실 소파에 깊숙이 몸을 파묻고 SG워너비의 애절한 노래를 듣거나 '미스터트롯' 출연자들의 무대를 보며 하루의 피로를 씻어냅니다. 화려한 예술 작품보다는 TV 속 친근한 가수의 노래나 익숙한 멜로디에서 정서적 위안을 얻으며 짧은 낮잠으로 에너지를 충전합니다.",64,"가족 생활비와 노후 준비의 균형 확보: 대구 대구-동구 거주, 배전반 조작원 생활 패턴을 기준으로 자녀 관련 지출 계획화, 주거비 안정화, 취미/관심사(팔공산 숲길 단독 산책) 지출을 조절하고 강점(배전반 회로 도면 분석 및 설계 검토)을 활용해 월별 저축 루틴을 유지하기",2350000
18,김승원,51,엘리베이터 설치 및 정비원,Male,48200000,대구 대구-동구,"김승원 씨는 대구 동구에서 어머니와 함께 살며 승강기 정비 기술 하나로 삶을 일궈온, 겉은 무뚝뚝해도 속은 따뜻한 50대 미혼 남성입니다. 직업/역량: 김승원 씨는 낡은 승강기 기계실에서 들리는 미세한 쇳소리만으로 어느 부품이 마모되었는지 귀신같이 찾아내는 대구 동구의 베테랑 정비공입니다. 복잡한 제어반 배선도를 빠르게 훑어 오작동 지점을 잡아내며, 이제는 욕심을 버리고 후배들에게 현장 짬밥에서 우러나오는 실전 노하우를 전수하는 데 시간을 씁니다. 소비·생활 단서: 음식(김승원 씨는 2주에 한 번 정도 정갈한 초밥집을 찾아 일식을 즐기거나, 구수한 냄새가 진동하는 청국장 집에서 든든하게 식사를 합니다. 일주일에 한 번은 배달 앱으로 간단한 야식을 시켜 먹으며 하루의 스트레스를 해소합니다.), 여행(김승원 씨는 마음 맞는 고향 친구들과 함께 팔공산의 단풍이나 낙동강의 물줄기 같은 자연 풍경을 찾아 떠나는 짧은 여행을 즐깁니다. 유명한 관광지의 북적임보다는 이름 모를 한적한 시골길을 천천히 드라이브하며 창밖 풍경을 감상하는 시간을 소중히 여깁니다.), 취미(안동호 민물낚시, 라디오 음악 프로그램 청취, 팔공산 둘레길 산책) 가족/주거: 김승원 씨는 대구 동구의 오래된 아파트에서 연로하신 어머니를 모시며 무뚝뚝하지만 깊은 효심으로 일상을 공유합니다. 어머니의 잔소리를 묵묵히 듣고 있으면서도, 필요한 생필품은 말없이 미리 사다 놓는 전형적인 경상도 아들의 모습을 보입니다. 어머니와 동거, 아파트 문화/목표: 대구 동구의 오래된 아파트에서 어머니를 모시며 살아온 세월이 길어, 집 근처 팔공산 자락의 한적한 풍경과 익숙한 동네 이웃들이 주는 정서적 안정감을 중요하게 여깁니다. 화려한 유행보다는 손에 잡히는 실용적인 가치를 믿으며, 무뚝뚝해 보여도 내 사람이라고 생각하는 이들에게는 말없이 챙겨주는 전형적인 경상도 중년의 정서를 가지고 있습니다. 무리하게 사업을 확장하기보다는 현재의 기술력을 유지하며 사고 없이 현장을 관리하는 것에 집중하고, 퇴직 전까지 후배들에게 실전에서 바로 써먹을 수 있는 정비 노하우를 전수하는 베테랑으로 남고 싶어 합니다. 스킬: 낡은 승강기에서 발생하는 미세한 소음만 듣고도 어느 부품이 마모되었는지 정확히 짚어내며, 복잡하게 얽힌 제어반 배선 도면을 빠르게 분석해 현장에서 즉각적으로 오작동을 잡아내는 숙련된 감각을 보유하고 있습니다. 승강기 제어반 회로 분석 및 트러블슈팅, 권상기 및 가이드 레일 정밀 수평 조절, 노후 엘리베이터 부품 교체 및 안전 진단 스포츠/예술: 김승원 씨는 주말이면 낡은 낚시 가방을 챙겨 안동호나 낙동강 변의 한적한 포인트에서 찌를 바라보며 온종일 물멍을 즐깁니다. 평일 저녁에는 집 근처 팔공산 자락의 산책로를 느릿하게 걸으며 무거운 몸을 조금씩 움직여 봅니다. 김승원 씨는 퇴근 후 거실 소파에 깊숙이 파묻혀 라디오에서 흘러나오는 조용필이나 최백호의 옛 노래를 들으며 하루의 긴장을 풉니다. 가끔은 팟캐스트를 통해 세상 돌아가는 이야기를 듣지만, 복잡한 논쟁보다는 소소한 일상 이야기를 나누는 방송을 즐겨 듣습니다.",52,"은퇴 전 현금흐름 정리와 건강 지출 대비: 대구 대구-동구 거주, 엘리베이터 설치 및 정비원 생활 패턴을 기준으로 1인 생활비와 자기계발비 통제, 월 고정 주거비 관리, 취미/관심사(안동호 민물낚시) 지출을 조절하고 강점(승강기 제어반 회로 분석 및 트러블슈팅)을 활용해 월별 저축 루틴을 유지하기",2330000
19,박원목,46,그 외 기계장비 설치 및 정비원,Male,51600000,대구 대구-달서구,"박원목 씨는 대구의 가구 공장에서 숙련된 기술로 가정을 지탱하며, 삼성 라이온즈와 사우나를 사랑하는 성실하고 보수적인 중년 가장입니다. 직업/역량: 박원목 씨는 대구 성서산업단지 내 가구 공장에서 자동화 라인을 책임지며, 기계가 내는 아주 미세한 쇳소리만 듣고도 베어링 마모 상태를 정확히 맞히는 정밀함을 보입니다. 박원목 씨는 갑작스러운 설비 정지로 생산 라인이 멈추는 상황을 끔찍이 싫어해 매일 아침 남들보다 30분 일찍 출근해 기계 곳곳에 기름칠을 마칩니다. 소비·생활 단서: 음식(박원목 씨는 일주일에 한 번 정해진 날에 가족들과 함께 동네 중식당에서 짬뽕과 탕수육을 주문해 먹으며 한 주를 마무리합니다. 박원목 씨는 고기구이보다는 구수한 청국장이나 나물 위주의 한정식을 즐기며, 주말 저녁에는 아내가 시켜준 치킨 배달 음식을 함께 나누어 먹습니다.), 여행(박원목 씨는 고등학교 시절부터 알고 지낸 고향 친구들과 함께 전국의 유명한 골프장이나 레포츠 시설을 찾아다니는 여행을 즐깁니다. 박원목 씨는 세밀한 여행 계획을 짜기보다 친구들이 정해준 일정에 묵묵히 따라가며 그들과 함께 땀 흘리는 활동적인 시간을 보냅니다.), 취미(달성공원 산책로 걷기, 유튜브 기계 정비 영상 시청, 동네 코인 노래방에서 트로트 부르기) 가족/주거: 박원목 씨는 무뚝뚝한 말투 탓에 자녀들에게 다정한 아버지는 아니지만, 아이들의 학원비와 미래를 위해 묵묵히 현장에서 땀 흘리는 책임감 강한 가장입니다. 박원목 씨는 아내와의 대화가 서툴러 헛기침을 자주 하지만, 퇴근길에 아내가 좋아하는 제철 과일을 잊지 않고 사 오는 세심함을 보입니다. 배우자·자녀와 거주, 아파트 문화/목표: 대구 달서구의 아파트 단지에서 아이들을 키우며 성실하게 가정을 일궈온 가장으로, 겉으로는 무뚝뚝해 보이지만 내면에는 가족을 향한 깊은 책임감과 보수적인 성실함이 자리 잡고 있습니다. 현장에서 쌓은 기술적 신뢰를 바탕으로 동료들에게 인정받는 최고 숙련공이 되어, 정년까지 큰 사고 없이 안정적으로 가계 소득을 유지하는 것에 집중합니다. 스킬: 가구 공장의 자동화 설비가 멈추지 않도록 세밀하게 정비하며, 기계의 미세한 진동이나 소음만으로도 고장 부위를 정확히 짚어내는 숙련된 기술력을 보유하고 있습니다. 자동 절단기 정밀 수평 조절, 유압 시스템 누유 진단 및 보수, 설비 가동 효율 분석 스포츠/예술: 박원목 씨는 삼성 라이온즈의 경기가 있는 날이면 거실 소파에 정자세로 누워 TV 중계에 몰입하며, 결정적인 홈런이 터질 때마다 무심코 소리를 지르다 가족들을 놀라게 합니다. 박원목 씨는 경기 결과에 따라 그날의 기분이 좌우될 만큼 팀에 깊이 몰입해 있으며, 패배한 날에는 평소보다 말수가 더 적어집니다. 박원목 씨는 시끄러운 공장 소음에서 벗어나고 싶을 때면 가끔 조용한 경주 불국사나 안동 하회마을 같은 고즈넉한 문화유적지를 찾아 천천히 걷는 시간을 가집니다. 박원목 씨는 화려한 현대 미술 전시회보다는 시간이 멈춘 듯한 오래된 건축물과 자연 풍경을 보며 마음의 안정을 찾습니다.",59,"가족 생활비와 노후 준비의 균형 확보: 대구 대구-달서구 거주, 그 외 기계장비 설치 및 정비원 생활 패턴을 기준으로 자녀 관련 지출 계획화, 월 고정 주거비 관리, 취미/관심사(달성공원 산책로 걷기) 지출을 조절하고 강점(자동 절단기 정밀 수평 조절)을 활용해 월별 저축 루틴을 유지하기",2670000
20,이경수,45,무직,Male,0,경기 경기-용인시 기흥구,"이경수 씨는 기계 정비 기술과 탁월한 사회성을 갖췄음에도 현재는 무직 상태로, UFC 분석과 가족 산책으로 내면의 불안함을 달래며 소박한 창업을 꿈꾸는 용인의 40대 가장입니다. 직업/역량: 이경수 씨는 전문대학 시절부터 다진 기계 정비 능력을 살려 고장 난 가전제품의 결함을 단숨에 찾아내 고쳐내지만, 현재는 직장 없는 공백기 속에서 자신의 사회성을 발휘할 수 있는 소규모 전문 매장 창업을 꿈꾸며 매일 시장 조사를 다닙니다. 소비·생활 단서: 음식(이경수 씨는 점심에는 구수한 청국장 냄새가 진동하는 보리밥집에서 나물 반찬을 듬뿍 넣어 비벼 먹고, 저녁에는 동네 주점에서 지인들과 시끌벅적하게 안주를 나누며 하루의 긴장을 풉니다.), 여행(이경수 씨는 주말이면 아이들의 손을 잡고 자연 명승지가 포함된 근교로 소풍을 떠나며, 가족들과 함께 활동적인 레포츠 체험을 즐기며 가장으로서의 유대감을 확인합니다.), 취미(UFC 및 로드FC 경기 분석 시청, 기흥구 일대 숨은 한식 맛집 탐방, 정치 및 경제 관련 팟캐스트 청취) 가족/주거: 이경수 씨는 밖에서는 누구보다 싹싹한 성격으로 주변 사람들을 챙기며 분위기를 주도하지만, 집으로 돌아오면 예민해진 신경 탓에 아이들이 장난감을 떨어뜨리는 작은 소음에도 날카롭게 반응해 배우자의 눈치를 봅니다. 배우자·자녀와 거주, 아파트 문화/목표: 기흥호수공원 주변을 산책하며 아이들과 시간을 보내는 일상을 즐기지만, 문득 찾아오는 미래에 대한 불안감에 밤잠을 설치곤 합니다. 동네 모임에서는 분위기를 주도하는 활기찬 모습이지만, 집에 돌아오면 급격히 예민해져 작은 소음에도 신경을 곤두세우는 면이 있습니다. 조직의 압박에서 벗어나 자신의 사회성을 발휘할 수 있는 작은 규모의 개인 사업이나 소품종 전문 매장을 운영하며 정서적 안정을 찾고 싶어 합니다. 거창한 성공보다는 가족들과의 저녁 식사를 보장받으면서도 사회적 존재감을 유지할 수 있는 소박한 일터를 꿈꿉니다. 스킬: 상대의 표정 변화만 보고도 원하는 바를 빠르게 캐치해 대화를 유연하게 이끄는 능력이 탁월합니다. 전문대학 시절부터 익힌 실무 지식과 현장 경험을 바탕으로 복잡한 기계 장치의 결함을 빠르게 찾아내고 해결책을 제시하는 데 능숙합니다. 상대방의 심리를 읽는 유연한 협상력, 전자기기 하드웨어 유지보수 및 수리, 지역 상권 흐름 분석 및 고객 응대 스포츠/예술: 이경수 씨는 밤늦게 유튜브로 UFC 경기 영상을 돌려보며 파이터들의 잽과 킥 궤적을 초 단위로 분석하고, 이를 바탕으로 온라인 커뮤니티에 상세한 기술 분석글을 올리는 일에 깊이 몰두합니다. 이경수 씨는 운전 중이나 휴식 시간에 라디오와 팟캐스트를 통해 세상 돌아가는 이야기를 듣고, 취향에 맞는 짧은 영상 콘텐츠를 찾아보며 무료한 시간을 보냅니다.",61,"가족 생활비와 노후 준비의 균형 확보: 경기 경기-용인시 기흥구 거주, 무직 생활 패턴을 기준으로 자녀 관련 지출 계획화, 월 고정 주거비 관리, 취미/관심사(UFC 및 로드FC 경기 분석 시청) 지출을 조절하고 강점(상대방의 심리를 읽는 유연한 협상력)을 활용해 월별 저축 루틴을 유지하기",500000
21,고은경,46,판금원,Female,47200000,경기 경기-용인시 기흥구,"고은경 씨는 용인에서 근무하는 숙련된 판금원으로, 성실한 저축과 절제된 일상을 통해 내 집 마련의 꿈을 키워가는 강인하고 차분한 40대 여성입니다. 직업/역량: 고은경 씨는 용인의 자동차 부품 공장에서 찌그러진 외판의 곡선을 손끝의 감각으로 읽어내며 망치질 한 번에 매끄러운 면을 만들어내는 베테랑 판금원입니다. 고등학교 졸업 후 곧바로 현장에 뛰어들어 굳은살이 박인 손으로 금속의 성질을 다스리며, 도면의 수치보다 자신의 경험을 믿고 정교하게 마감하는 작업 방식에 자부심을 느낍니다. 소비·생활 단서: 음식(고은경 씨는 일주일에 두세 번 남편과 함께 동네 고깃집에서 지글지글 익는 삼겹살에 소주 한 잔을 곁들이며 하루의 고단함을 나눕니다. 가끔은 기분 전환을 위해 유명한 베이커리에 들러 갓 구운 소금빵이나 단팥빵을 한 봉지 가득 사 들고 귀가하는 소소한 사치를 누립니다.), 여행(고은경 씨는 가끔 가족들을 뒤로하고 홀로 강릉이나 속초의 한적한 바닷가 숙소를 예약해 며칠간 아무것도 하지 않는 휴식을 취합니다. 파도 소리를 들으며 멍하게 시간을 보내거나 해변 길을 정처 없이 걷는 단순한 일정만으로도 다시 일터로 돌아갈 에너지를 충전합니다.), 취미(동네 배드민턴 클럽 활동, 동네 사우나에서 휴식하기, 최신 개봉 영화 관람) 가족/주거: 고은경 씨는 용인 기흥의 낡은 연립주택에서 배우자, 자녀와 함께 부대끼며 살아가며, 공장의 거친 소음 속에서 보낸 시간을 집안의 정막함으로 상쇄하려 노력합니다. 무뚝뚝한 말투가 버릇처럼 배어 있지만, 자녀들의 옷가지와 집안 곳곳을 말끔하게 정리하는 모습에서 가족을 향한 깊은 책임감과 애정을 드러냅니다. 배우자·자녀와 거주, 연립주택 문화/목표: 용인 기흥구의 오래된 연립주택 단지에서 가족들과 함께 살며, 공장의 거친 소음과 집안의 정막함 사이의 균형을 맞추며 살아갑니다. 고등학교 졸업 후 곧바로 현장에 뛰어들어 몸으로 부딪히며 배운 삶의 태도가 몸에 배어 있으며, 화려함보다는 내실 있는 일상을 소중히 여깁니다. 현재의 숙련도를 유지하며 현장에서 믿음직한 선배로 남는 것에 만족하며, 매달 꼬박꼬박 모으는 적금을 통해 전세를 벗어나 가족들이 온전히 쉴 수 있는 작은 내 집을 마련하고자 합니다. 스킬: 찌그러진 자동차 외판의 곡선을 손끝의 감각만으로 파악해 망치와 판금 장비로 매끄럽게 펴내는 숙련된 기술을 보유하고 있습니다. 도면의 수치 너머로 금속의 성질을 이해해 오차 없이 면을 맞추는 정교한 마감 능력이 뛰어납니다. 자동차 외판 판금 교정, 스팟 용접 및 접합 기술, 금속 표면 연마 및 다듬기 스포츠/예술: 고은경 씨는 퇴근 후 기흥역 인근의 배드민턴 코트에서 셔틀콕을 강하게 때리며 하루의 스트레스를 날려버립니다. 집 근처 공원에서 줄넘기를 하며 땀을 흘리는 정적인 반복 운동을 즐기며, 이를 통해 공장에서 쌓인 육체적 피로와 정신적 압박감을 해소합니다. 고은경 씨는 주말이면 동네 사우나의 휴게실에 누워 최신 패션 잡지나 생활 정보지를 천천히 넘겨보며 잡념을 비워냅니다. 가끔 혼자 영화관을 찾아 화려한 영상미보다는 잔잔한 여운이 남는 한국 영화를 관람하며, 일상의 소란함에서 벗어나 오직 자신만의 정서적 공간을 만듭니다.",60,"가족 생활비와 노후 준비의 균형 확보: 경기 경기-용인시 기흥구 거주, 판금원 생활 패턴을 기준으로 자녀 관련 지출 계획화, 주거비 안정화, 취미/관심사(동네 배드민턴 클럽 활동) 지출을 조절하고 강점(자동차 외판 판금 교정)을 활용해 월별 저축 루틴을 유지하기",2440000
22,김현희,38,무직,Female,0,인천 인천-미추홀구,"김현희 씨는 공학적 꼼꼼함으로 가정을 돌보며 송도 입성과 남동공단 재취업을 꿈꾸는 미추홀구의 현실적인 주부입니다. 직업/역량: 김현희 씨는 공학 전공자 특유의 감각으로 이케아 가구를 능숙하게 조립하고 고장 난 전등을 직접 갈며, 훗날 남동공단 품질 관리직으로 재취업해 사회적 소속감을 되찾고 싶어 합니다. 소비·생활 단서: 음식(김현희 씨는 2주에 한 번 외식을 할 때면 단골 분식집에서 매콤한 쫄면과 참치김밥을 주문해 먹으며, 주 1회 배달 음식으로 일상의 단조로움을 달랩니다.), 여행(김현희 씨는 가족과 함께 시티투어 버스를 타고 도시 곳곳을 둘러보는 여행을 즐기며, 낯선 화려함보다는 인천 특유의 투박한 골목길이 주는 안도감 속에서 휴식을 취합니다.), 취미(문학산 등산 및 숲길 산책, 이문세 노래 부르기, 동네 분식집 쫄면 맛집 탐방) 가족/주거: 김현희 씨는 미추홀구 다세대 주택의 한정된 공간을 공학적 동선으로 재배치해 효율적인 살림을 꾸리며, 아이들이 성장하는 과정을 묵묵하고 책임감 있게 지켜보는 어머니입니다. 배우자·자녀와 거주, 다세대주택 문화/목표: 미추홀구의 다세대 주택 밀집 지역에서 아이들을 키우며, 공학 전공자 특유의 효율 중심적 사고로 집안의 동선과 살림살이를 체계적으로 배치해 사용합니다. 화려한 도심의 생활보다는 인천 특유의 투박하지만 정겨운 시장 분위기와 익숙한 동네 골목길이 주는 안도감 속에서 삶의 중심을 잡고 있습니다. 아이들이 어느 정도 성장하면 전공을 살려 인근 남동공단 쪽의 품질 관리나 안전 관리직으로 재취업해 다시 사회적 소속감을 느끼고 싶어 합니다. 거창한 커리어보다는 매달 꼬박꼬박 들어오는 월급으로 가족과 함께 송도 근처의 깨끗한 아파트로 이사하는 실질적인 목표를 가지고 있습니다. 스킬: 복잡한 설명서를 빠르게 이해하고 실행하는 능력이 좋아, 집안의 고장 난 전등을 갈거나 이케아 가구를 조립할 때 망설임 없이 도구를 다룹니다. 엑셀을 활용해 가족의 건강 검진 기록과 연간 지출 내역을 세밀하게 정리하여 한눈에 파악할 수 있도록 관리합니다. 이케아 가구 및 소형 가전 조립, 엑셀 기반 가계 지출 데이터 분석, 효율적인 실내 수납 공간 설계 스포츠/예술: 김현희 씨는 주말마다 가족들의 손을 잡고 문학산 등산로를 천천히 오르며, 이마에 맺힌 땀방울과 함께 일주일 동안 가슴 속에 쌓인 답답함을 털어냅니다. 김현희 씨는 가끔 혼자 동네 코인 노래방의 좁은 방에 들어가 이문세의 광화문 연가를 목놓아 부르며 자신만의 정서적 해방감을 만끽합니다.",60,"주거 안정과 중기 목돈 마련: 인천 인천-미추홀구 거주, 무직 생활 패턴을 기준으로 자녀 관련 지출 계획화, 월 고정 주거비 관리, 취미/관심사(문학산 등산 및 숲길 산책) 지출을 조절하고 강점(이케아 가구 및 소형 가전 조립)을 활용해 월별 저축 루틴을 유지하기",500000
23,허현화,54,무직,Female,0,부산 부산-강서구,"허현화 씨는 부산 강서구에서 가족과 이웃을 세심히 살피며, 소박한 정원 가꾸기와 영상 기록을 통해 일상의 평온함을 찾아가는 배려심 깊은 중년 여성입니다. 직업/역량: 허현화 씨는 공식적인 직함은 없지만 명지동 골목길의 크고 작은 갈등을 조용히 해결해주는 동네 중재자 역할을 하며, 최근에는 지역 커뮤니티 센터의 원예 수업에 출석하며 마당 화단을 가꾸는 법을 배우고 있습니다. 소비·생활 단서: 음식(허현화 씨는 명지동 인근의 숨은 소바 맛집이나 초밥 전문점을 찾아다니는 미식 활동을 즐기며, 일주일에 두세 번은 배달 앱으로 깔끔한 한식 차림을 시켜 가족들과 나누어 먹습니다.), 여행(허현화 씨는 절친한 친구들과 함께 남해나 제주의 조용한 숙소를 예약해 온종일 낮잠을 자거나 창밖 바다를 멍하니 바라보며 지친 심신을 회복하는 휴양 여행을 즐깁니다.), 취미(낙동강 하구둑 산책로 사진 촬영, 모바일 퍼즐 게임, 일본식 소바 및 초밥 맛집 탐방) 가족/주거: 허현화 씨는 남편과 자녀들의 세세한 식성과 건강 상태를 모두 기억해 매주 외식 메뉴를 조율하는 살림꾼이지만, 가끔은 가족들의 요구를 다 들어주느라 정작 자신이 먹고 싶은 메뉴는 말하지 못하고 웃어넘기곤 합니다. 배우자·자녀와 거주, 단독주택 문화/목표: 부산 강서구 명지동의 한적한 골목에서 오랫동안 거주하며, 이웃들의 사소한 고민을 묵묵히 들어주고 다독여주는 동네의 조용한 중재자로 통합니다. 거창한 사회적 성취보다는 지역 커뮤니티 센터의 원예 과정을 완강하여, 마당의 작은 화단을 계절마다 다채로운 꽃들로 채워나가는 소박한 성취를 꿈꿉니다. 스킬: 가족 구성원 각자의 입맛과 건강 상태를 세밀하게 기억해 매주 외식 메뉴를 조율하며, 최근에는 유튜브를 통해 익힌 영상 편집 앱으로 가족 여행 영상을 정성스럽게 제작합니다. 가족 맞춤형 외식 메뉴 큐레이팅, 스마트폰 영상 편집 앱 활용, 갈등 중재 및 경청 스포츠/예술: 허현화 씨는 낙동강 하구둑 산책로를 따라 천천히 걸으며 풍경 사진을 찍는 것으로 하루를 시작하고, 가끔은 가벼운 등산화를 신고 낮은 산을 오르며 복잡한 마음을 정리합니다. 허현화 씨는 캡컷 같은 영상 편집 앱을 활용해 가족 여행지에서 찍은 영상들을 정성스럽게 이어 붙여 기록물을 만들고, 비 오는 오후에는 거실에서 조용한 음악을 틀어놓고 사색에 잠깁니다.",57,"은퇴 전 현금흐름 정리와 건강 지출 대비: 부산 부산-강서구 거주, 무직 생활 패턴을 기준으로 자녀 관련 지출 계획화, 주거비 안정화, 취미/관심사(낙동강 하구둑 산책로 사진 촬영) 지출을 조절하고 강점(가족 맞춤형 외식 메뉴 큐레이팅)을 활용해 월별 저축 루틴을 유지하기",500000
24,이은순,50,소규모 상점 경영자,Female,58500000,경기 경기-고양시 일산서구,"이은순 씨는 공학적 논리와 다정한 성품을 겸비한 일산의 소규모 상점 운영자로, 가족의 안정과 이웃과의 정을 소중히 여기며 배드민턴과 트로트로 활력을 찾는 50대 여성입니다. 직업/역량: 이은순 씨는 공학 전공 시절 익힌 최적화 원리를 매장 진열대에 적용해 손님들이 가장 편하게 움직이는 동선을 설계했으며, 단골들이 무심코 던진 취향을 메모해 두었다가 정확한 상품을 추천하는 섬세함으로 일산서구 골목 상권을 지키고 있습니다. 다만 재고 수량을 맞추는 일에 지나치게 몰두한 나머지, 가끔은 정작 마감 시간을 놓치고 멍하니 카운터에 앉아 있을 때가 있습니다. 소비·생활 단서: 음식(이은순 씨는 주말이면 가족들과 함께 동네 유명한 돼지갈비집에서 외식을 하며 한 주의 피로를 풀고, 기분 전환이 필요할 때는 짬뽕의 얼큰한 국물을 찾는 식생활을 유지합니다. 배달 음식의 편리함보다는 직접 식당에 가서 갓 나온 요리를 먹는 생동감을 좋아하며, 식당 아주머니와 정답게 수다를 떨며 서비스 만두 하나를 더 얻어내는 소소한 기쁨을 누립니다.), 여행(이은순 씨는 친한 친구들과 함께 강원도 평창의 울창한 전나무 숲길을 걷거나 제주도의 푸른 바다를 멍하니 바라보며 마음의 평온을 찾는 여행을 즐깁니다. 계획을 촘촘하게 세우기보다 발길 닿는 대로 걷는 것을 좋아하지만, 정작 숙소의 침구 청결 상태나 화장실 위생에는 예민하게 반응해 친구들에게 잔소리를 늘어놓기도 합니다.), 취미(일산 호수공원 배드민턴 모임, 친구들과의 트로트 노래방 방문, 경기도 외곽 숲길 산책 및 풍경 사진 촬영) 가족/주거: 이은순 씨는 일산신도시 아파트에서 남편과 자녀들을 위해 따뜻한 집밥을 준비하는 시간을 소중히 여기며, 자녀들이 사회의 일원으로 당당히 자립할 수 있도록 보이지 않는 곳에서 든든한 버팀목 역할을 합니다. 가족을 너무 아끼는 나머지 가끔은 과한 걱정으로 간섭하게 되어 자녀와 짧은 냉전을 겪기도 하지만, 결국 먼저 다가가 과일을 깎아주며 화해의 손길을 내밉니다. 배우자·자녀와 거주, 아파트 문화/목표: 일산신도시의 정돈된 주거 환경에서 오랜 기간 생활하며 이웃들과의 정을 중요하게 여기는 분위기에 익숙합니다. 공학 전공자로서의 논리적인 사고방식을 가지고 있지만, 실제 생활에서는 주변 사람들의 기분을 먼저 살피고 챙기는 다정한 성격이 더 크게 나타납니다. 현재 운영하는 상점이 동네 사람들이 편하게 들러 이야기를 나누는 사랑방 같은 공간이 되기를 바라며, 무리한 확장보다는 내실 있는 운영을 통해 자녀들이 안정적으로 자립할 수 있는 기반을 유지하는 것에 가치를 둡니다. 스킬: 매장 진열과 재고 관리 단계에서 전공 지식을 활용해 가장 효율적인 동선을 설계하며, 단골손님들이 지나가듯 말한 취향을 기억해 정확한 상품을 추천하는 세밀한 응대 능력을 갖추고 있습니다. 효율적인 매장 공간 배치, 단골 고객 성향 분석 및 관리, 소규모 사업장 재고 최적화 스포츠/예술: 이은순 씨는 주말마다 일산 호수공원의 시원한 바람을 맞으며 배드민턴 셔틀콕을 주고받는 시간에서 삶의 활력을 얻으며, 땀을 뻘뻘 흘리며 코트를 누비는 동안만큼은 일상의 모든 걱정을 잊어버립니다. 승부욕이 강하지 않아 상대의 실수에도 너털웃음을 터뜨리지만, 정작 자신의 턴에 셔틀콕을 헛스윙하면 민망함에 얼굴이 빨개져 한참을 쑥스러워합니다. 이은순 씨는 마음이 답답할 때면 단골 노래방으로 달려가 임영웅의 노래를 목청껏 부르며 스트레스를 날려버리고, 최신 트로트 가사를 완벽하게 외워 친구들 사이에서 작은 스타가 되는 것을 즐깁니다. 음악에 취해 흥이 오르면 평소의 조심스러운 성격은 온데간데없이 마이크를 꼭 쥔 채 화려한 손동작까지 곁들이는 반전 매력을 보여줍니다.",62,"은퇴 전 현금흐름 정리와 건강 지출 대비: 경기 경기-고양시 일산서구 거주, 소규모 상점 경영자 생활 패턴을 기준으로 자녀 관련 지출 계획화, 월 고정 주거비 관리, 취미/관심사(일산 호수공원 배드민턴 모임) 지출을 조절하고 강점(효율적인 매장 공간 배치)을 활용해 월별 저축 루틴을 유지하기",2880000
25,박현희,32,산업 안전원,Female,47900000,경기 경기-의정부시,"박현희 씨는 인문학적 감수성과 산업 안전이라는 냉철한 전문성을 동시에 갖춘, 내면의 고요함을 사랑하는 32세 직장인입니다. 직업/역량: 박현희 씨는 전기 설비 제조 현장의 먼지 날리는 작업장 사이를 누비며, 낡은 배전반의 미세한 틈새나 헐거운 전선 하나를 날카롭게 잡아내는 산업 안전원입니다. 딱딱한 법령집의 문구들을 현장 반장님들이 바로 알아들을 수 있는 구수한 입말로 풀어서 설명하며 신뢰를 쌓고 있으며, 최근에는 퇴근 후 피곤함을 무릅쓰고 산업안전지도사 자격증 시험 공부에 매달리고 있습니다. 소비·생활 단서: 음식(박현희 씨는 일주일에 한 번 정도 외식을 하며, 고기구이보다는 정갈한 나물 반찬이 나오는 보리밥 정식이나 청국장 같은 소박한 한식당을 찾습니다. 하지만 스트레스가 극에 달한 날에는 배달 앱을 켜서 두툼한 페퍼로니 피자나 육즙 가득한 수제 버거를 주문해 평소의 정갈한 식습관을 잠시 잊고 자극적인 맛에 탐닉합니다.), 여행(박현희 씨는 친한 친구나 연인과 함께 강원도 평창의 전나무 숲이나 제주도의 오름처럼 탁 트인 자연경관을 찾아 떠나는 여행을 즐깁니다. 화려한 관광지보다는 이름 모를 작은 들꽃이 피어 있는 한적한 산책로를 찾아다니며 사진을 찍고, 조용한 풍경 속에 섞여 들어가는 시간에서 진정한 휴식을 얻습니다.), 취미(북한산 둘레길 산책, 오늘의집 인테리어 소품 수집, 넷플릭스 다큐멘터리 시청) 가족/주거: 박현희 씨는 의정부의 오래된 동네 정취가 남아 있는 아파트에서 부모님을 모시고 함께 살며, 퇴근 후 부모님과 나누는 소소한 대화에서 안정을 찾습니다. 독립을 꿈꾸면서도 부모님에 대한 책임감과 익숙함 때문에 전세 계약 만료 때마다 갈등하지만, 결국은 다시 가족 곁에 머무는 선택을 반복하고 있습니다. 부모와 동거, 아파트 문화/목표: 의정부의 오래된 골목과 신축 아파트가 공존하는 환경에서 자랐으며, 인문학적 감수성을 유지한 채 거친 제조 현장에서 안전을 책임지는 독특한 생활 궤적을 그려왔습니다. 현재의 전문성을 다지기 위해 산업안전지도사 자격 취득을 준비하고 있으며, 현장의 경직된 분위기를 유연하게 바꾸어 사고 없는 일터를 만드는 실질적인 성과를 내고 싶어 합니다. 스킬: 현장의 노후된 전선 하나, 작은 균열 하나가 초래할 사고를 직관적으로 포착하며, 복잡한 안전 법규를 현장 작업자들이 이해하기 쉬운 일상의 언어로 풀어서 설명하는 데 능숙합니다. 위험성 평가 보고서 작성, 산업안전보건법 준수 여부 점검, 현장 안전 교육 실시 스포츠/예술: 박현희 씨는 주말이면 등산화 끈을 꽉 조여 매고 북한산 자락의 호젓한 숲길을 천천히 걷으며 일주일간 쌓인 소음을 털어냅니다. 격렬한 운동보다는 나무 사이로 비치는 햇살을 구경하거나 흙냄새를 맡으며 걷는 정적인 움직임을 통해 정신적인 허기를 채웁니다. 박현희 씨는 대학 시절 배운 인문학적 감수성을 집안 곳곳의 분위기를 바꾸는 인테리어 소품 배치에 쏟아붓습니다. 특히 은은한 전구색 간접 조명을 조절해 방 안의 공기를 바꾸는 일에 집착하며, 가끔은 책상 위에 놓인 작은 도자기 오브제 하나를 몇 시간 동안 이리저리 옮겨 놓는 강박적인 면모를 보입니다.",58,"주거 안정과 중기 목돈 마련: 경기 경기-의정부시 거주, 산업 안전원 생활 패턴을 기준으로 부모님 부양 비용 관리, 월 고정 주거비 관리, 취미/관심사(북한산 둘레길 산책) 지출을 조절하고 강점(위험성 평가 보고서 작성)을 활용해 월별 저축 루틴을 유지하기",2630000
26,서나미,46,음식료품 판매원,Female,41100000,경기 경기-남양주시,"서나미 씨는 남양주에서 식료품 판매원으로 일하며 예술적 감각과 현실적 생활력을 동시에 갖춘, 빵과 인테리어를 사랑하는 40대 여성입니다. 직업/역량: 서나미 씨는 남양주의 한 식료품 매장에서 손님의 눈빛만 보고도 찾는 물건을 척척 골라내며, 제철 나물과 어울리는 양념장을 슬쩍 추천해 구매를 유도하는 베테랑 판매원입니다. 매장 진열대를 마치 갤러리처럼 계절 색감에 맞춰 배치하는 감각이 뛰어나며, 나중에는 자신만의 예술적 취향을 담은 작은 식료품 편집숍을 차려 사람들에게 영감을 주고 싶어 합니다. 소비·생활 단서: 음식(서나미 씨는 남양주 인근의 숨겨진 빵집들을 찾아다니며 갓 구운 소금빵이나 치아바타의 질감을 수첩에 꼼꼼히 기록하는 빵 애호가입니다. 외식할 때는 고깃집보다는 정갈한 나물 반찬이 나오는 보리밥집이나 두부 요리 전문점을 찾으며, 배달 음식은 한 달에 단 한 번만 시켜 먹을 정도로 집밥의 온기를 중요하게 생각합니다.), 여행(서나미 씨는 주말이면 남편과 아이들의 손을 잡고 가평이나 양평의 한적한 숲길을 걸으며 초록색 풍경이 주는 평온함을 만끽합니다. 유명한 관광지보다는 이름 없는 작은 산책로나 강변의 고요한 분위기를 찾아다니며 가족들과 도란도란 이야기를 나누는 시간을 소중히 여깁니다.), 취미(남양주 지역 베이커리 탐방 및 기록, 지역 커뮤니티 센터 배드민턴 활동, 인테리어 및 홈 스타일링 영상 시청) 가족/주거: 서나미 씨는 남양주의 조용한 아파트 단지에서 배우자, 자녀와 함께 북적거리며 살아가며, 고등학교 졸업 후 바로 뛰어든 사회생활의 맵고 짠 경험들을 아이들에게 지혜롭게 들려줍니다. 가족들에 대한 책임감이 강해 살림을 야무지게 챙기면서도, 가끔은 아이들의 눈을 피해 혼자만의 상상 세계로 도피하는 엉뚱한 엄마의 모습을 보입니다. 배우자·자녀와 거주, 아파트 문화/목표: 남양주의 조용한 주거단지에서 가족들과 함께하며, 고등학교 졸업 후 곧바로 사회생활을 시작해 삶의 현장에서 부딪히며 배운 실용적인 감각을 가지고 있습니다. 예술적인 감수성이 높아 집안 곳곳을 아기자기한 소품으로 꾸미는 것을 즐기며, 가끔은 현실의 제약에서 벗어나 엉뚱한 상상을 하며 시간을 보내곤 합니다. 현재의 안정적인 판매 업무를 충실히 수행하면서도, 언젠가는 자신의 예술적 취향을 온전히 담아낸 작은 특색 식료품 편집숍을 운영하고 싶어 합니다. 단순히 물건을 파는 곳이 아니라, 사람들에게 영감을 주는 공간을 만드는 것이 소소한 꿈입니다. 스킬: 식료품 매장에서 오랫동안 근무하며 손님의 표정만 보고도 원하는 제품을 찾아내거나, 함께 구매하면 좋은 식재료를 자연스럽게 제안하는 능력이 탁월합니다. 매장의 진열대를 색감과 계절감에 맞춰 배치하여 고객의 시선을 끄는 감각적인 공간 구성에 능숙합니다. 고객 심리 기반의 맞춤형 식료품 추천, 시각적 효과를 고려한 상품 진열 및 VMD, 재고 순환을 고려한 효율적인 발주 관리 스포츠/예술: 서나미 씨는 동네 체육센터에서 배드민턴 셔틀콕을 강하게 때리며 땀을 흘리는 시간에서 일상의 스트레스를 시원하게 날려버립니다. 집 앞 공터에서 줄넘기를 하며 숨이 턱 끝까지 차오르는 느낌을 즐기지만, 운동이 끝난 후에는 보상 심리로 시원한 캔맥주 하나를 따는 습관이 있습니다. 서나미 씨는 잠들기 전 침대에 누워 유튜브로 북유럽풍 인테리어 영상을 보며 거실 소파와 식탁의 위치를 머릿속으로 수십 번 옮겨보는 상상을 즐깁니다. 집안 곳곳에 아기자기한 유럽풍 소품과 레이스 식탁보를 배치해 자신만의 작은 아지트를 꾸미는 것에 깊은 애정을 쏟습니다.",58,"가족 생활비와 노후 준비의 균형 확보: 경기 경기-남양주시 거주, 음식료품 판매원 생활 패턴을 기준으로 자녀 관련 지출 계획화, 월 고정 주거비 관리, 취미/관심사(남양주 지역 베이커리 탐방 및 기록) 지출을 조절하고 강점(고객 심리 기반의 맞춤형 식료품 추천)을 활용해 월별 저축 루틴을 유지하기",2120000
27,강미현,51,교육 및 훈련 사무원,Female,40200000,부산 부산-부산진구,"강미현 씨는 부산진구의 변화를 즐기는 개방적인 태도로 금융권 사무직의 전문성을 유지하며, 가족의 화목과 소소한 빵 쇼핑에서 행복을 찾는 50대 여성입니다. 직업/역량: 강미현 씨는 금융사 교육 담당자로서 강사 섭외부터 비용 정산까지의 복잡한 행정 과정을 빈틈없이 처리하며, 상급자의 까다로운 요청을 유연하게 받아내면서도 실무자들의 서류 작업을 줄여주는 효율적인 업무 방식을 고집하는 능숙한 살림꾼입니다. 소비·생활 단서: 음식(강미현 씨는 일주일에 네 번 이상 가족들과 함께 삼겹살집이나 한정식집을 방문해 든든한 한 끼를 챙기고, 출출한 오후에는 배달 앱으로 치아바타 같은 담백한 빵을 주문해 커피와 곁들이는 식습관을 지녔습니다.), 여행(강미현 씨는 남편과 자녀, 그리고 연로하신 아버지를 모시고 경주 불국사의 고요한 분위기나 부여 낙화암의 풍경을 찾아다니며, 화려한 관광지보다 세월의 흔적이 묻어나는 유적지의 정취 속에서 가족과 함께 안식을 찾습니다.), 취미(유튜브 숏폼 영상 시청하며 생각 비우기, 국내 역사 유적지 가족 여행, 전포동 베이커리 카페 투어) 가족/주거: 강미현 씨는 고집 있는 아버지와 남편, 그리고 자녀 사이에서 갈등이 생길 때마다 특유의 유연함으로 분위기를 누그러뜨리며, 가족 모두가 만족할 만한 외식 메뉴를 결정하고 조율하는 집안의 실질적인 중심축입니다. 배우자·자녀·아버지와 거주, 주택 이외의 거처 문화/목표: 부산진구 서면과 전포동 일대의 급격한 변화를 일상적으로 접하며, 새로운 유행이나 문화에 거부감 없이 다가가는 개방적인 태도를 지녔습니다. 고등학교 졸업 후 곧바로 금융권 실무에 뛰어들어 삶의 현장에서 부딪히며 배운 현실 감각이 몸에 배어 있으며, 시부모님이나 자녀 사이에서 갈등을 유연하게 중재하는 한국적인 가정의 중심 역할을 수행하고 있습니다. 현재 맡은 사무 행정 프로세스를 더 간소화하여 동료들이 불필요한 서류 작업 없이 편하게 교육에 집중할 수 있는 환경을 만들고자 합니다. 급격한 직위 상승이나 성취보다는 지금의 숙련도를 유지하며 가족들과 보내는 저녁 시간을 온전히 지킬 수 있는 안정적인 직장 생활을 지향합니다. 스킬: 금융사 내 교육 운영 업무를 전담하며 복잡한 연간 훈련 일정표를 빈틈없이 짜고, 강사 섭외부터 비용 정산까지의 행정 전 과정을 능숙하게 처리합니다. 다양한 연령대의 직원들을 상대하며 상대의 기분을 살피면서도 필요한 요구사항은 정확하게 전달하는 실무형 소통 능력을 갖췄습니다. 연간 교육 훈련 커리큘럼 수립 및 일정 관리, 교육 예산 집행 및 증빙 서류 정산, 사내 교육 플랫폼 운영 및 학습 이력 관리 스포츠/예술: 강미현 씨는 땀 흘리는 격렬한 운동보다는 주말에 가족들과 함께 유적지 산책로를 천천히 거니는 것을 즐기며, 평일 퇴근 후에는 침대와 한 몸이 되어 낮잠을 자는 것으로 하루의 피로를 씻어냅니다. 강미현 씨는 거창한 전시회보다는 유튜브의 짧은 인테리어 팁 영상을 보며 집안 가구 배치를 조금씩 바꾸는 것에 흥미를 느끼고, 전포동 카페 거리의 감각적인 가게들이 보여주는 진열 방식과 분위기를 구경하는 심미안을 가졌습니다.",57,"은퇴 전 현금흐름 정리와 건강 지출 대비: 부산 부산-부산진구 거주, 교육 및 훈련 사무원 생활 패턴을 기준으로 자녀 관련 지출 계획화, 주거비 안정화, 취미/관심사(유튜브 숏폼 영상 시청하며 생각 비우기) 지출을 조절하고 강점(연간 교육 훈련 커리큘럼 수립 및 일정 관리)을 활용해 월별 저축 루틴을 유지하기",1980000
28,김가윤,44,건물 경비원,Female,32300000,전북 전북-군산시,"김가윤 씨는 군산에서 경비원으로 일하며 자녀를 홀로 키우는 강인한 생활력의 소유자로, 정적인 일상 속에서 소소한 문화생활과 가족과의 여행으로 위안을 얻는 40대 여성입니다. 직업/역량: 김가윤 씨는 군산의 자동차 부품 공장 단지 내 아파트에서 경비원으로 근무하며, 입주민들의 차량 번호와 출입 패턴을 수첩에 꼼꼼히 기록해 관리합니다. 김가윤 씨는 민원인이 거칠게 항의하는 상황에서도 끝까지 이야기를 듣고 매뉴얼대로 처리하여 단지 내에서 가장 믿음직한 해결사로 통합니다. 소비·생활 단서: 음식(김가윤 씨는 주 2~3회 외식을 하며 나물 비빔밥이나 청국장 같은 담백한 한식을 즐기고, 가끔은 깔끔한 초밥이나 우동이 나오는 일식집을 찾습니다. 김가윤 씨는 배달 음식의 자극적인 맛보다는 식당에서 직접 갓 지은 밥을 먹는 것을 선호하며, 한 달에 한 번 정도만 편의로 배달 앱을 사용합니다.), 여행(김가윤 씨는 자녀와 함께 고군산군도의 선유도를 방문해 끝없이 펼쳐진 푸른 바다와 하얀 모래사장을 걷는 시간을 가장 소중하게 여깁니다. 김가윤 씨는 몇 년에 한 번씩 큰맘 먹고 떠나는 해외여행에서 낯선 도시의 풍경을 배경으로 가족사진을 남기며 살아갈 힘을 얻습니다.), 취미(고군산군도 해안도로 드라이브 및 풍경 감상, 최신 개봉 영화 관람 및 감상평 기록, 동네 단골 미용실에서의 헤어 스타일 관리) 가족/주거: 김가윤 씨는 이혼 후 홀로 자녀를 키우며 오직 아이의 미래만을 위해 자신의 욕구는 뒷전으로 미룬 채 헌신적인 삶을 살아갑니다. 김가윤 씨는 퇴근 후 아이와 함께 거실에 앉아 오늘 하루 있었던 일을 도란도란 나누며 정서적 유대감을 쌓는 시간을 가장 행복해합니다. 자녀와 거주 (한부모), 아파트 문화/목표: 군산 은파호수공원 근처의 조용한 아파트 단지에서 자녀와 함께 생활하며, 퇴근 후 집안 곳곳을 정리하고 내일을 준비하는 정적인 일상을 보냅니다. 고등학교 졸업 후 곧바로 사회생활의 거친 풍파를 겪어내며 다져진 생활력과, 한부모로서 자녀를 지켜내야 한다는 책임감이 삶의 중심을 잡고 있습니다. 현재의 안정적인 소득을 유지하며 자녀가 성인이 될 때까지 든든한 버팀목이 되어주는 것을 최우선으로 생각합니다. 무리한 직종 변경보다는 지금 있는 곳에서 입주민들에게 '가장 믿음직한 경비원'이라는 평판을 얻으며 정년까지 평온하게 근무하고 싶어 합니다. 스킬: 단지 내 입주민들의 차량 번호와 출입 패턴을 정확히 기억하며, 시설물의 작은 결함이나 이상 징후를 빠르게 포착해 보고하는 꼼꼼함을 갖추고 있습니다. 예상치 못한 민원 상황에서도 차분하게 상대의 말을 끝까지 듣고 매뉴얼에 따라 해결책을 제시하는 능숙한 대처 능력을 보여줍니다. 단지 내 시설물 안전 점검 및 이상 유무 모니터링, 입주민 민원 접수 및 차분한 중재 능력, 출입 차량 및 방문객 기록의 정확한 관리 스포츠/예술: 김가윤 씨는 주말이면 자녀의 손을 잡고 근처 산등성이를 천천히 오르며 숲내음을 맡고, 정상에서 내려다보는 전북의 풍경을 사진으로 남깁니다. 김가윤 씨는 격렬한 운동보다는 느릿한 걸음으로 자연을 감상하며 마음의 평온을 찾는 활동을 즐깁니다. 김가윤 씨는 마음이 답답한 날이면 혼자 CGV 군산점을 찾아 최신 개봉 영화에 몰입하며 현실의 고단함을 잠시 잊습니다. 김가윤 씨는 지역 축제에서 열리는 소규모 전시회를 둘러보며 정적인 예술 작품이 주는 위로를 가슴에 담습니다.",61,"가족 생활비와 노후 준비의 균형 확보: 전북 전북-군산시 거주, 건물 경비원 생활 패턴을 기준으로 부모님 부양 비용 관리, 월 고정 주거비 관리, 취미/관심사(고군산군도 해안도로 드라이브 및 풍경 감상) 지출을 조절하고 강점(단지 내 시설물 안전 점검 및 이상 유무 모니터링)을 활용해 월별 저축 루틴을 유지하기",1780000
29,이동성,53,무직,Male,0,충청남 충청남-천안시 서북구,"이동성 씨는 분석적인 정보통신 전공 지식과 충청도식 여유를 가진 채, 건강 관리와 소박한 일상의 균형을 찾는 50대 가장입니다. 직업/역량: 이동성 씨는 전공인 정보통신기술 지식을 활용해 집안의 낡은 공유기 설정을 최적화하고 고장 난 가전제품의 회로를 분석해 고치며 소소한 성취감을 느낍니다. 최근에는 무리한 재취업보다 자신의 기술을 가볍게 나눌 수 있는 소규모 기술 자문이나 파트타임 일자리를 알아보며 규칙적인 하루를 설계하고 있습니다. 소비·생활 단서: 음식(이동성 씨는 2주에 한 번 정도 가족들과 외식을 하며, 고기 구이보다는 정갈한 나물 반찬이 나오는 한정식이나 얼큰한 짬뽕 한 그릇의 중식을 즐깁니다. 배달 음식의 자극적인 맛보다 시장에서 직접 산 두부김치에 시원한 막걸리를 곁들이는 소박한 상차림을 선호합니다.), 여행(이동성 씨는 배우자와 함께 전국의 호젓한 숲길이나 바다 풍경이 보이는 한적한 외곽 마을을 찾아다니며 마음의 여유를 찾습니다. 이름 없는 작은 정자나 나무 그늘 아래서 멍하니 풍경을 바라보는 시간을 소중히 여깁니다.), 취미(천호지 호수공원 아침 산책, 종이 신문 탐독 및 스크랩, 광덕산 등산 및 자연 풍경 감상) 가족/주거: 이동성 씨는 가족들이 스마트폰 앱 설정으로 쩔쩔매고 있을 때 슬그머니 다가가 단숨에 해결해 주는 집안의 디지털 해결사 역할을 수행합니다. 다정한 말솜씨는 부족해 무뚝뚝하게 보일 때가 많지만, 가족들의 필요를 미리 파악해 가전제품의 먼지를 닦아내는 식으로 애정을 표현합니다. 배우자·자녀와 거주, 아파트 문화/목표: 천안 서북구의 도시화 과정을 직접 겪으며 살아온 지역 주민으로, 정보통신기술 전공자 특유의 분석적인 시각과 충청도 특유의 여유로운 태도가 공존합니다. 실용적인 가치를 중시하며, 새로운 기술을 접할 때도 그것이 내 삶의 편의를 어떻게 구체적으로 높여줄지를 먼저 계산하는 습관이 있습니다. 사회적 지위나 거창한 성취보다는 자신의 전문성을 가볍게 활용할 수 있는 소규모 기술 자문이나 파트타임 일자리를 통해 규칙적인 생활 리듬을 유지하려 합니다. 무리한 확장보다는 현재의 건강 상태를 고려한 적정 수준의 경제 활동과 가족과의 시간을 균형 있게 맞추는 것에 집중합니다. 스킬: 집안의 복잡한 네트워크 설정을 최적화하거나 구형 가전제품의 고장 원인을 논리적으로 찾아내 해결하는 능력이 탁월합니다. 전공 지식을 바탕으로 가족들의 디지털 기기 활용을 돕는 해결사 역할을 하며, 복잡한 정보를 간단한 도표나 목록으로 정리해 전달하는 데 능숙합니다. 가정 내 네트워크 및 와이파이 최적화, 디지털 기기 하드웨어 기본 정비, 엑셀을 활용한 가계 지출 체계적 관리 스포츠/예술: 이동성 씨는 이른 아침 천호지 둘레길의 서늘한 공기를 마시며 생각을 정리하고, 주말이면 친구들과 함께 광덕산 자락을 천천히 오르는 것을 즐깁니다. 숨이 턱 끝까지 차오르는 급경사보다는 숲의 풍경을 감상하며 느긋하게 걷는 호흡을 유지합니다. 이동성 씨는 매일 아침 배달된 종이 신문의 사회면을 돋보기 없이 꼼꼼히 읽으며 세상 돌아가는 이치를 분석하는 정적인 시간을 보냅니다. 복잡한 시사 이슈를 자신만의 논리적인 목록으로 정리해 메모지에 적어두는 습관이 있습니다.",64,"은퇴 전 현금흐름 정리와 건강 지출 대비: 충청남 충청남-천안시 서북구 거주, 무직 생활 패턴을 기준으로 자녀 관련 지출 계획화, 월 고정 주거비 관리, 취미/관심사(천호지 호수공원 아침 산책) 지출을 조절하고 강점(가정 내 네트워크 및 와이파이 최적화)을 활용해 월별 저축 루틴을 유지하기",500000
30,이준혁,48,철도 고가 전선 가설원,Male,53500000,충청남 충청남-천안시 동남구,"이준혁 씨는 천안에서 철도 전선 가설원으로 일하며 아버지와 함께 사는, 책임감 강하고 실용적인 성격의 40대 가장입니다. 직업/역량: 이준혁 씨는 고소 작업차 위에서 강풍을 견디며 철도 전선의 장력을 정밀하게 조절하는 베테랑 가설원입니다. 이준혁 씨는 현장의 안전 수칙을 철저히 지키면서도 공사 기한이 촉박할 때는 빠르게 대안을 찾아내는 능숙함을 보이며, 후배들에게 실질적인 기술 노하우를 전수하는 안전 관리 책임자를 꿈꿉니다. 소비·생활 단서: 음식(이준혁 씨는 일주일에 네 번 이상 외식을 하며, 주로 동료들과 함께 동네 한식당에서 두툼한 돼지갈비를 구워 먹거나 신선한 회가 나오는 일식집을 방문합니다. 이준혁 씨는 배달 음식은 2주에 한 번 정도만 시킬 정도로 집 밖에서 사람들과 함께 식사하며 관계를 맺는 것을 즐깁니다.), 여행(이준혁 씨는 가족과 함께 전국의 이름난 산이나 강, 바다를 찾아가 탁 트인 자연 풍경을 감상하는 여행을 즐깁니다. 이준혁 씨는 유명 관광지의 인위적인 볼거리보다 맑은 공기와 고요한 숲길이 주는 평온함을 선호하며 가족의 안녕을 확인하는 시간을 소중히 여깁니다.), 취미(태조산 및 광덕산 등산, 동네 배드민턴 클럽 활동, 헬스장 유산소 운동) 가족/주거: 이준혁 씨는 천안에서 나고 자라 현재까지 연로하신 아버지와 함께 아파트에서 살며 집안의 실질적인 가장 역할을 수행하고 있습니다. 이준혁 씨는 미혼이지만 아버지에 대한 책임감이 매우 강하며, 가족과 함께하는 일상을 삶의 가장 큰 중심축으로 삼고 있습니다. 아버지와 동거, 아파트 문화/목표: 천안 동남구에서 나고 자라 고등학교 졸업 후 곧장 기술 현장에 뛰어들었으며, 현재는 연로하신 아버지와 함께 살며 집안의 실질적인 가장 역할을 하고 있습니다. 실용적인 성격을 바탕으로 헛돈 쓰는 것을 경계하며, 지역 사회 내의 끈끈한 인맥과 신뢰를 삶의 중요한 자산으로 여깁니다. 화려한 승진보다는 무사고 경력을 유지하며 현장의 베테랑으로서 후배들에게 실질적인 기술 노하우를 전수하는 안전 관리 책임자가 되기를 희망합니다. 퇴직 이후에도 소규모 설비 보수 자문 일을 하며 규칙적인 생활 리듬을 유지하는 소박한 삶을 꿈꿉니다. 스킬: 고소 작업차 위에서 강풍과 싸우며 전선을 팽팽하게 당겨 고정하는 정밀한 장력 조절 능력이 탁월합니다. 현장 안전 수칙을 철저히 준수하면서도 돌발 상황이 발생하면 즉각적으로 대안을 찾아 공사 기간을 맞추는 유연한 현장 대응력을 갖추고 있습니다. 가공 전차선 장력 조절, 고소 작업대 운용 및 안전 제어, 철도 전기 도면 해석 스포츠/예술: 이준혁 씨는 주말마다 아버지의 손을 잡고 태조산이나 광덕산의 흙길을 천천히 걷는 시간을 갖습니다. 이준혁 씨는 평소 체력 관리를 위해 헬스장을 찾고, 동네 주민들과 땀 흘리며 배드민턴 셔틀콕을 주고받는 활동에서 일상의 활력을 찾습니다. 이준혁 씨는 복잡한 생각에서 벗어나고 싶을 때 조용히 책을 읽거나, 때로는 아무것도 하지 않은 채 멍하게 시간을 보내며 정신적인 휴식을 취합니다. 이준혁 씨는 화려한 예술 활동보다는 정적인 독서를 통해 삶의 여유를 찾는 소박한 취향을 가지고 있습니다.",60,"가족 생활비와 노후 준비의 균형 확보: 충청남 충청남-천안시 동남구 거주, 철도 고가 전선 가설원 생활 패턴을 기준으로 1인 생활비와 자기계발비 통제, 월 고정 주거비 관리, 취미/관심사(태조산 및 광덕산 등산) 지출을 조절하고 강점(가공 전차선 장력 조절)을 활용해 월별 저축 루틴을 유지하기",2720000
31,고다연,26,"전직 상품 기획자, 현재 구직중",Female,0,광주 광주-북구,"고다연 씨는 인문학적 감성을 가진 전직 상품 기획자로, 광주에서 자신만의 확고한 취향과 미식을 즐기며 가치 있는 재취업을 꿈꾸는 26세 여성입니다. 직업/역량: 고다연 씨는 딱딱한 플라스틱과 고무 소재에 인문학적 감성을 입혀 생활 소품을 만들던 기획자였으나, 현재는 자신의 가치관을 온전히 담아낼 브랜드를 찾으며 구직 중인 공백기를 보내고 있습니다. 실무 역량은 충분하지만 타협 없는 기준 탓에 적합한 회사를 찾는 과정에서 오는 불안감을 가끔 예민하게 표출하곤 합니다. 소비·생활 단서: 음식(고다연 씨는 배달 앱을 켜는 일은 한 달에 한 번 있을까 말까 할 정도로 외식을 즐기며, 특히 육즙 가득한 고깃집이나 이국적인 풍미의 태국 요리 전문점을 자주 방문합니다. 맛에 대한 기준이 까다로워 식당을 고를 때 신중하지만, 일단 마음에 드는 곳을 발견하면 단골이 되어 메뉴판 전체를 섭렵하곤 합니다.), 여행(고다연 씨는 친구나 연인과 함께 전주나 부산의 골목 깊숙이 숨어 있는 노포를 찾아다니며, 그 지역에서만 맛볼 수 있는 제철 음식과 함께 가벼운 술잔을 기울이는 여행을 즐깁니다. 유명 관광지보다는 현지인의 삶이 묻어나는 식당의 분위기와 투박한 맛을 기록하는 것에 더 큰 흥미를 느낍니다.), 취미(동네 목욕탕 투어, 전국 노포 맛집 탐방, 인테리어 브이로그 시청) 가족/주거: 고다연 씨는 광주 북구의 아파트에서 혼자 거주하며 독립적인 생활을 유지하고 있으며, 가족의 간섭 없이 오로지 자신의 취향으로만 채워진 집안 분위기를 사랑합니다. 가끔 외로움을 느끼기도 하지만 혼자만의 시간을 통해 에너지를 충전하는 성향이 강해 현재의 단독 거주 형태에 만족합니다. 혼자 거주, 아파트 문화/목표: 광주 북구 전남대학교 인근의 대학가 분위기에 익숙하며, 인문학적 소양을 바탕으로 동네의 작은 독립서점이나 갤러리를 다니며 시간을 보냅니다. 혼자 사는 아파트 거실에 좋아하는 작가의 포스터를 붙여두고 자신만의 취향이 담긴 공간을 가꾸는 것에 애착이 큽니다. 자신의 감각과 실무 능력을 모두 쏟아부어 사람들의 일상을 바꾸는 시그니처 제품을 런칭하고 싶어 합니다. 현재는 공백기에 대한 불안감이 있지만, 조급하게 아무 곳이나 들어가기보다 자신의 가치관과 맞는 브랜드의 기획자로 재취업하려 준비 중입니다. 스킬: 고무와 플라스틱이라는 딱딱한 소재에 인문학적 감성을 입혀 실용적인 생활 소품을 기획했던 경험이 있습니다. 시장의 트렌드를 읽어내어 제품의 컨셉을 잡고, 제작 공정의 한계를 조율하며 실제 상품으로 구현해내는 실무 능력을 갖췄습니다. 시장 트렌드 분석, 제품 컨셉 기획, 소재 특성 활용 설계 스포츠/예술: 고다연 씨는 격렬한 운동보다는 동네 목욕탕에서 느긋하게 시간을 보내며 몸의 긴장을 푸는 정적인 휴식을 일상의 루틴으로 삼고 있습니다. 가끔 친구들을 따라 걷긴 하지만, 기본적으로는 침대 위에서 인테리어 영상을 시청하며 시간을 보내는 것을 가장 편안한 활동으로 여깁니다. 고다연 씨는 전남대학교 인근의 작은 갤러리나 독립서점을 아지트 삼아 다니며, 거실 벽면에 좋아하는 작가의 포스터를 정성껏 붙여 자신만의 취향이 깃든 공간을 구축합니다. 인문학적 소양을 바탕으로 사물의 본질을 읽어내려 노력하며, 이를 실제 제품 기획에 녹여냈던 경험을 소중히 여깁니다.",48,"비상금과 커리어 전환 자금 마련: 광주 광주-북구 거주, 전직 상품 기획자, 현재 구직중 생활 패턴을 기준으로 1인 생활비와 자기계발비 통제, 월 고정 주거비 관리, 취미/관심사(동네 목욕탕 투어) 지출을 조절하고 강점(시장 트렌드 분석)을 활용해 월별 저축 루틴을 유지하기",500000
32,조도훈,25,호송 경비원,Male,34200000,경기 경기-성남시 수정구,"조도훈 씨는 성남에서 나고 자란 실속 있는 청년으로, 철저한 직업 정신과 소박한 저축 습관을 지닌 채 노포 맛집 탐방과 게임으로 삶의 활력을 찾는 인물입니다. 직업/역량: 조도훈 씨는 호송 대상자의 미세한 손떨림이나 시선 처리를 읽어내어 돌발 행동을 사전에 차단하며, 정해진 매뉴얼을 기계처럼 정확하게 수행해 동료들에게 믿음직한 일꾼으로 통합니다. 업무 중에는 차가울 정도로 단호하게 선을 긋지만, 퇴근 후에는 다시 성남의 청년으로 돌아오는 일상을 보냅니다. 소비·생활 단서: 음식(조도훈 씨는 2주에 한 번 정도 친구들과 만나 매콤한 낙지볶음이나 시원한 청국장 같은 한식을 즐기며, 늦은 밤에는 동네 포차에서 소주 한 잔을 곁들이는 시간을 갖습니다. 일주일에 한 번 시켜 먹는 치킨이나 족발 배달 음식은 고된 호송 업무를 마친 자신에게 주는 유일한 보상입니다.), 여행(조도훈 씨는 친구들과 함께 전라도 광주나 경상도 대구의 오래된 노포 식당을 찾아다니며 지역별 숨은 맛집 지도를 만드는 여행에 진심입니다. 화려한 관광지보다는 세월의 흔적이 느껴지는 골목 안쪽의 식당에서 현지인들이 먹는 음식을 맛보는 시간을 가장 소중하게 생각합니다.), 취미(전국 노포 맛집 탐방, 리그 오브 레전드, 동네 목욕탕 사우나) 가족/주거: 조도훈 씨는 수정구의 낡은 단독주택에서 홀로 지내며 독립적인 생활을 유지하지만, 명절이나 주말이면 가족들을 방문해 싹싹하게 굴며 집안의 분위기 메이커 역할을 합니다. 가족 앞에서는 단호한 모습 대신 너그러운 아들의 모습을 보이며, 부모님께 용돈을 챙겨드리는 일에서 큰 뿌듯함을 느낍니다. 혼자 거주, 단독주택 문화/목표: 성남시 수정구의 좁은 골목길이 늘어선 오래된 단독주택가에서 나고 자랐습니다. 대학 진학이라는 일반적인 경로 대신 빠르게 사회생활을 시작하며 성실함을 인정받아 안정적인 수입을 유지하는 실속 있는 삶을 지향합니다. 현재 직무에서의 숙련도를 높여 관리자 직급으로 승진하는 것을 목표로 합니다. 매달 월급의 일정 부분을 꼼꼼하게 저축해 성남 지역에 본인 명의의 작은 집을 마련하려는 계획을 세우고 있습니다. 스킬: 호송 대상자의 돌발 행동을 미리 예측해 동선을 차단하고, 정해진 매뉴얼에 따라 한 치의 오차 없이 이송 절차를 수행합니다. 주변 상황을 빠르게 스캔하여 잠재적 위험 요소를 찾아내는 관찰력이 뛰어납니다. 호송 경로 최적화 및 보안 점검, 돌발 상황 대응 및 제압 기술, 이송 기록물 정밀 작성 스포츠/예술: 조도훈 씨는 주말이면 수정구 인근 PC방에서 친구들과 모여 리그 오브 레전드 랭크 게임에 몰두하며, 승리를 위해 치밀하게 전략을 짜고 팀원을 리드하는 과정에서 쾌감을 느낍니다. 몸을 쓰는 격한 운동보다는 사우나에서 땀을 빼거나 가벼운 산책으로 체력을 유지하는 편입니다. 조도훈 씨는 가끔 성남아트센터에서 열리는 공연을 관람하거나 최신 개봉 영화를 챙겨보며 일상의 단조로움을 달래고, 이어폰으로 힙합 음악을 들으며 출퇴근길의 소음을 차단합니다. 문화생활을 즐길 때는 자신의 확고한 취향에 따라 작품을 선택하며, 본인의 느낌을 가장 중요하게 생각합니다.",57,"비상금과 커리어 전환 자금 마련: 경기 경기-성남시 수정구 거주, 호송 경비원 생활 패턴을 기준으로 1인 생활비와 자기계발비 통제, 주거비 안정화, 취미/관심사(전국 노포 맛집 탐방) 지출을 조절하고 강점(호송 경로 최적화 및 보안 점검)을 활용해 월별 저축 루틴을 유지하기",2080000
33,정수경,51,건물 청소원,Female,52500000,강원 강원-원주시,"정수경 씨는 원주 중앙시장의 정서를 간직한 채 금융기관 건물 청소원으로 성실하게 일하며, 가족의 안락한 미래와 소박한 식도락의 기쁨을 쫓는 50대 여성입니다. 직업/역량: 정수경 씨는 원주 금융센터의 대리석 바닥 광택을 살리는 세정제 배합법을 꿰고 있으며, 은행 업무가 가장 붐비는 오전 시간대를 피해 복도 끝부터 입구까지 효율적으로 닦아내는 현장 관리 능력이 탁월합니다. 소비·생활 단서: 음식(정수경 씨는 2주에 한 번 남편과 함께 동네 식당에서 꾸덕한 크림 파스타를 즐기며, 평소에는 고기 없는 나물 정식이나 구수한 청국장 같은 담백한 한식으로 끼니를 해결합니다.), 여행(정수경 씨는 친목회 회원들과 함께 전국의 오래된 노포를 찾아다니며, 특히 강원도 정선이나 평창의 산채비빔밥집 같은 제철 나물 전문점을 찾아다니는 식도락 여행에 진심입니다.), 취미(전국 제철 나물 맛집 탐방, 베란다 텃밭 가꾸기, 지역 주민 자치 모임 참여) 가족/주거: 정수경 씨는 홀어머니와 남편을 함께 모시는 살림꾼으로, 좁은 아파트 공간에서도 부모님의 약 챙기기와 집안일을 묵묵히 수행하며 더 쾌적한 집으로 이사 갈 날만을 손꼽아 기다립니다. 배우자·편부모와 거주, 아파트 문화/목표: 원주 중앙시장 인근에서 나고 자라며 강원도 특유의 투박하지만 정이 많은 정서를 익혔고, 고등학교 졸업 후 곧바로 생업에 뛰어들어 생활력을 키워온 세대입니다. 현재의 직무에서 성실함을 인정받아 고용 기간을 안정적으로 확보하고, 매달 받는 급여를 알뜰하게 모아 부모님을 모시고 더 쾌적한 주거 환경으로 옮기는 것을 최우선으로 생각합니다. 스킬: 금융기관 건물의 다양한 바닥재와 가구 소재에 맞는 세정제를 정확히 구분해 사용하며, 이용객의 동선과 겹치지 않게 작업 순서를 짜는 능숙한 현장 관리 능력을 갖추고 있습니다. 자재별 맞춤 세정제 배합 및 활용, 대형 건물 효율적 청소 동선 설계, 다양한 연령대 동료와의 원만한 관계 유지 스포츠/예술: 정수경 씨는 거창한 운동 대신 아파트 단지 내 산책로를 천천히 걷거나, 베란다 텃밭에서 고추와 상추 잎을 하나하나 살피며 흙을 만지는 시간으로 몸의 긴장을 풉니다. 정수경 씨는 주말이면 동네 미용실에서 파마를 하며 최신 드라마 이야기를 나누고, 저녁에는 거실에 누워 임영웅의 노래를 크게 틀어놓고 하루의 피로를 씻어냅니다.",66,"은퇴 전 현금흐름 정리와 건강 지출 대비: 강원 강원-원주시 거주, 건물 청소원 생활 패턴을 기준으로 부모님 부양 비용 관리, 월 고정 주거비 관리, 취미/관심사(전국 제철 나물 맛집 탐방) 지출을 조절하고 강점(자재별 맞춤 세정제 배합 및 활용)을 활용해 월별 저축 루틴을 유지하기",2540000
34,이순복,57,무직,Female,0,경기 경기-부천시 원미구,"이순복 씨는 부천에서 자녀와 함께 사는 보건복지 전공의 생활력 강한 여성으로, 현실적인 조언과 소소한 춤과 산책으로 삶의 균형을 잡고 있습니다. 직업/역량: 이순복 씨는 부천 원미구 다세대 주택가에서 보건복지학 전공 지식을 활용해 이웃들의 복잡한 정부 지원금 신청서를 대신 작성해 주며 동네 해결사 역할을 합니다. 이순복 씨는 낡은 집의 수도꼭지 교체나 전등 갈기 같은 간단한 수리를 직접 해결하는 손재주를 가졌으며, 훗날 지역 복지관에서 시간제 상담사로 일하며 소박한 보람을 찾고 싶어 합니다. 소비·생활 단서: 음식(이순복 씨는 2주에 한 번 외식을 할 때면 나물 비빔밥이나 청국장 같은 담백한 한식당을 찾습니다. 이순복 씨는 주 1회 배달 음식으로 롯데리아 햄버거 세트나 도미노피자를 시켜 자녀와 함께 나누어 먹으며 소소한 즐거움을 누립니다.), 여행(이순복 씨는 자녀들과 함께 전국의 미술관이나 박물관을 찾아다니며 예술 작품을 감상하는 여행을 즐깁니다. 이순복 씨는 빡빡한 일정표 대신 그날의 기분에 따라 발길 닿는 대로 움직이며 가족들과 소소한 대화를 나눕니다.), 취미(부천역 인근 댄스 클럽 방문, 상동호수공원 산책, 최신 트로트 및 댄스 음악 감상) 가족/주거: 이순복 씨는 홀로 자녀를 키워낸 강인한 생활력을 바탕으로 자녀와 끈끈한 유대 관계를 유지하며 다세대 주택에서 함께 거주합니다. 이순복 씨는 자녀의 고민을 현실적으로 들어주면서도, 가끔은 엄마로서의 권위를 세우려다 말문이 막히는 인간적인 모습을 보입니다. 자녀와 거주 (한부모), 다세대주택 문화/목표: 부천 원미구의 다세대 주택가에서 오랜 시간 터를 잡고 살며 이웃들과 끈끈한 관계를 맺어왔습니다. 보건복지학을 전공한 지식과 홀로 자녀를 키워낸 생활력이 결합되어, 주변의 어려운 상황을 빠르게 파악하고 실질적인 해결책을 제시하는 현실적인 성향이 강합니다. 현재는 경제활동보다 삶의 균형을 찾는 데 집중하고 있으며, 나중에는 동네 복지관에서 시간제 상담사로 활동하며 전공 지식을 나누는 소박한 보람을 계획하고 있습니다. 무리한 확장보다는 현재 소유한 주택을 잘 가꾸며 자녀와 평온한 노후를 보내는 것에 가치를 둡니다. 스킬: 복지 전공자로서 복잡한 정부 지원금 신청 절차나 사회복지 제도를 정확히 이해하고 있으며, 이를 주변 지인들에게 쉽게 설명해 줍니다. 또한 오래된 다세대 주택에 거주하며 익힌 간단한 집수리 능력과 효율적인 가계 운영 노하우를 갖추고 있습니다. 정부 복지 혜택 및 보조금 신청 가이드, 노인 및 취약계층 건강 상담, 다세대 주택 유지 보수 및 관리 스포츠/예술: 이순복 씨는 상동호수공원을 산책하며 복잡한 생각을 정리하는 정적인 시간을 보냅니다. 이순복 씨는 가끔 부천역 인근의 화려한 조명이 가득한 곳에서 중학교 동창들과 최신 댄스곡에 맞춰 격렬하게 몸을 흔들며 일상의 스트레스를 날려버립니다. 이순복 씨는 가족들과 함께 전시회나 공연장을 찾아 문화예술을 관람하며 정서적 충전을 합니다. 이순복 씨는 최신 유행하는 댄스곡부터 옛 추억이 깃든 음악까지 폭넓게 감상하며 자신의 기분을 전환합니다.",57,"은퇴 전 현금흐름 정리와 건강 지출 대비: 경기 경기-부천시 원미구 거주, 무직 생활 패턴을 기준으로 부모님 부양 비용 관리, 월 고정 주거비 관리, 취미/관심사(부천역 인근 댄스 클럽 방문) 지출을 조절하고 강점(정부 복지 혜택 및 보조금 신청 가이드)을 활용해 월별 저축 루틴을 유지하기",500000
35,장현정,29,무직,Female,0,광주 광주-남구,"장현정 씨는 광주 남구의 자가 아파트에 거주하며 로컬 기획자를 꿈꾸는, 사교적이고 섬세한 감성의 20대 후반 여성입니다. 직업/역량: 장현정 씨는 현재 직업은 없지만 양림동의 작은 갤러리들을 돌아다니며 지역 문화 기획자의 꿈을 키우고 있습니다. 온라인 커뮤니티에 복잡한 전시 정보를 알기 쉽게 정리해 올리는 재주가 있어 무직 상태임에도 은근히 지역 내 영향력을 행사합니다. 소비·생활 단서: 음식(장현정 씨는 외식할 때 고기집보다는 정갈한 나물 반찬이 나오는 보리밥집이나 김밥천국 같은 분식집에서 가볍게 끼니를 해결합니다. 집에서는 직접 요리를 해 먹으며 시간을 보내지만, 정작 설거지를 미루다 쌓아두는 버릇 때문에 가끔 스스로에게 짜증을 냅니다.), 여행(장현정 씨는 여행을 갈 때 빽빽한 일정표 대신 친구들과 함께 제주도나 강원도의 조용한 독채 펜션에서 아무것도 하지 않고 멍하게 누워 있는 시간을 가장 좋아합니다. 낯선 곳에서도 특유의 친화력으로 펜션 주인장과 금방 친해져 숨은 로컬 맛집 정보를 알아내곤 합니다.), 취미(헬스장 스피닝 수업 참여, 일본 만화 정주행, 양림동 골목 산책) 가족/주거: 장현정 씨는 광주 남구의 아파트에서 혼자 지내며 오롯이 자신만의 공간을 가꾸는 정적인 삶을 유지하고 있습니다. 혼자 있는 시간을 사랑하면서도 외로움을 잘 타기에, 주말이면 친구들을 집으로 초대해 수다를 떨며 집안의 적막을 깨뜨립니다. 혼자 거주, 아파트 문화/목표: 광주 남구 양림동의 고즈넉한 한옥 카페와 작은 갤러리들이 주는 분위기를 좋아하며, 대학에서 인문학을 전공하며 사람의 심리와 관계의 역동에 대해 깊게 탐구한 경험이 있습니다. 자신이 가진 사교성과 예술적 감각을 결합해 광주 지역의 문화 예술 공간을 활성화하는 로컬 기획자로 성장하여 지역 사회에 소소한 활력을 불어넣고 싶어 합니다. 스킬: 처음 만난 사람들도 금방 편안하게 만드는 탁월한 친화력을 가졌으며, 복잡한 내용을 읽기 쉽게 정리해 온라인 커뮤니티에 공유하는 글쓰기 능력이 있습니다. 분위기 조성 및 아이스브레이킹, 인문학적 관점의 텍스트 분석, SNS 콘텐츠 큐레이션 스포츠/예술: 장현정 씨는 집 근처 헬스장에서 쿵쾅거리는 음악에 맞춰 스피닝 페달을 밟으며 일주일치 스트레스를 한 번에 털어냅니다. 가끔은 공원 벤치에서 줄넘기를 하며 땀을 흘리고, 운동 후에는 시원한 물 한 잔을 마시며 몸의 긴장을 푸는 시간을 갖습니다. 장현정 씨는 비가 내리는 날이면 거실 바닥에 엎드려 '약사의 혼잣말' 만화책을 한 권씩 정주행하며 주인공의 지략에 감탄합니다. 양림동의 고즈넉한 한옥 카페 창가에 앉아 사람들의 표정과 대화를 관찰하며 인문학적 상상을 펼치는 것이 일상의 큰 즐거움입니다.",46,"비상금과 커리어 전환 자금 마련: 광주 광주-남구 거주, 무직 생활 패턴을 기준으로 1인 생활비와 자기계발비 통제, 월 고정 주거비 관리, 취미/관심사(헬스장 스피닝 수업 참여) 지출을 조절하고 강점(분위기 조성 및 아이스브레이킹)을 활용해 월별 저축 루틴을 유지하기",500000
36,김종철,40,그 외 제품 디자이너,Male,52700000,강원 강원-춘천시,"김종철 씨는 ICT 전문성을 바탕으로 춘천의 소상공인을 돕는 디자인 전문가이자, 고요한 자연과 시티팝을 사랑하는 현실적인 가장입니다. 직업/역량: 김종철 씨는 춘천의 닭갈비집이나 막국수집을 돌며 키오스크의 버튼 배치와 화면 흐름을 최적화하고, 주방 동선을 효율적으로 재설계하는 제품 디자이너로 일합니다. 대학원에서 전공한 정보통신기술 지식을 활용해 소상공인들이 디지털 도구에 당황하지 않게 만드는 실질적인 성과를 내는 데 집착하며, 메뉴판의 서체 하나까지 세밀하게 조정합니다. 소비·생활 단서: 음식(김종철 씨는 2주에 한 번 가족과 함께 춘천의 한우 전문점에서 육즙 가득한 갈빗살을 구워 먹으며 가장 큰 행복을 느낍니다. 가끔 혼자 배달 시켜 먹는 일식 돈카츠의 바삭함으로 일주일의 고단함을 달래며 짧은 미식의 즐거움을 찾습니다.), 여행(김종철 씨는 때때로 가족 몰래 차를 몰고 화악산이나 오색약수터의 깊은 숲길로 떠나 아무도 없는 곳에서 멍하니 산세를 바라봅니다. 화려한 관광지보다는 이끼 낀 바위와 울창한 나무들이 주는 고요함 속에서 비로소 완전한 휴식을 경험합니다.), 취미(소양강 댐 주변 드라이브, 전략 시뮬레이션 게임, 8090 시티팝 감상) 가족/주거: 김종철 씨는 전셋집이라는 불안정한 주거 환경 속에서도 아이들에게만큼은 부족함 없는 환경을 만들어주려 묵묵히 헌신하는 아버지입니다. 다정함보다는 책임감으로 가족을 지탱하며, 가끔은 서툰 표현 방식 때문에 배우자와 작은 말다툼을 벌이기도 합니다. 배우자·자녀와 거주, 아파트 문화/목표: 춘천 공지천 산책길을 따라 걷거나 소양강 댐 근처의 고요한 풍경 속에서 생각에 잠기는 시간이 많습니다. 대학원까지 마친 학구적인 배경이 있지만, 현재는 전셋집에서 아이들을 키우며 현실적인 생계와 가족의 안정을 최우선으로 묵묵히 일상을 꾸려갑니다. 춘천 지역의 소규모 음식점들이 디지털 전환을 통해 경쟁력을 가질 수 있도록 돕는 자신만의 디자인 컨설팅 사무소를 운영하고자 합니다. 당장의 큰 수익보다는 자신의 설계가 실제 매출 상승으로 이어지는 구체적인 성과를 만드는 데 집중합니다. 스킬: 정보통신기술 전공 지식을 바탕으로 음식점의 효율적인 동선 설계와 키오스크 사용자 경험을 개선하는 제품 디자인을 수행합니다. 식당의 브랜드 정체성을 살린 메뉴판 디자인부터 주방 집기의 효율적 배치까지 세밀하게 조정합니다. 외식업 전용 키오스크 UX 디자인, 매장 동선 최적화 설계, 식품 패키징 제품 디자인 스포츠/예술: 김종철 씨는 주말마다 낡은 운동화를 신고 공지천 산책길을 느릿하게 걷거나, 소양강 댐의 찬 바람을 맞으며 복잡한 머릿속을 비워냅니다. 격렬한 운동보다는 춘천의 풍경 속에 몸을 맡기는 정적인 활동을 통해 정신적인 에너지를 충전합니다. 김종철 씨는 아이들이 잠든 깊은 밤, 타츠로 야마시타의 시티팝 LP를 턴테이블에 올리고 특유의 청량한 선율에 젖어듭니다. 태블릿 PC로 정교한 전략 시뮬레이션 게임의 유닛을 배치하며 복잡한 설계를 구상하는 시간을 가장 소중하게 여깁니다.",65,"가족 생활비와 노후 준비의 균형 확보: 강원 강원-춘천시 거주, 그 외 제품 디자이너 생활 패턴을 기준으로 자녀 관련 지출 계획화, 월 고정 주거비 관리, 취미/관심사(소양강 댐 주변 드라이브) 지출을 조절하고 강점(외식업 전용 키오스크 UX 디자인)을 활용해 월별 저축 루틴을 유지하기",2720000
37,최청아,42,경·소형 화물차 운전원,Female,45400000,전라남 전라남-담양군,"최청아 씨는 담양의 좁은 길을 누비는 능숙한 화물차 운전사로, 사교적인 성격과 철저한 자기관리 능력을 갖춘 채 가족의 안락한 미래를 설계하는 40대 여성입니다. 직업/역량: 최청아 씨는 담양의 굽이진 농로와 좁은 마을 골목길을 제집 앞마당처럼 누비는 베테랑 1톤 트럭 운전사로, 매일 아침 배송 물품을 테트리스 하듯 빈틈없이 쌓아 올리는 적재 기술에 상당한 자부심을 가지고 있습니다. 지역 사회의 소식통 역할을 자처하며 활기차게 일하는 그녀는 현재의 1인 운송을 넘어 여러 대의 차량을 운용하는 소규모 운송 네트워크를 구축하겠다는 구체적인 사업 야심을 품고 있습니다. 소비·생활 단서: 음식(최청아 씨는 일주일의 절반 이상을 밖에서 해결하며, 정갈한 나물 반찬이 나오는 보리밥 정식이나 분위기 좋은 곳에서 즐기는 파스타와 리조토 같은 양식 메뉴를 즐겨 찾습니다. 배달 음식은 몇 달에 한 번 시켜 먹을 정도로 드물며, 직접 식당을 방문해 주인장과 안부를 나누며 식사하는 정겨운 분위기를 사랑합니다.), 여행(최청아 씨는 휴일이면 남편과 아이들의 손을 잡고 전남의 푸른 산과 바다가 어우러진 곳을 찾아다니며 자연이 주는 평온함을 만끽합니다. 유명 관광지의 인파보다는 잘 알려지지 않은 한적한 숲길이나 계곡을 찾아 가족들과 정성껏 준비한 도시락을 나눠 먹으며 풍경을 감상하는 느린 여행을 즐깁니다.), 취미(모바일 퍼즐 게임, 네일 아트 및 피부 관리, 메타세쿼이아 길 산책) 가족/주거: 최청아 씨는 담양의 단독주택에서 남편, 아이들과 함께 북적이며 살아가며, 가족들의 일거수일투족을 세심하게 챙기고 돌보는 책임감 강한 어머니이자 아내입니다. 자녀들의 미래를 위해 경제적 기반을 닦으려는 의지가 매우 강하며, 때로는 지나친 세심함과 높은 기준 때문에 아이들과 작은 실랑이를 벌이기도 합니다. 배우자·자녀와 거주, 단독주택 문화/목표: 담양 죽녹원 인근에서 나고 자라 대나무 숲의 정취와 전남 특유의 넉넉한 인심에 익숙하며, 지역 커뮤니티의 소식통 역할을 자처하는 활달한 성격입니다. 현재 운영하는 1톤 트럭 외에 차량을 추가로 도입해 소규모 운송 네트워크를 구축하고, 자녀들이 성인이 되었을 때 안정적인 자산 기반을 물려주고 싶어 합니다. 스킬: 좁은 마을길과 굽이진 농로를 막힘없이 누비는 운전 실력을 갖췄으며, 매일 아침 배송 물품을 크기와 무게별로 빈틈없이 배치하는 적재 노하우가 탁월합니다. 좁은 골목길 정밀 운전, 효율적인 배송 경로 설계, 화물 적재 최적화 스포츠/예술: 최청아 씨는 머릿속이 복잡할 때면 편한 운동화 끈을 조여 매고 담양 메타세쿼이아 길을 천천히 걸으며 마음의 소란을 잠재우는 시간을 갖습니다. 거창한 운동 기구보다는 일상 속에서 가볍게 산책하며 몸을 움직이는 것을 선호하며, 동네 친구들과 수다를 떨며 걷는 시간을 하루 중 가장 기다리는 소박한 활동가입니다. 최청아 씨는 화려한 색감의 네일 아트를 받는 시간을 가장 큰 행복으로 여기며, 최신 모바일 퍼즐 게임의 까다로운 스테이지를 하나씩 해결할 때 짜릿한 성취감을 느낍니다. 가끔은 스마트폰으로 최신 유행 영상 콘텐츠를 챙겨보며 세상 돌아가는 흐름을 놓치지 않으려 애쓰는 트렌디한 감각을 유지하고 있습니다.",65,"가족 생활비와 노후 준비의 균형 확보: 전라남 전라남-담양군 거주, 경·소형 화물차 운전원 생활 패턴을 기준으로 자녀 관련 지출 계획화, 주거비 안정화, 취미/관심사(모바일 퍼즐 게임) 지출을 조절하고 강점(좁은 골목길 정밀 운전)을 활용해 월별 저축 루틴을 유지하기",2350000
38,박상직,45,건물 경비원,Male,35600000,전북 전북-고창군,"박상직 씨는 고창에서 성실하게 경비 업무를 수행하며 가족의 안정을 최우선으로 여기는, 조용하지만 강한 책임감을 가진 40대 가장입니다. 직업/역량: 박상직 씨는 고창의 한 시설에서 근무하며 매일 밤 순찰 경로의 잠금장치를 손가락 끝으로 꼼꼼히 확인하고, 무례한 방문객 앞에서도 허리를 숙여 끝까지 이야기를 들어주며 상황을 잠재우는 베테랑 경비원입니다. 소비·생활 단서: 음식(박상직 씨는 주말이면 가족들을 위해 매콤한 제육볶음과 구수한 된장찌개를 직접 끓여내고, 일주일에 한 번은 동네 고깃집에서 외식을 하거나 가끔 치킨을 시켜 먹으며 소소한 기쁨을 누립니다.), 여행(박상직 씨는 직장 동료들과 함께 전북의 푸른 청보리밭이나 고창 갯벌의 광활한 풍경을 찾아 떠나며, 자연이 주는 고요함 속에 머물며 마음의 평온을 찾습니다.), 취미(유튜브 요리 채널 시청 및 따라 하기, 고창읍성 및 마을 길 산책, 제철 식재료를 활용한 집밥 만들기) 가족/주거: 박상직 씨는 자녀들이 성인이 되어 각자의 길을 찾을 때까지 든든한 그늘이 되어주고 싶어 하며, 평소엔 무뚝뚝해도 매일 저녁 가족들의 안부를 챙기는 다정한 아버지이자 남편입니다. 배우자·자녀와 거주, 단독주택 문화/목표: 고창군에서 나고 자라며 갯벌과 청보리밭의 풍경이 일상이 된 삶을 살아왔습니다. 이웃과 적당한 거리를 유지하면서도 묵묵히 제 자리를 지키는 전북 지역 특유의 은근하고 차분한 정서를 가지고 있습니다. 지금처럼 큰 풍파 없이 가정을 돌보며, 자녀들이 성인이 되어 제 길을 찾을 때까지 안정적인 울타리가 되어주는 것에 만족하며 살아갑니다. 스킬: 건물 곳곳의 잠금장치를 꼼꼼히 확인하고 외부인의 출입을 정중하게 안내하는 일에 능숙하며, 방문객과 마찰이 생겼을 때 상대의 말을 끝까지 듣고 유연하게 상황을 정리합니다. 출입자 명부 관리 및 안내, 시설물 야간 순찰 및 보안 점검, 민원인 응대 및 갈등 중재 스포츠/예술: 박상직 씨는 해 질 녘 고창읍성의 성곽길을 느릿하게 걸으며 하루의 잡념을 털어내고, 무릎에 무리가 가지 않는 선에서 천천히 발걸음을 옮기며 몸을 움직입니다. 박상직 씨는 거실 소파에 깊숙이 파묻혀 유튜브로 전국의 숨은 맛집 영상을 찾아보거나, TV 속 옛날 가요 프로그램을 보며 조용히 혼자만의 시간을 보내는 것에 만족합니다.",59,"가족 생활비와 노후 준비의 균형 확보: 전북 전북-고창군 거주, 건물 경비원 생활 패턴을 기준으로 자녀 관련 지출 계획화, 주거비 안정화, 취미/관심사(유튜브 요리 채널 시청 및 따라 하기) 지출을 조절하고 강점(출입자 명부 관리 및 안내)을 활용해 월별 저축 루틴을 유지하기",1840000
39,남종광,52,무직,Male,0,전북 전북-전주시 덕진구,"남종광 씨는 고도의 IT 전문 지식과 무직이라는 현실 사이의 괴리를 안고 살아가며, 어머니에 대한 효심과 디지털 봉사라는 새로운 사회적 목표를 품고 사는 52세 남성입니다. 직업/역량: 남종광 씨는 대학원에서 전공한 복잡한 네트워크 설계와 서버 최적화 능력을 바탕으로, 집안의 낡은 가전제품들을 스마트홈 기기로 촘촘하게 연결하며 기술적 성취감을 만끽합니다. 최근에는 동네 이웃들의 스마트폰 설정 오류를 막힘없이 해결해 주는 일에서 자신의 가치를 확인하며, 지역 복지관의 디지털 교육 봉사자로 활동하겠다는 소박한 목표를 세웠습니다. 소비·생활 단서: 음식(남종광 씨는 2주에 한 번 정도 외식을 즐기며, 고기류보다는 나물 반찬이 정갈하게 나오는 한식당이나 간단한 김밥과 떡볶이를 파는 분식집을 주로 찾습니다. 자극적인 맛보다는 소화가 잘 되는 담백한 한식 차림을 선호하며, 식사 후에는 느긋하게 동네를 한 바퀴 도는 루틴을 가지고 있습니다.), 여행(남종광 씨는 어머니를 모시고 전주 시내의 역사 유적지를 찾아다니며, 자신이 새로 알게 된 역사적 사실들을 조근조근 설명해 주는 여행을 가장 아낍니다. 화려한 관광 명소보다는 세월의 때가 묻어있는 오래된 장소를 방문하여 가족과 함께 정서적인 교감을 나누는 시간을 보냅니다.), 취미(역사 다큐멘터리 시청, 전주 한옥마을 일대 유적지 탐방, 최신 가전제품 기능 분석) 가족/주거: 남종광 씨는 전주 덕진구의 오래된 아파트에서 홀어머니를 지극정성으로 모시며, 어머니와 함께 TV 프로그램을 시청하거나 일상적인 대화를 나누는 것에서 삶의 가장 큰 위안을 얻습니다. 미혼으로서 어머니에 대한 책임감이 강하며, 가족과 함께하는 시간을 통해 무직 상태의 공허함을 달랩니다. 어머니와 동거, 아파트 문화/목표: 전주 덕진구의 오래된 아파트에서 어머니를 모시며 살아가고 있으며, 대학원에서 전공한 정보통신기술에 대한 자부심과 현재의 무직 상태가 주는 공허함이 공존하는 일상을 보냅니다. 말씨에는 지적인 어휘와 전주 특유의 느긋한 사투리가 섞여 있으며, 체면을 중시하면서도 새로운 기술적 변화에는 민감하게 반응하는 성향을 보입니다. 다시 치열한 경쟁 사회로 돌아가기보다, 자신이 가진 IT 전문 지식을 활용해 지역 복지관이나 작은 도서관에서 어르신들을 대상으로 하는 디지털 교육 봉사자로 활동하며 소소한 사회적 영향력을 발휘하고 싶어 합니다. 스킬: 복잡한 네트워크 망 설계나 서버 성능 최적화 같은 고도의 IT 기술적 문제를 분석하고 해결하는 데 능숙합니다. 최근에는 집안의 낡은 가전들을 스마트홈 기기로 연결하거나, 주변 이웃들의 스마트폰 설정 오류를 빠르게 잡아주는 일에서 자신의 효능감을 찾습니다. 네트워크 아키텍처 설계, 서버 리소스 최적화, 스마트홈 IoT 환경 구축 스포츠/예술: 남종광 씨는 땀 흘리는 격렬한 운동보다는 어머니의 느린 보폭에 맞춰 전주향교의 고즈넉한 흙길을 천천히 거니는 산책을 일상의 유일한 활동으로 삼습니다. 평소에는 TV 앞에 누워 정적인 휴식을 취하는 시간이 대부분이며, 가끔 유적지를 방문할 때만 부지런히 발걸음을 옮깁니다. 남종광 씨는 유튜브 역사 채널을 샅샅이 섭렵하며 얻은 지식을 바탕으로 전주 경기전의 건축 양식이나 조선 시대의 숨겨진 이야기를 탐구하는 데 몰입합니다. 조용한 분위기 속에서 과거의 흔적을 쫓으며 지적 허영심을 채우는 활동에서 깊은 심리적 만족감을 느낍니다.",57,"은퇴 전 현금흐름 정리와 건강 지출 대비: 전북 전북-전주시 덕진구 거주, 무직 생활 패턴을 기준으로 1인 생활비와 자기계발비 통제, 월 고정 주거비 관리, 취미/관심사(역사 다큐멘터리 시청) 지출을 조절하고 강점(네트워크 아키텍처 설계)을 활용해 월별 저축 루틴을 유지하기",500000
40,김연욱,47,일반 비서,Female,56300000,서울 서울-강동구,"김연욱 씨는 강동구에서 자가 아파트를 소유하고 복지관 비서로 근무하는 47세 여성으로, 철저한 자기관리와 가족에 대한 헌신을 통해 안정적인 삶을 일궈가는 실무형 살림꾼입니다. 직업/역량: 김연욱 씨는 복지관장의 빡빡한 외부 일정과 행사 계획을 분 단위로 쪼개어 관리하며, 정부 지원금 신청서의 마침표 하나까지 잡아내는 완벽주의적 성향을 보입니다. 최근에는 실무 경험에 전문성을 더하기 위해 퇴근 후 틈틈이 사회복지사 1급 자격증 교재를 펼쳐 듭니다. 소비·생활 단서: 음식(김연욱 씨는 주 4회 이상 가족들과 함께 동네 고깃집을 찾거나 퇴근길에 치킨을 배달시켜 먹으며 하루의 피로를 풉니다. 건강을 위해 저염식을 공부하고 실천하려 노력하면서도, 막상 외식 메뉴를 정할 때는 기름진 한식이나 바삭한 튀김 요리를 선택합니다.), 여행(김연욱 씨는 가족 모두가 참여할 수 있는 체험형 레포츠 여행을 계획하여, 휴가철이면 남편과 아이들을 데리고 활동적인 일정이 가득한 여행지를 고릅니다. 여행지에서도 미리 짜놓은 계획표에 따라 움직여야 마음이 편안하며, 모든 구성원이 만족할 수 있도록 세밀하게 동선을 조율합니다.), 취미(강동구민체육센터 배드민턴, 고덕천 반려견 산책, 유튜브 정리 정돈 영상 시청) 가족/주거: 김연욱 씨는 강동구 아파트 단지 내에서 자녀들을 키우며 가족의 평온한 일상을 지키는 것을 인생의 가장 큰 성취로 여깁니다. 무뚝뚝한 남편과 성장기 자녀들 사이에서 세심하게 갈등을 조율하며, 때로는 지나치게 꼼꼼한 잔소리로 가족들의 눈총을 받기도 합니다. 배우자·자녀와 거주, 아파트 문화/목표: 강동구의 아파트 단지에서 자녀를 키우며, 전문대학 시절부터 익힌 실무 중심의 사고방식으로 가계부와 집안 살림을 꼼꼼하게 관리합니다. 유행을 쫓기보다 오래 쓸 수 있는 물건을 고르고, 가족의 건강과 평온한 일상을 유지하는 것을 삶의 가장 큰 가치로 여기며 살아왔습니다. 현재 직장에서 대체 불가능한 살림꾼으로 인정받는 것에 만족하며, 틈틈이 사회복지사 1급 자격증 취득을 준비해 직무 전문성을 보완하려 합니다. 정년까지 큰 굴곡 없이 지금의 안정적인 소득 수준을 유지하며 자녀들의 성장을 뒷바라지하는 것을 현실적인 목표로 삼고 있습니다. 스킬: 복지관장의 복잡한 외부 일정과 행사 계획을 분 단위로 쪼개어 관리하며, 정부 지원금 신청 서류의 작은 오타 하나까지 잡아내는 세밀함을 갖췄습니다. 여러 유관 기관 담당자들과의 관계를 매끄럽게 조율하면서도, 행정적으로 필요한 요구 사항은 명확하게 전달하여 업무 누수를 막습니다. 복지재단 일정 최적화 및 관리, 공공기관 제출용 행정 문서 검수, 외부 인사 응대 및 의전 스포츠/예술: 김연욱 씨는 주말마다 강동구민체육센터에서 배드민턴 셔틀콕을 주고받으며 일주일간 쌓인 업무 스트레스를 땀으로 날려버립니다. 가족들과 함께 떠나는 여행에서도 단순히 풍경을 구경하는 일보다 직접 몸을 움직이는 레포츠 활동을 일정의 중심으로 짭니다. 김연욱 씨는 잠들기 전 침대에 누워 효율적인 옷장 정리법 영상을 보며 내일 아침 가족들이 입을 옷을 미리 구상하는 시간을 즐깁니다. 집에서 좋아하는 음악을 틀어놓고 차분하게 집안을 정돈하는 정적인 시간에서 가장 큰 심리적 안정을 찾습니다.",65,"가족 생활비와 노후 준비의 균형 확보: 서울 서울-강동구 거주, 일반 비서 생활 패턴을 기준으로 자녀 관련 지출 계획화, 월 고정 주거비 관리, 취미/관심사(강동구민체육센터 배드민턴) 지출을 조절하고 강점(복지재단 일정 최적화 및 관리)을 활용해 월별 저축 루틴을 유지하기",2910000
41,박은진,29,보육교사,Female,45500000,광주 광주-남구,"박은진 씨는 광주 양림동에서 내 집 마련의 꿈을 이룬 성실한 보육교사로, 철저한 자기관리와 소박한 취향 사이에서 균형을 잡으며 살아가는 20대 여성입니다. 직업/역량: 박은진 씨는 아이들의 아주 작은 표정 변화까지 분 단위로 기록하는 꼼꼼한 관찰 일지 덕분에 학부모들 사이에서 '심리 상담사 같은 선생님'으로 통합니다. 다만 모든 알림장을 완벽하게 마무리하려는 강박 때문에 퇴근 후 침대에 누워서도 오타가 없었는지 몇 번이고 다시 확인하는 습관이 있습니다. 소비·생활 단서: 음식(박은진 씨는 자극적인 고기 요리보다는 정갈한 나물 반찬과 된장찌개가 나오는 한식당을 즐겨 찾으며, 주말에는 동네 유명 빵집에서 갓 나온 소금빵을 사 옵니다. 일주일에 한 번은 정해진 요일에 배달 앱으로 샐러드나 가벼운 분식을 시켜 먹으며 자신만의 작은 일탈을 즐깁니다.), 여행(박은진 씨는 부모님과 함께 에버랜드나 서울대공원 같은 테마파크를 찾아가 동물을 구경하며 어린 시절의 순수함을 다시 만끽합니다. 계획적인 성격 탓에 방문 전 동선을 분 단위로 짠 일정표를 가족들에게 공유하며 여행의 효율을 극대화합니다.), 취미(남구 체육센터 배드민턴, 홈카페 소금빵 굽기, 네이버 블로그 일상 기록) 가족/주거: 박은진 씨는 양림동 골목의 오래된 단독주택에서 홀로 살며 마당의 수국과 제라늄을 정성껏 가꾸는 독립적인 생활을 합니다. 대문 밖을 나설 때마다 마주치는 동네 어르신들께 깍듯이 인사하며, 가족과는 가끔씩 만나 서로의 일상을 공유하는 돈독한 관계를 유지합니다. 혼자 거주, 단독주택 문화/목표: 광주 남구 양림동의 고즈넉한 골목에 위치한 단독주택에서 마당의 작은 화초들을 가꾸며 삽니다. 전문대학 시절부터 차곡차곡 모은 저축과 성실함으로 이른 나이에 내 집 마련의 안정을 찾았으며, 동네 어르신들과 정중하게 인사를 나누는 소박한 일상을 보냅니다. 현재의 보육 현장에서 쌓은 신뢰를 바탕으로, 아이들이 정서적으로 가장 안전하다고 느낄 수 있는 보육 환경의 표준을 만들고자 합니다. 서두르지 않고 매년 한 가지씩 새로운 교육법을 현장에 적용하며 자신만의 보육 철학을 완성해가는 과정에 집중합니다. 스킬: 아이들의 하루 일과를 분 단위로 꼼꼼하게 기록한 관찰 일지를 작성하며, 학부모들이 깊이 신뢰하는 체계적인 알림장 소통 능력을 갖췄습니다. 갑작스럽게 울음이 터진 아이를 차분한 목소리와 일관된 태도로 달래어 빠르게 안정을 찾는 데 능숙합니다. 영유아 발달 단계별 맞춤형 놀이 설계, 학부모 상담 및 갈등 중재, 어린이집 운영 행정 및 서류 체계화 스포츠/예술: 박은진 씨는 남구 체육센터에서 배드민턴 라켓을 휘두르며 셔틀콕이 빠르게 오가는 순간에만 비로소 일상의 잡념을 완전히 잊습니다. 경기 중에는 평소의 차분한 모습과 달리 강한 승부욕을 보이며 코트 구석구석을 민첩하게 뛰어다닙니다. 박은진 씨는 마당에 캠핑 의자를 펴고 아이유의 '밤편지'를 틀어놓은 채 나른한 낮잠을 즐기는 정적인 시간을 사랑합니다. 직접 구운 소금빵의 바삭한 질감이 잘 드러나도록 사진을 찍어 블로그에 올리며 소소한 성취감을 기록합니다.",59,"비상금과 커리어 전환 자금 마련: 광주 광주-남구 거주, 보육교사 생활 패턴을 기준으로 1인 생활비와 자기계발비 통제, 주거비 안정화, 취미/관심사(남구 체육센터 배드민턴) 지출을 조절하고 강점(영유아 발달 단계별 맞춤형 놀이 설계)을 활용해 월별 저축 루틴을 유지하기",2770000
42,윤종수,42,산업 안전원,Male,49100000,대구 대구-달서구,"윤종수 씨는 대구 달서구의 금속 가공 현장을 지키는 실용주의적 안전 관리자로, 가족에 대한 책임감과 친구들과의 의리를 중시하며 사우나와 낚시로 삶의 균형을 잡는 40대 가장입니다. 직업/역량: 윤종수 씨는 대구 달서구의 금속 가공 공장에서 작업복을 입고 현장을 누비며, 안전 수칙을 귀찮아하는 작업자들에게 넉살 좋게 다가가 보호구 착용을 유도하는 베테랑 안전원입니다. 보건복지 전공자답게 사람의 심리를 잘 읽어내어 현장의 갈등을 유연하게 조율하지만, 정작 본인은 승진 경쟁에 뛰어들기보다 사고 없는 평온한 하루와 안정적인 정년퇴직을 꿈꾸며 일합니다. 소비·생활 단서: 음식(윤종수 씨는 주 5일 가까이 집 밖에서 식사를 해결하며, 특히 기름진 고기보다는 칼칼한 김치찌개나 시원한 동태탕 같은 한식을 즐겨 찾습니다. 저녁에는 동네 단골 주점에서 소주잔을 기울이며 하루의 피로를 씻어내고, 배달 음식은 한 달에 한 번 정도 기분 전환 삼아 주문합니다.), 여행(윤종수 씨는 혼자 떠나는 여행보다 고등학교 동창회 같은 친목 모임과 함께 뭉쳐 외곽의 낚시터나 레포츠 시설을 찾아가는 북적거리는 여행을 즐깁니다. 낯선 곳을 탐험하는 설렘보다 익숙한 사람들과 밤새 술잔을 기울이며 옛 추억을 되새기는 과정에서 깊은 정서적 만족감을 얻습니다.), 취미(동네 사우나 및 찜질방 방문, 유튜브 자동차 및 낚시 콘텐츠 시청, 지역 사회인 야구 동호회 활동) 가족/주거: 윤종수 씨는 달서구 아파트에서 아내와 아이들을 위해 성실하게 돈을 버는 가장이며, 무뚝뚝한 말투 속에서도 가족들의 필요를 세심하게 살피는 다정한 면모를 가지고 있습니다. 퇴근 후 집에서는 조용히 휴식을 취하며 가족들과 시간을 보내지만, 가끔은 혼자만의 시간이 필요해 월배 지역 사우나로 도피하곤 합니다. 배우자·자녀와 거주, 아파트 문화/목표: 대구 달서구 상인동 일대에서 오랜 시간 거주하며 특유의 무뚝뚝하지만 속정 깊은 지역 정서를 공유합니다. 보건복지 전공 후 금속 가공 현장에 뛰어들어, 책상 위의 이론보다는 작업복 입은 사람들의 투박한 언어와 현장의 생리를 먼저 익혔습니다. 무리한 승진 경쟁보다는 현장에서 '말 통하는 안전 관리자'라는 평판을 유지하며, 큰 사고 없이 정년까지 안정적으로 재직하는 것을 최우선으로 생각합니다. 스킬: 금속 가공 기계의 위험 요소를 빠르게 짚어내고, 안전 수칙을 귀찮아하는 현장 작업자들을 유연하게 설득해 보호구 착용을 이끌어내는 현장 밀착형 조율 능력이 탁월합니다. 산업안전보건법 현장 적용 및 점검, 금속 가공 공정 위험성 평가, 현장 작업자 갈등 중재 및 소통 스포츠/예술: 윤종수 씨는 평소에는 움직이는 것을 귀찮아해 사우나에서 시간을 보내지만, 고교 동창들과 함께 떠나는 낚시 여행만큼은 장비를 꼼꼼히 챙겨 나설 정도로 진심입니다. 정적인 휴식 속에서도 가끔은 탁 트인 야외에서 낚싯대를 던지며 느끼는 손맛과 레포츠의 해방감을 통해 일상의 무료함을 달랩니다. 윤종수 씨는 거창한 예술 전시보다는 집 소파에 누워 유튜브로 최신 중형차의 제원이나 낚시 포인트 분석 영상을 보는 소소한 시각적 즐거움에 빠져 삽니다. 가끔 신문이나 잡지를 훑어보며 세상 돌아가는 이야기를 수집하고, 이를 술자리 안줏거리 삼아 동료들과 나누며 시간을 보냅니다.",60,"가족 생활비와 노후 준비의 균형 확보: 대구 대구-달서구 거주, 산업 안전원 생활 패턴을 기준으로 자녀 관련 지출 계획화, 월 고정 주거비 관리, 취미/관심사(동네 사우나 및 찜질방 방문) 지출을 조절하고 강점(산업안전보건법 현장 적용 및 점검)을 활용해 월별 저축 루틴을 유지하기",2540000
43,진진숙,43,무직,Female,0,경상북 경상북-영주시,"진진숙 씨는 영주에서 가족과 함께 살며 인테리어와 꽃꽂이에 관심이 많은, 사교적이고 유연한 성격의 40대 전업주부입니다. 직업/역량: 진진숙 씨는 경북 영주에서 전업주부로 지내며 꽃꽂이 자격증 취득을 준비하고 있으며, 나중에는 동네 주민들이 편하게 들를 수 있는 작은 원예 공방을 차려 이웃들의 사랑방 역할을 하는 삶을 꿈꿉니다. 특유의 싹싹함으로 처음 본 사람과도 금세 친해지는 소통 능력을 갖추고 있어, 동네 문화센터의 분위기를 주도하며 사회적 존재감을 확인하는 일에서 큰 보람을 느낍니다. 소비·생활 단서: 음식(진진숙 씨는 이주일에 한 번 외식을 할 때면 고깃집 대신 나물 반찬이 정갈하게 나오는 보리밥집이나 청국장 전문점을 찾아 건강한 한 끼를 즐깁니다. 가끔은 동네 빵집에서 갓 구운 소금빵이나 단팥빵을 사서 집에서 커피와 함께 먹으며 여유로운 오후를 보내고, 배달 음식은 한 달에 한 번 정도로 제한합니다.), 여행(진진숙 씨는 가족들과 함께 경주 불국사나 부여 낙화암 같은 역사 유적지를 찾아다니며 옛 건축물의 선과 고풍스러운 분위기에서 마음의 평온을 얻습니다. 여행지에서는 북적이는 유명 관광지보다 조용하고 정갈한 분위기가 느껴지는 장소를 찾아가 가족들과 도란도란 이야기를 나누는 시간을 소중히 여깁니다.), 취미(부석사 및 소수서원 나들이, 오늘의집 인테리어 소품 수집, 유튜브 뷰티 및 피부 관리 영상 시청) 가족/주거: 진진숙 씨는 영주시의 아파트에서 남편, 아이들과 함께 북적이며 살아가며, 가족들의 사소한 감정 변화를 빠르게 알아차리고 다독이는 집안의 정서적 지주 역할을 합니다. 평소에는 다정하지만, 사용한 물건을 제자리에 두지 않는 습관 때문에 집안이 금세 어질러져 남편과 가벼운 말다툼을 벌이기도 합니다. 배우자·자녀와 거주, 아파트 문화/목표: 영주 소수서원 인근의 정갈하고 보수적인 분위기 속에서 성장했으나, 온라인 커뮤니티와 SNS를 통해 외부 세상의 다양한 라이프스타일을 접하며 자신만의 유연한 가치관을 정립했습니다. 거창한 성공보다는 꽃꽂이 자격증을 따서 작은 공방을 운영하거나, 이웃들과 함께하는 소규모 문화 강좌를 열어 사회적 존재감을 느끼는 소소한 성취를 꿈꿉니다. 스킬: 동네 지인들과의 모임에서 서먹한 분위기를 빠르게 푸는 소통 능력이 뛰어나며, 가구 배치와 소품 활용만으로 집안 분위기를 확 바꾸는 공간 스타일링 감각이 있습니다. 지역 커뮤니티 인맥 관리, 거실 가구 재배치 및 스타일링, 상대방의 기분을 살피는 공감 대화 스포츠/예술: 진진숙 씨는 주말이면 가족들의 손을 잡고 부석사 산책길의 고즈넉한 풍경을 따라 천천히 발걸음을 옮기며 몸과 마음을 이완합니다. 격렬한 운동보다는 가벼운 산책을 즐기며, 걷는 도중 예쁜 들꽃이나 나무를 발견하면 멈춰 서서 사진을 찍느라 정작 계획했던 운동량은 채우지 못하는 경우가 많습니다. 진진숙 씨는 유튜브 뷰티 채널에서 배운 최신 메이크업 기법을 거울 앞에서 연습하고, 잡지에서 본 색감의 소품들을 배치해 거실 분위기를 순식간에 바꾸는 공간 스타일링에 능숙합니다. 꽃의 색 조합과 배치를 연구하며 자신만의 미적 감각을 키우고 있으며, 책장에는 인테리어 서적과 에세이들이 무질서하게 꽂혀 있습니다.",50,"가족 생활비와 노후 준비의 균형 확보: 경상북 경상북-영주시 거주, 무직 생활 패턴을 기준으로 자녀 관련 지출 계획화, 월 고정 주거비 관리, 취미/관심사(부석사 및 소수서원 나들이) 지출을 조절하고 강점(지역 커뮤니티 인맥 관리)을 활용해 월별 저축 루틴을 유지하기",500000
44,최정이,40,무직,Female,0,전북 전북-정읍시,"최정이 씨는 전북 정읍에서 가족을 돌보며 보건복지 전문가로서의 재취업을 꿈꾸는, 책임감 강하고 사교적인 40대 여성입니다. 직업/역량: 최정이 씨는 보건복지 전공 지식을 살려 정읍시 가족센터나 지역 복지관의 사례 관리사로 복귀하길 꿈꾸며 관련 서류를 꼼꼼히 정리하지만, 토씨 하나 틀리지 않으려는 완벽주의 성격 탓에 이력서 한 줄을 쓰는 데 며칠을 고민하며 스스로를 압박합니다. 마을 주민들이 어려워하는 복지 서비스 신청 서류를 빈틈없이 작성해 주며 유능함을 인정받으면서도, 정작 자신의 재취업 준비 과정에서는 지나친 강박으로 인해 시작하는 것을 두려워하는 모순을 보입니다. 소비·생활 단서: 음식(최정이 씨는 제철 나물을 무치고 정갈한 한식 밥상을 차리는 일에 몰두하며, 외식할 때는 고깃집 대신 담백한 정식집을 찾아 정읍의 맛을 즐깁니다. 평소 배달 음식은 두세 달에 한 번 시킬 정도로 드물게 이용하지만, 유독 스트레스가 심한 날에는 가족들과 함께 바삭한 치킨 한 마리를 시켜 먹으며 소소한 일탈을 즐깁니다.), 여행(최정이 씨는 절친한 친구들과 함께 전국 각지의 숲길이나 바다가 보이는 조용한 명소를 찾아다니며 자연이 주는 평온함을 만끽하는 여행자입니다. 빽빽한 일정표에 따라 움직이기보다 발길 닿는 대로 걷다 마주치는 이름 모를 들꽃에 감동하며, 여행지에서도 보건복지 전문가의 시선으로 지역의 무장애 길 조성 상태를 살피는 습관이 있습니다.), 취미(내장산 조각공원 산책, 건강 요리 유튜브 시청, 정읍 시내 디저트 카페 탐방) 가족/주거: 최정이 씨는 단독주택에서 어머니를 모시고 남편, 자녀와 함께 살며 며느리이자 엄마, 아내로서의 역할을 책임감 있게 수행하는 집안의 중심축입니다. 예의범절을 중요하게 여기는 가풍 속에서 자라 어머니를 지극정성으로 봉양하지만, 때로는 자신의 주장을 분명하고 강하게 내세워 가족 간의 의견 충돌 상황을 주도적으로 정리합니다. 배우자·자녀·어머니와 거주, 단독주택 문화/목표: 내장산 단풍객들로 북적이는 정읍의 계절감에 익숙하며, 단독주택에서 어머니를 모시고 사는 가풍 덕분에 어른을 대하는 예절과 지역 공동체의 끈끈한 정서가 몸에 배어 있습니다. 자녀가 성장함에 따라 정읍시 가족센터나 지역 복지관의 사례 관리사로 복귀해 전문성을 발휘하고 싶어 하지만, 모든 일을 완벽하게 처리하려는 강박 때문에 재취업 준비 과정에서 스스로를 지나치게 압박하곤 합니다. 스킬: 보건복지 전공 지식을 바탕으로 어머니의 건강 상태를 세밀하게 체크하고 맞춤형 식단을 구성하며, 마을 주민들이 어려워하는 복지 서비스 신청 서류를 빈틈없이 작성해 줍니다. 노인 맞춤형 영양 식단 짜기, 정부 복지 혜택 신청 서류 작성, 가족 건강 기록부 관리 스포츠/예술: 최정이 씨는 주말마다 친구들과 함께 내장산 조각공원의 흙길을 걸으며 일주일 동안 쌓인 스트레스를 수다로 풀어내는 산책 애호가입니다. 격렬한 운동보다는 풍경을 감상하며 천천히 걷는 활동을 통해 정서적 안정을 찾으며, 정읍의 계절 변화를 온몸으로 느끼며 걷는 시간을 소중히 여깁니다. 최정이 씨는 텔레비전 프로그램이나 인터넷 영상을 통해 최신 생활 트렌드를 접하며, 정갈하게 차려진 상차림이나 단정한 인테리어 소품을 구경하는 것에 소소한 즐거움을 느낍니다. 화려한 예술 작품보다는 실생활에 적용할 수 있는 실용적인 미학에 관심이 많으며, 정읍 시내의 작은 소품숍을 천천히 둘러보며 자신의 취향을 찾아갑니다.",59,"가족 생활비와 노후 준비의 균형 확보: 전북 전북-정읍시 거주, 무직 생활 패턴을 기준으로 자녀 관련 지출 계획화, 주거비 안정화, 취미/관심사(내장산 조각공원 산책) 지출을 조절하고 강점(노인 맞춤형 영양 식단 짜기)을 활용해 월별 저축 루틴을 유지하기",500000
45,신정호,48,시설 경비원,Male,33300000,경상남 경상남-거제시,"신정호 씨는 거제도의 쇠락을 지켜보며 자라온 시설 경비원으로, 유연한 처세술과 성실함을 갖췄지만 건강 관리와 경제적 여유에는 서툰 40대 후반의 남성입니다. 직업/역량: 신정호 씨는 야간 순찰을 돌며 벽면의 미세한 실금이나 천장의 습기 흔적을 귀신같이 잡아내지만, 정작 본인의 경비실 책상 위 서류 뭉치는 늘 제멋대로 쌓아두는 습관이 있습니다. 방문객의 막무가내 식 떼쓰기에도 허허 웃으며 유연하게 대처하다가도, 결정적인 순간에는 단호하게 출입문을 잠가버리는 노련함을 보이며 관리직 승진을 꿈꿉니다. 소비·생활 단서: 음식(신정호 씨는 세 달에 한 번 있을까 말까 한 외식 날이면 동네 분식집에서 김밥 한 줄과 떡볶이를 주문해 소박하게 배를 채웁니다. 한 달에 딱 한 번 시켜 먹는 배달 음식은 주로 고기가 들어가지 않은 나물 비빔밥이나 된장찌개 같은 한식 위주로 선택하며 식비를 아낍니다.), 여행(신정호 씨는 마음이 답답할 때면 친한 친구의 중고차 조수석에 앉아 경남의 한적한 해안 도로를 달리며 바다 풍경을 멍하니 바라봅니다. 거창한 계획 없이 발길 닿는 대로 떠나 이름 모를 숲길을 걷거나 삼림욕을 하며 복잡한 머릿속을 비워내는 시간을 즐깁니다.), 취미(면온저수지 주변 산책 및 삼림욕, 동네 당구장 게임, MBC 표준FM 라디오 청취) 가족/주거: 신정호 씨는 거제시 고현동의 낡은 단독주택에서 연로하신 어머니를 모시고 살며, 투박하지만 지극한 효심으로 어머니의 일상을 챙깁니다. 결혼 적령기를 놓쳐 미혼으로 지내고 있지만, 나중에 작은 시골집을 고쳐 어머니와 함께 조용히 늙어가는 삶을 소망합니다. 어머니와 동거, 단독주택 문화/목표: 거제시 고현동의 낡은 단독주택에서 어머니를 모시고 살며, 조선소 경기가 꺾이던 시절의 침체된 도시 분위기를 몸소 겪으며 성장했습니다. 유연한 성격 덕분에 주변 사람들과 두루 잘 지내지만, 정해진 틀보다는 그때그때 상황에 맞춰 살아가는 삶의 방식이 몸에 배어 있습니다. 지금 근무하는 시설에서 성실함을 인정받아 관리직으로 전환되어 월급을 조금이라도 올리고, 나중에는 작은 시골집을 고쳐 어머니와 조용히 지낼 수 있는 최소한의 기반을 만드는 것입니다. 스킬: 야간 순찰 중 시설물의 미세한 균열이나 누수 지점을 빠르게 찾아내며, 방문객들의 무리한 요구에도 당황하지 않고 상황을 유연하게 넘기면서 결국 원칙대로 통제하는 능숙함이 있습니다. CCTV 모니터링 및 이상 징후 포착, 기초 시설물 유지보수 및 점검, 방문객 응대 및 출입 통제 스포츠/예술: 신정호 씨는 주말 오후면 동네 당구장에서 큐대를 잡고 친구들과 가벼운 내기를 즐기며, 가끔은 집 앞 공터에서 줄넘기를 하며 땀을 흘리려 노력합니다. 집에서는 텔레비전 앞에 앉아 스포츠 경기를 관람하며 소리를 지르다가도, 금세 지쳐 소파에 몸을 맡긴 채 깊은 낮잠에 빠져듭니다. 신정호 씨는 밤마다 MBC 표준FM 라디오에서 흘러나오는 나훈아나 조용필의 옛 노래를 들으며 옛 추억에 잠기는 시간을 가장 아낍니다. 스마트폰으로 옛날 가요무대 영상을 찾아보며 흥얼거리다가, 문득 떠오른 생각들을 낡은 수첩에 짧게 적어보는 소소한 취미가 있습니다.",56,"가족 생활비와 노후 준비의 균형 확보: 경상남 경상남-거제시 거주, 시설 경비원 생활 패턴을 기준으로 1인 생활비와 자기계발비 통제, 주거비 안정화, 취미/관심사(면온저수지 주변 산책 및 삼림욕) 지출을 조절하고 강점(CCTV 모니터링 및 이상 징후 포착)을 활용해 월별 저축 루틴을 유지하기",1690000
46,최경숙,55,건물 청소원,Female,38900000,서울 서울-관악구,"최경숙 씨는 관악구에서 잔뼈가 굵은 베테랑 청소원이자, 가족을 위해 헌신하며 당구와 조깅으로 활력을 찾는 50대 여성입니다. 직업/역량: 최경숙 씨는 관악구의 대형 상가 건물들을 돌며 대리석 바닥의 찌든 때를 흔적 없이 지우는 전용 세제 배합법을 능숙하게 구사하는 베테랑 청소원입니다. 막내 자녀가 완전히 독립할 때까지는 지금의 일터를 건강하게 지키며 매달 정해진 월급을 받는 안정적인 생활을 유지하는 것에 모든 가치를 둡니다. 소비·생활 단서: 음식(최경숙 씨는 2주에 한 번 가족들과 함께 동네 갈빗집에서 외식을 하며 고기를 구워 먹는 시간을 가장 기다리고, 평소에는 배달 앱으로 떡볶이나 김밥 같은 분식을 주 2~3회 시켜 먹습니다. 메뉴를 고를 때면 결정장애가 있어 한참을 고민하다가 결국 늘 주문하던 단골집에서 같은 메뉴를 고르는 버릇이 있습니다.), 여행(최경숙 씨는 명절이나 휴가 때면 남편과 자녀들의 손을 잡고 강원도 설악산이나 제주도 올레길 같은 탁 트인 자연 풍경을 찾아 떠납니다. 화려한 관광 코스보다는 초록색 나무와 푸른 바다가 보이는 조용한 곳에서 가족들의 얼굴을 바라보며 마음의 안정을 찾습니다.), 취미(관악산 둘레길 새벽 조깅, 동네 지인들과의 3쿠션 당구, 유튜브 트로트 가수 무대 영상 시청) 가족/주거: 최경숙 씨는 관악구의 좁은 골목길 집에서 남편과 자녀들을 정성껏 보살펴 왔으며, 대학 졸업장을 딴 자녀들을 자랑스러워하면서도 가끔은 학력의 차이에서 오는 묘한 소외감을 느낍니다. 자녀들이 독립하는 그날까지 든든한 버팀목이 되어주고 싶어 하며, 겉으로는 퉁명스럽게 말해도 뒤에서는 자녀들이 좋아하는 반찬을 정성껏 준비합니다. 배우자·자녀와 거주, 주택 이외의 거처 문화/목표: 관악구의 가파른 언덕길과 좁은 골목이 익숙한 동네에서 오래 살았으며, 중학교 졸업 후 빠르게 생업에 뛰어들어 가족을 건사해 온 세월만큼 생활력이 강하지만, 자녀들의 대학 졸업장을 볼 때면 묘한 소외감과 아쉬움을 느낍니다. 큰 욕심 없이 지금의 일터를 건강하게 지키며 막내 자녀가 완전히 독립할 때까지 매달 꼬박꼬박 월급을 받는 안정적인 생활을 유지하고 싶어 합니다. 스킬: 대리석 바닥의 찌든 때를 흔적 없이 지우는 세제 배합법을 꿰고 있으며, 복잡한 건물 구조 속에서도 가장 빠르게 청소를 마칠 수 있는 최적의 동선을 몸으로 기억하고 있습니다. 자재별 맞춤형 세제 선택 및 배합, 건물 층별 최단 청소 동선 설계, 산업용 고압 세척기 및 광택기 운용 스포츠/예술: 최경숙 씨는 평소의 조용한 모습과는 달리 동네 당구장에 모여 친구들과 3쿠션 경기를 할 때면 무서운 승부욕을 드러내며 큐대를 잡습니다. 이른 새벽 관악산 자락의 산책로를 가볍게 뛰며 머릿속의 잡념을 털어내는 것으로 하루를 시작하는 강인한 생활 습관을 지녔습니다. 최경숙 씨는 퇴근 후 소파에 기대어 임영웅의 노래가 나오는 유튜브 영상을 보거나 최신 한국 영화를 시청하며 하루의 피로를 씻어냅니다. 때로는 화려한 무대 영상에 깊이 몰입해 눈시울을 붉히기도 하며, 이어폰을 끼고 조용히 음악을 들으며 혼자만의 시간을 갖는 것을 좋아합니다.",62,"은퇴 전 현금흐름 정리와 건강 지출 대비: 서울 서울-관악구 거주, 건물 청소원 생활 패턴을 기준으로 자녀 관련 지출 계획화, 주거비 안정화, 취미/관심사(관악산 둘레길 새벽 조깅) 지출을 조절하고 강점(자재별 맞춤형 세제 선택 및 배합)을 활용해 월별 저축 루틴을 유지하기",1910000
47,정지훈,29,무직,Male,0,서울 서울-송파구,"정지훈 씨는 건축공학 전공자의 전문성을 갖췄으나 취업 준비의 무기력함 속에 사는 20대 후반의 남성으로, 보드게임과 스포츠 관람, 자연 속의 휴식으로 삶의 균형을 잡으려 노력합니다. 직업/역량: 정지훈 씨는 오토캐드로 정밀한 도면을 설계하고 레빗을 이용해 3차원 모델링을 구현하는 기술을 갖추었지만, 현재는 취업 준비라는 긴 터널을 지나며 중견 건설사의 설계직 자리를 조용히 기다리고 있습니다. 치열한 성과 경쟁에 매몰되기보다 정해진 시간에 퇴근해 자신의 저녁을 온전히 누릴 수 있는 안정적인 일터를 꿈꾸며 매일 채용 공고를 살핍니다. 소비·생활 단서: 음식(정지훈 씨는 일주일에 두세 번 정도 집 근처 고깃집에서 두툼한 삼겹살에 소주 한 잔을 기울이거나, 분위기 좋은 주점에서 안주를 곁들이며 친구들과 회포를 풉니다. 배달 음식은 2주에 한 번 정도로 드물게 이용하며, 대부분의 식사는 밖에서 사람들과 어울려 해결하는 편입니다.), 여행(정지훈 씨는 마음이 무거울 때면 친구와 함께 교외의 한적한 숲길을 찾아 천천히 걷거나 초록빛 풍경을 멍하니 바라보며 소모된 감정을 회복합니다. 화려한 관광지보다는 사람의 손길이 적게 닿은 자연 속에서 정적인 시간을 보내며 흐트러진 마음을 정리하는 시간을 갖습니다.), 취미(프리미어리그 경기 시청, 보드게임(카탄, 스플렌더), 동네 대형 찜질방 방문) 가족/주거: 정지훈 씨는 가족과 떨어져 송파구의 아파트에서 마음 맞는 친구와 함께 살며, 서로의 영역을 존중하면서도 외로움을 공유하는 독특한 동거 생활을 이어가고 있습니다. 결혼이라는 먼 미래의 과제보다는 현재 곁에 있는 사람과 나누는 소소한 일상의 유대감과 정서적 지지에 더 의지하며 지냅니다. 비친족 동거, 아파트 문화/목표: 송파구 가락동의 전세 아파트에서 친구와 함께 지내며, 취업 준비 기간이 길어지면서 오는 불안함과 무기력함을 일상의 작은 즐거움으로 달래며 살아갑니다. 주말이면 올림픽공원 산책로를 걷거나 석촌호수 근처 카페에서 시간을 보내며 복잡한 마음을 정리하곤 합니다. 너무 치열한 경쟁보다는 자신의 속도로 일할 수 있는 중견 건설사의 설계 팀에 들어가, 실무 경험을 쌓으며 안정적인 생활 기반을 잡고 싶어 합니다. 정해진 시간에 퇴근해 개인적인 시간을 확보할 수 있는 일과 삶의 균형이 보장된 환경을 희망합니다. 스킬: 대학교에서 건축공학을 전공해 오토캐드로 상세 도면을 설계하거나 레빗을 활용한 3차원 모델링을 수행할 수 있습니다. 구조 계산서의 수치를 검토하고 실제 시공 현장의 도면과 대조하며 오차를 찾아내는 분석적인 접근에 능숙합니다. 오토캐드 도면 설계, 레빗 3D 모델링, 건축 구조 계산서 분석 스포츠/예술: 정지훈 씨는 새벽마다 프리미어리그 경기를 챙겨보며 응원하는 팀이 골을 넣는 순간 거실이 떠나가라 소리를 지르곤 합니다. 직접 땀 흘려 뛰는 운동보다는 화면 너머의 경기를 분석하고 친구들과 승패를 두고 열띤 논쟁을 벌이는 시간에서 살아있음을 느낍니다. 정지훈 씨는 주말 밤이면 친구들을 불러 모아 '카탄'의 자원을 두고 치열하게 협상하거나 '스플렌더'의 보석을 모으며 취업에 대한 잡념을 지웁니다. 유튜브의 알고리즘이 이끄는 대로 다양한 영상 콘텐츠를 소비하며, 복잡한 세상사 대신 명확한 규칙이 존재하는 보드게임의 세계에 깊이 몰입합니다.",47,"비상금과 커리어 전환 자금 마련: 서울 서울-송파구 거주, 무직 생활 패턴을 기준으로 1인 생활비와 자기계발비 통제, 월 고정 주거비 관리, 취미/관심사(프리미어리그 경기 시청) 지출을 조절하고 강점(오토캐드 도면 설계)을 활용해 월별 저축 루틴을 유지하기",500000
48,심복실,56,가사 도우미,Female,37600000,경상북 경상북-고령군,"심복실 씨는 고령군에서 신뢰받는 가사 도우미로 일하며, 소박한 외식과 산책으로 삶의 즐거움을 찾는 단단한 내면의 소유자입니다. 직업/역량: 심복실 씨는 고령군 곳곳의 집안일을 도맡으며 찌든 때를 말끔히 없애는 자신만의 세제 배합법으로 정평이 난 베테랑 가사 도우미입니다. 심복실 씨는 고용주의 생활 패턴을 빠르게 읽어내어 가구 배치 하나까지 세심하게 맞춤형으로 정리하는 데 능숙하며, 일에 몰입할 때면 주변에서 불러도 모를 정도로 무서운 집중력을 보입니다. 소비·생활 단서: 음식(심복실 씨는 일주일에 대여섯 번은 밖에서 식사를 하며, 특히 고령읍내 단골 파스타 가게에서 크림 파스타를 먹으며 이국적인 기분을 냅니다. 심복실 씨는 배달 앱의 편리함보다는 직접 식당을 찾아가 정갈하게 차려진 나물 반찬과 구수한 된장찌개를 천천히 음미하는 식사를 고집합니다.), 여행(심복실 씨는 남편의 손을 잡고 공기 맑은 숲길이나 탁 트인 바다 풍경을 찾아다니며 일상의 답답함을 씻어냅니다. 심복실 씨는 유명 관광지의 빽빽한 일정 대신 가족과 함께 조용한 시골길을 드라이브하며 창밖 풍경을 감상하는 느릿한 여행을 즐깁니다.), 취미(대가야 고분군 산책로 걷기, 지역 내 이탈리안 레스토랑 탐방, 유튜브로 최신 인테리어 영상 보기) 가족/주거: 심복실 씨는 무뚝뚝하지만 속 깊은 남편과 함께 단독주택 마당을 가꾸며 서로의 빈틈을 채워주는 안정적인 결혼 생활을 이어가고 있습니다. 심복실 씨는 고령군에서 나고 자라며 맺은 이웃들과의 끈끈한 정을 중요하게 생각하며, 집에 손님이 오면 상다리가 휘어질 정도로 음식을 차려내야 직성이 풀립니다. 배우자와 거주, 단독주택 문화/목표: 고령군 대가야 고분군 근처에서 나고 자라며 마을 공동체의 끈끈함을 몸소 익혔고, 어린 시절 학교를 일찍 마쳤지만 삶의 현장에서 배운 지혜로 단독주택을 가꾸며 단단한 살림꾼으로 성장했습니다. 고령 지역에서 가장 믿고 맡길 수 있는 일꾼이라는 평판을 유지하며, 건강을 잘 관리해 정년 없이 오랫동안 이웃들에게 도움을 주는 보람을 느끼고 싶어 합니다. 스킬: 집집마다 다른 생활 패턴을 빠르게 파악해 맞춤형으로 정리정돈을 수행하며, 특히 찌든 때를 말끔히 제거하는 세제 배합법과 효율적인 가사 동선 설계에 능숙합니다. 맞춤형 공간 정리정돈, 섬유별 맞춤 세탁 및 관리, 효율적인 가사 동선 최적화 스포츠/예술: 심복실 씨는 대가야 고분군의 완만한 흙길을 천천히 걸으며 발끝에 닿는 계절의 감촉을 느끼는 시간을 가장 소중히 여깁니다. 심복실 씨는 거창한 운동 기구보다는 집 앞 마당의 잡초를 뽑거나 동네 한 바퀴를 도는 소소한 움직임으로 하루의 긴장을 풉니다. 심복실 씨는 유튜브로 최신 살림 꿀팁 영상을 찾아보며 수첩에 메모하는 시간을 즐기고, 텔레비전 속 임영웅의 노래를 따라 부르며 일상의 스트레스를 해소합니다. 심복실 씨는 화려한 미술관보다는 고분군 너머로 지는 노을의 색깔이 변하는 과정을 멍하니 바라보며 마음의 평온을 찾습니다.",59,"은퇴 전 현금흐름 정리와 건강 지출 대비: 경상북 경상북-고령군 거주, 가사 도우미 생활 패턴을 기준으로 가족 공동 지출 관리, 주거비 안정화, 취미/관심사(대가야 고분군 산책로 걷기) 지출을 조절하고 강점(맞춤형 공간 정리정돈)을 활용해 월별 저축 루틴을 유지하기",1750000
49,홍두현,26,보험 심사원,Male,31100000,경기 경기-양주시,"홍두현 씨는 꼼꼼한 업무 능력과 부드러운 성격을 가진 보험 심사원으로, 알뜰한 저축과 피규어 수집, 식도락 여행을 통해 삶의 균형을 찾는 20대 청년입니다. 직업/역량: 홍두현 씨는 보험금 청구 서류의 작은 빈틈을 잡아내는 매서운 눈썰미를 가졌지만, 정작 화가 난 고객 앞에서는 낮은 목소리로 끝까지 이야기를 들어주며 상황을 유연하게 넘깁니다. 퇴근 후에는 손해사정사 자격증 교재를 펼치지만, 가끔 집중력이 흐트러져 스마트폰으로 숏폼 영상을 보며 시간을 보내기도 합니다. 소비·생활 단서: 음식(홍두현 씨는 평소 외식을 자제하며 집밥을 주로 먹지만, 가끔 배달 앱을 켜면 육즙 가득한 수제 버거나 치즈가 듬뿍 들어간 피자를 주문해 혼자만의 시간을 즐깁니다. 한식당에 가면 고기구이 대신 정갈하게 나오는 나물 비빔밥이나 시원한 콩국수를 선택해 가볍게 식사하는 습관이 있습니다.), 여행(홍두현 씨는 직장 동료들과 함께 강원도나 충청도의 낡은 간판이 걸린 노포를 찾아다니며 뜨끈한 칼국수나 막국수를 맛보는 식도락 여행에 진심입니다. 유명 관광지보다는 현지인들이 줄 서서 먹는 숨겨진 맛집 리스트를 엑셀로 정리해 공유하는 것을 즐깁니다.), 취미(지역 배드민턴 동호회 활동, 전국 노포 면 요리 맛집 탐방, 한정판 캐릭터 피규어 수집) 가족/주거: 홍두현 씨는 양주 신도시의 아파트에서 부모님과 함께 지내며 정서적인 안정감을 느끼지만, 마음 한편으로는 온전히 내 취향대로 꾸밀 수 있는 독립된 공간을 갈망합니다. 부모님의 잔소리에 적당히 고개를 끄덕이며 맞장구쳐주는 유연함을 가졌지만, 가끔은 자신의 사생활을 존중받지 못한다는 생각에 답답함을 느낍니다. 부모와 동거, 아파트 문화/목표: 양주 옥정신도시의 아파트 단지에서 나고 자라며 경기 북부 특유의 여유로운 분위기와 실용적인 생활 양식에 익숙합니다. 유튜브 쇼츠나 틱톡으로 최신 트렌드를 빠르게 접하지만, 정작 소비할 때는 가성비와 실제 활용도를 꼼꼼하게 따져보고 결정하는 20대 중반의 전형적인 모습을 보입니다. 업무 숙련도를 높여 손해사정사 자격증을 취득함으로써 회사 내에서 대체 불가능한 전문 인력으로 인정받고 싶어 합니다. 장기적으로는 안정적인 소득을 바탕으로 부모님으로부터 독립해 자신만의 보금자리를 마련하는 것을 현실적인 목표로 삼고 있습니다. 스킬: 보험금 청구 서류에서 누락된 세부 항목을 빠르게 찾아내고, 까다로운 약관 내용을 민원인이 이해하기 쉽게 풀어서 설명하는 능력이 뛰어납니다. 감정적으로 격앙된 고객과 대화할 때도 상대의 말을 끝까지 경청하며 부드럽게 상황을 진정시키는 유연한 소통 방식을 구사합니다. 보험 약관 분석 및 지급 적정성 심사, 민원인 응대 및 갈등 중재, 보험 청구 서류 검토 및 데이터 관리 스포츠/예술: 홍두현 씨는 양주 옥정동 근처의 배드민턴 클럽에서 셔틀콕을 강하게 때리며 업무상 쌓인 스트레스를 날려버립니다. 가끔은 집 앞 공원에서 줄넘기를 하며 땀을 흘리지만, 엄격한 계획보다는 그날의 기분에 따라 운동 강도를 정하는 편입니다. 홍두현 씨는 퇴근 후 방 한쪽 벽면을 가득 채운 정교한 애니메이션 피규어들을 닦고 배치하며 자신만의 작은 세계를 가꾸는 시간에서 위안을 얻습니다. 주말이면 직장 동료들과 함께 코인 노래방을 찾아가 최신 유행하는 노래를 부르며 소리를 지르는 것으로 일상의 긴장을 해소합니다.",67,"비상금과 커리어 전환 자금 마련: 경기 경기-양주시 거주, 보험 심사원 생활 패턴을 기준으로 부모님 부양 비용 관리, 월 고정 주거비 관리, 취미/관심사(지역 배드민턴 동호회 활동) 지출을 조절하고 강점(보험 약관 분석 및 지급 적정성 심사)을 활용해 월별 저축 루틴을 유지하기",1840000
50,최지현,31,자동 재봉설비 조작원,Female,45200000,부산 부산-강서구,"최지현 씨는 부산 강서구의 의복 제조 공장에서 성실하게 일하며 어머니와의 안정적인 삶을 일궈가는, 다정하지만 내면에 소심한 걱정을 품고 사는 30대 직장인입니다. 직업/역량: 최지현 씨는 자동 재봉 설비의 미세한 장력을 손끝으로 잡아내 불량률을 획기적으로 낮추는 숙련된 감각을 가졌으며, 정년까지 무탈하게 다닐 수 있는 공장의 대체 불가능한 핵심 인력이 되는 것을 목표로 매일 성실하게 기계를 세팅합니다. 소비·생활 단서: 음식(최지현 씨는 주말이면 전포동의 파스타 집에서 친구들과 수다를 떨며 크림 파스타를 즐기고, 평소에는 고기 없는 정갈한 나물 반찬 중심의 한정식집을 찾으며 퇴근길 동네 빵집에서 달콤한 소금빵을 사는 습관이 있습니다.), 여행(최지현 씨는 부산 시티투어 버스를 타고 익숙한 도시의 풍경을 다시 보는 여행을 즐기며, 절친한 친구들과 함께 미리 계획된 일정대로 움직이는 안전한 여정에서 편안함을 찾습니다.), 취미(낙동강 하구둑 산책, 유튜브 먹방 영상 시청, 전포 카페거리 양식당 투어) 가족/주거: 최지현 씨는 명지동 아파트에서 어머니의 잔소리를 묵묵히 들어주는 싹싹한 딸이며, 어머니가 좋아하는 반찬을 함께 준비하며 서로의 일상을 공유하는 소박한 시간 속에서 삶의 가장 큰 지지대를 얻습니다. 어머니와 동거, 아파트 문화/목표: 부산 강서구 명지동의 조용한 아파트 단지에서 어머니와 함께 살며, 퇴근길에 동네 작은 빵집에서 간식을 사는 소소한 일상에서 큰 안정을 느낍니다. 주변 사람들의 기분을 세심하게 살피며 조화를 이루는 성격 덕분에 이웃들 사이에서 싹싹하고 믿음직한 딸로 통합니다. 현재 맡은 공정에서 누구도 대체할 수 없는 숙련공으로 인정받아 정년까지 마음 편히 다닐 수 있는 안정적인 위치를 다지는 것을 최우선으로 합니다. 어머니와 함께 누릴 수 있는 안락한 노후 자금을 차곡차곡 모으는 실질적인 목표에 집중합니다. 스킬: 자동 재봉 설비의 미세한 장력 조절과 원단 밀림 현상을 빠르게 잡아내어 불량률을 획기적으로 낮추는 숙련된 감각을 갖추고 있습니다. 복잡한 도면을 보고 기계 세팅을 신속하게 변경해 다양한 의류 품목을 오차 없이 생산해내는 능력이 뛰어납니다. 자동 재봉기 장력 최적화, 원단별 봉제 결함 판별, 생산 공정 스케줄 관리 스포츠/예술: 최지현 씨는 퇴근 후 낙동강 하구둑 산책로를 천천히 걸으며 하루의 소음을 걷어내지만, 체력이 부족해 조금만 오래 걸어도 숨이 차오르는 자신의 모습에 남몰래 한숨을 내쉽니다. 최지현 씨는 잠들기 전 침대에 누워 끝없이 이어지는 유튜브 쇼츠 영상을 보며 멍하게 시간을 보내거나, 전포동의 감각적인 카페에서 흐르는 잔잔한 음악 속에 파묻혀 복잡한 머릿속을 비워냅니다.",58,"주거 안정과 중기 목돈 마련: 부산 부산-강서구 거주, 자동 재봉설비 조작원 생활 패턴을 기준으로 1인 생활비와 자기계발비 통제, 월 고정 주거비 관리, 취미/관심사(낙동강 하구둑 산책) 지출을 조절하고 강점(자동 재봉기 장력 최적화)을 활용해 월별 저축 루틴을 유지하기",2410000
51,이현준,25,금속공학 기술자 및 연구원,Male,52100000,울산 울산-남구,"이현준 씨는 울산의 금속공학 기술자로 일하며 수학적 정밀함과 예술적 감성을 동시에 지닌, 책임감 강한 20대 젊은 가장입니다. 직업/역량: 이현준 씨는 울산 남구의 금속 가공 현장에서 특수 합금의 미세한 균열을 잡아내는 정밀 진단 업무를 수행하며, 복잡한 열처리 공정을 수치화해 효율을 높이는 일에 몰두합니다. 친환경 신소재 배합비를 개발해 실제 생산 라인에 적용하겠다는 포부를 품고 현장 동료들의 신뢰를 받는 수석 연구원으로 성장하려 합니다. 소비·생활 단서: 음식(이현준 씨는 주 2~3회 정도 외식을 하며, 특히 단골 이자카야에서 짭조름한 명란구이와 시원한 하이볼 한 잔을 곁들여 아내와 낮은 목소리로 대화를 나누는 시간을 가장 좋아합니다. 나물이나 생선 중심의 한식당을 주로 찾으며, 가끔은 배달 음식의 편리함보다는 동네 작은 주점에서 느껴지는 특유의 분위기에 취하곤 합니다.), 여행(이현준 씨는 아내와 함께 전국 곳곳의 조용한 숲길이나 탁 트인 바다를 찾아 떠나 풍경을 감상하며 복잡한 마음을 정리합니다. 화려한 관광지보다는 이름 없는 작은 마을의 자연 경관을 천천히 걷는 것을 즐기며, 그 과정에서 발견한 독특한 질감의 돌이나 나무껍질을 유심히 관찰하는 습관이 있습니다.), 취미(태화강 십리대숲 풍경 사진 촬영, 명란구이와 하이볼 곁들이기, 과학 전문 팟캐스트 청취) 가족/주거: 이현준 씨는 20대 중반이라는 이른 나이에 한 가정의 가장이 되어 아파트에서 아내와 아이를 정성껏 돌보며 가장으로서의 책임감을 무겁게 느끼고 있습니다. 아이의 작은 손을 잡고 십리대숲을 산책하는 평범한 일상에서 행복을 찾으며, 서툰 아빠지만 아이의 눈높이에서 세상을 바라보려 노력하는 다정한 면모를 보입니다. 배우자·자녀와 거주, 아파트 문화/목표: 울산 남구의 거대한 공업 단지 숲에서 성장하며 금속의 차가움과 도시의 역동성에 익숙하지만, 퇴근길 태화강 국가정원의 흙내음을 맡으며 마음의 안정을 찾습니다. 20대 중반에 가정을 이룬 가장으로서의 무게감을 느끼면서도, 대학 시절 배운 수학적 질서와 예술적 감성을 일상 속에서 조화시키려 애씁니다. 탄소 배출을 획기적으로 줄인 친환경 신소재 합금 배합비를 개발해 실제 생산 라인에 적용하는 성과를 내고자 합니다. 기술적 숙련도를 쌓아 동료들이 믿고 찾는 현장 전문가이자, 회사의 핵심 기술 자산으로 인정받는 수석 연구원을 꿈꿉니다. 스킬: 금속 재료의 결정 구조를 분석해 제품의 내구성을 높이는 열처리 공정을 설계하며, 특히 특수 합금의 미세한 균열을 잡아내는 정밀 진단에 능숙합니다. 현장에서 발생하는 변수를 빠르게 수치화하여 공정 시간을 단축하는 실질적인 해결책을 제시합니다. 특수 합금 열처리 공정 설계, 금속 조직 미세 구조 분석, 재료 강도 및 내구성 시뮬레이션 스포츠/예술: 이현준 씨는 평일 퇴근 후 동네 친구들과 당구장에서 큐대를 잡고 치열한 승부를 겨루며 업무 스트레스를 날려버립니다. 주말이면 가끔 농구 코트에서 땀을 흘리며 활동적인 에너지를 발산하고, 때로는 탁구대 앞에서 빠른 공수 전환에 집중하며 숨겨진 승부욕을 드러냅니다. 이현준 씨는 잠들기 전 팟캐스트로 양자역학 같은 난해한 과학 이론을 탐구하며 지적 유희를 즐기고, 태화강 십리대숲의 나뭇잎 색감을 카메라 렌즈에 담아 기록하는 정적인 시간을 소중히 여깁니다. 금속 공학이라는 차가운 전공 속에 숨겨진 기하학적 질서를 예술적으로 해석해 일상의 사진으로 표현하곤 합니다.",62,"비상금과 커리어 전환 자금 마련: 울산 울산-남구 거주, 금속공학 기술자 및 연구원 생활 패턴을 기준으로 자녀 관련 지출 계획화, 월 고정 주거비 관리, 취미/관심사(태화강 십리대숲 풍경 사진 촬영) 지출을 조절하고 강점(특수 합금 열처리 공정 설계)을 활용해 월별 저축 루틴을 유지하기",3040000
52,조태민,22,출판 및 자료편집 사무원,Male,38500000,서울 서울-강서구,"조태민 씨는 강서구 마곡의 일식 맛집과 헬스장을 전전하며, 한글 프로그램의 달인으로 인정받아 빠르게 퇴근하고 싶은 22세의 실무형 청년입니다. 직업/역량: 조태민 씨는 한글 프로그램의 스타일 기능과 표 설정을 기가 막히게 다뤄 교육 교재의 복잡한 레이아웃을 순식간에 정리해내는 실무형 인재입니다. 업무 시간을 최대한 단축해 퇴근 후의 개인적인 시간을 확보하려는 영리한 효율성을 추구하며, 가끔은 지나치게 실용성만 따지느라 교재의 시각적 디테일을 놓치기도 합니다. 소비·생활 단서: 음식(조태민 씨는 마곡지구의 정갈한 가츠동이나 사케동 전문점을 찾아다니며 혼자만의 식사 시간을 소중히 여기고, 주말에는 친구들과 함께 두툼한 삼겹살에 소주를 곁들이는 자리를 즐깁니다. 일주일에 서너 번은 스마트폰 앱으로 족발이나 치킨을 주문해 먹으며, 배달 음식의 자극적인 맛에 익숙해져 입맛이 점점 까다로워지고 있습니다.), 여행(조태민 씨는 누구의 간섭도 받지 않고 혼자서 낯선 도시의 골목길을 누비며 숨겨진 맛집을 찾아다니는 음식 중심의 여행을 즐깁니다. 유명 관광지를 방문하는 일정 대신 현지인들이 줄 서서 먹는 작은 식당의 메뉴판을 분석하고 맛보는 과정에서 깊은 성취감을 느끼며, 계획 없이 발길 닿는 대로 움직이는 느긋한 여행 방식을 고수합니다.), 취미(마곡지구 일식 맛집 탐방, 웨이트 트레이닝, 유튜브 음식 콘텐츠 시청) 가족/주거: 조태민 씨는 화곡동의 좁은 골목길 사이에 위치한 다세대 주택에서 부모님과 함께 지내며, 성인이 된 후에도 부모님의 세심한 챙김과 간섭이 교차하는 환경 속에서 생활합니다. 부모님 앞에서는 싹싹한 아들처럼 굴지만, 자신의 방에 들어서는 순간 외부와의 연결을 끊고 철저히 혼자만의 휴식을 취하며 정서적 독립을 갈구합니다. 부모와 동거, 다세대주택 문화/목표: 강서구 화곡동의 다세대 주택 밀집 지역에서 성장하며 도시의 편리함과 소란스러움에 익숙해졌습니다. 대학 전공을 살려 일찍 사회생활을 시작하며, 이론적인 교육 철학보다는 당장 현장에서 쓰일 수 있는 실무 지식과 효율적인 업무 처리 방식에 더 가치를 둡니다. 실무 역량을 빠르게 쌓아 편집 분야의 대체 불가능한 전문가가 됨으로써, 업무 효율을 극대화해 개인의 휴식 시간을 충분히 확보하는 안정적인 직장 생활을 지향합니다. 스킬: 교육 교재의 가독성을 높이는 레이아웃 편집과 방대한 학습 데이터를 체계적으로 구조화하는 능력이 뛰어납니다. 특히 한글 프로그램의 복잡한 스타일 설정과 표 기능을 능숙하게 활용해 교재 제작 공정을 단축합니다. 교육 콘텐츠 레이아웃 편집, 한글 및 엑셀 데이터 구조화, 학습 자료 교정 교열 스포츠/예술: 조태민 씨는 퇴근 후 동네 헬스장의 시끄러운 음악 소리 속에서 무거운 기구들을 밀어내며 업무 중에 쌓인 정신적 피로를 털어냅니다. 체계적인 운동 계획을 세우기보다 그날그날 기분에 따라 기구를 선택하는 편이며, 운동 후에는 보상 심리로 인해 고칼로리 음식을 찾는 모순적인 루틴을 가지고 있습니다. 조태민 씨는 주말이면 화곡동의 소란스러움을 피해 조용한 테마 카페에서 책을 읽거나 유튜브로 전 세계의 낯선 거리 음식 영상을 보며 대리 만족을 느낍니다. 정교하게 짜인 예술 작품보다는 실생활에 유용한 정보가 담긴 실용서나 가벼운 에세이를 즐겨 읽으며, 가끔은 영상 속 화려한 색감의 음식들에 매료되어 당장 떠나고 싶다는 갈망에 빠지곤 합니다.",52,"비상금과 커리어 전환 자금 마련: 서울 서울-강서구 거주, 출판 및 자료편집 사무원 생활 패턴을 기준으로 부모님 부양 비용 관리, 월 고정 주거비 관리, 취미/관심사(마곡지구 일식 맛집 탐방) 지출을 조절하고 강점(교육 콘텐츠 레이아웃 편집)을 활용해 월별 저축 루틴을 유지하기",2280000
53,서승희,34,전기 부품 제조 기계 조작원,Female,54200000,대구 대구-서구,"서승희 씨는 기계 소음 속에서 정밀함을 찾아내는 숙련된 기술자이자, 고단한 하루 끝에 잡지와 산책으로 내면을 돌보는 외로운 도시인입니다. 직업/역량: 서승희 씨는 대구 서구의 기계 설비 소음만으로도 부품의 마모 상태를 알아맞히는 베테랑 조작원이며, 동료들의 무심한 말투 속에서도 갈등을 조율하며 도면의 미세한 오차를 잡아내는 데 집중합니다. 현장에서 인정받는 숙련공을 넘어 기술사 자격증을 따서 쾌적한 관리직 사무실로 들어가는 날만을 고대하며 매일 기름때 묻은 작업복을 입습니다. 소비·생활 단서: 음식(서승희 씨는 주 5일 가까이 외식을 하며 대구 서구 근처의 정갈한 나물 정식집이나 보리밥집을 찾아다니고, 가끔은 깔끔한 초밥이나 사케동이 나오는 일식당에서 혼자만의 만찬을 즐깁니다. 배달 음식은 일주일에 한 번 정도만 시키는데, 주로 비가 오는 날이면 기름진 전보다는 깔끔한 회덮밥을 주문해 소파에서 잡지를 보며 천천히 먹습니다.), 여행(서승희 씨는 친한 친구와 함께 부산이나 광주 같은 타 지역으로 떠나 시티투어 버스의 2층 좌석에 앉아 도시의 랜드마크를 한눈에 훑는 여행을 즐깁니다. 빡빡한 일정표를 짜기보다는 버스가 안내하는 경로를 따라 낯선 도시의 분위기를 느끼며, 유명한 빵집이나 소품샵에 들러 소소한 기념품을 사는 것에 만족합니다.), 취미(대구 서구 인근 골목 산책, 인테리어 및 디자인 잡지 읽기, 전국 주요 도시 시티투어 버스 여행) 가족/주거: 서승희 씨는 법적으로는 배우자가 있지만 현재는 대구 서구의 아파트에서 홀로 지내며, 가족이라는 울타리가 주는 안온함보다는 혼자만의 고요한 독립 공간이 주는 해방감을 더 크게 느낍니다. 가끔 찾아오는 외로움이 밀려올 때는 일부러 친구들을 불러내어 시끌벅적하게 시간을 보내며 빈자리를 채우려 노력합니다. 혼자 거주 (배우자 별거), 아파트 문화/목표: 대구 서구의 한 아파트에서 홀로 생활하며, 공학 전공 후 거친 제조 현장에서 잔뼈가 굵은 30대 여성입니다. 무뚝뚝한 경상도 특유의 분위기와 공장의 딱딱한 문화 속에서도 주변 동료들의 기분을 세밀하게 살피며 조화를 이루는 성격입니다. 현장에서 쌓은 실무 경험을 바탕으로 공정 효율을 높이는 작은 개선안들을 제안하며 동료들에게 인정받는 숙련공이 되고자 합니다. 언젠가는 기술사 자격증을 취득하여 현장 관리직으로 옮겨가 더 안정적인 환경에서 일하고 싶어 합니다. 스킬: 전기 부품 제조 설비를 능숙하게 조작하며, 기계가 내는 미세한 소음 변화만으로도 부품의 마모나 이상 징후를 빠르게 알아챕니다. 도면의 작은 오차를 잡아내 불량률을 줄이는 꼼꼼함과 현장의 돌발 상황에 유연하게 대처하는 감각을 갖추고 있습니다. PLC 제어 및 제조 설비 운용, 전기 회로 도면 해독 및 분석, 정밀 측정 장비를 활용한 품질 검사 스포츠/예술: 서승희 씨는 땀 흘리는 격렬한 운동보다는 해 질 녘 대구 서구의 주택가 골목을 정처 없이 걷는 산책을 통해 하루의 긴장을 풉니다. 특별한 목적지 없이 걷다가 마음에 드는 작은 간판이나 꽃집을 발견하면 잠시 멈춰 서서 멍하니 바라보는 시간이 그녀에게는 가장 큰 운동이자 휴식입니다. 서승희 씨는 소파에 깊숙이 파묻혀 '킨포크'나 '행복이 가득한 집' 같은 라이프스타일 잡지를 넘기며 정갈한 공간과 미니멀한 삶을 동경합니다. 공장의 소음과 금속성 냄새에서 벗어나 잡지 속의 고요한 풍경과 감각적인 사진들을 수집하며 복잡한 머릿속을 비워내는 시간을 가집니다.",56,"주거 안정과 중기 목돈 마련: 대구 대구-서구 거주, 전기 부품 제조 기계 조작원 생활 패턴을 기준으로 1인 생활비와 자기계발비 통제, 월 고정 주거비 관리, 취미/관심사(대구 서구 인근 골목 산책) 지출을 조절하고 강점(PLC 제어 및 제조 설비 운용)을 활용해 월별 저축 루틴을 유지하기",2980000
54,김민호,51,영업 관리 사무원,Male,61300000,제주 제주-제주시,"김민호 씨는 공학적 분석력과 제주의 느긋함을 동시에 가진 영업 관리자로, 가족을 부양하는 책임감과 개인의 정적인 여유 사이에서 균형을 잡으며 살아가는 50대 남성입니다. 직업/역량: 김민호 씨는 복잡한 기계 도면과 기술 명세서를 영업 사원들이 이해하기 쉬운 일상 언어로 풀어서 전달하며 제주도 전역의 유통망을 관리합니다. 현장에서 발생하는 갑작스러운 물류 사고나 매장 간의 갈등을 유연하게 중재하는 능력이 탁월하며, 후배들이 과도한 실적 압박에 시달리지 않도록 자신만의 실무 노하우가 담긴 유연한 영업 관리 매뉴얼을 몰래 작성하고 있습니다. 소비·생활 단서: 음식(김민호 씨는 일주일에 한 번쯤 단골 흑돼지구이 집을 찾아 지글거리는 고기 소리에 소주를 곁들이며 동네 사람들과 시시콜콜한 이야기를 나눕니다. 평소에는 일주일에 두세 번 정도 배달 앱으로 간편하게 한 끼를 해결하며, 퇴근길에 들르는 동네 주점의 소란스러운 분위기 속에서 하루의 피로를 씻어냅니다.), 여행(김민호 씨는 비자림의 울창한 숲길을 걷거나 탁 트인 바다 풍경을 멍하니 바라보는 자연 감상 여행을 통해 일상의 스트레스를 비워냅니다. 가끔 마음 맞는 고향 친구나 연인과 함께 해외 휴양지로 떠나 낯선 거리의 풍경을 구경하며 여유로운 시간을 보냅니다.), 취미(1100고지 및 중산간 드라이브, 유튜브 건축 및 공학 다큐멘터리 시청, 제주 지역 소규모 축제 탐방) 가족/주거: 김민호 씨는 미혼이지만 제주 시내 다세대 주택에서 동생들과 함께 살며 가계 경제를 든든하게 지탱하는 정신적 지주 역할을 합니다. 무뚝뚝한 듯 보여도 동생들의 고민을 묵묵히 들어주는 다정한 면모가 있으며, 가족 모두가 편안하게 쉴 수 있는 집안 분위기를 만드는 데 세심한 신경을 씁니다. 형제자매와 동거 (가구주), 다세대주택 문화/목표: 제주 시내 다세대 주택에서 동생들과 함께 살며 가계의 중심을 잡고 있습니다. 공학 전공자 특유의 분석적인 면이 있지만, 오랜 시간 제주에 머물며 지역 사회의 느긋한 정서와 이웃 간의 끈끈한 유대감을 삶의 기본 바탕으로 삼게 되었습니다. 현재의 안정적인 소득 수준을 유지하면서, 후배 사원들이 과도한 압박 없이 성과를 낼 수 있는 유연한 영업 관리 매뉴얼을 구축하려 합니다. 먼 미래에는 제주도 내에서 자신의 전공을 살린 작은 기술 기반의 1인 사업을 조용히 시작하는 구상을 하고 있습니다. 스킬: 제품의 기술적 메커니즘을 정확히 파악해 이를 고객이 이해하기 쉬운 영업 언어로 변환하여 전달하는 능력이 탁월합니다. 유통망 관리 과정에서 발생하는 돌발 변수를 유연하게 조율하며 매장 운영 효율을 높이는 실무 노하우를 갖췄습니다. 기술 사양의 상업적 해석 및 전달, 유통 채널 운영 효율 최적화, 이해관계자 간 갈등 중재 및 협상 스포츠/예술: 김민호 씨는 땀 흘리는 격렬한 운동보다는 주말에 차를 몰고 1100고지의 구불구불한 길을 천천히 오르내리는 드라이브를 통해 몸과 마음의 긴장을 풉니다. 정적인 휴식을 선호하여 거실 소파에 깊숙이 파묻혀 아무것도 하지 않은 채 천장을 바라보며 멍하게 시간을 보내는 습관이 있습니다. 김민호 씨는 최신 유행하는 음악보다는 옛 추억이 깃든 8090 가요를 즐겨 들으며, 가끔 지역 축제에 방문해 시끌벅적한 분위기 속에 섞여 있는 것을 좋아합니다. 유튜브에서 기계 작동 원리를 다룬 다큐멘터리나 제주도의 아름다운 풍경 영상을 무심히 시청하며 시간을 보냅니다.",60,"은퇴 전 현금흐름 정리와 건강 지출 대비: 제주 제주-제주시 거주, 영업 관리 사무원 생활 패턴을 기준으로 1인 생활비와 자기계발비 통제, 월 고정 주거비 관리, 취미/관심사(1100고지 및 중산간 드라이브) 지출을 조절하고 강점(기술 사양의 상업적 해석 및 전달)을 활용해 월별 저축 루틴을 유지하기",2960000
55,오현태,59,그 외 운송장비 조립원,Male,44000000,경상남 경상남-함안군,"오현태 씨는 함안 공단의 숙련된 조립공이자 가족의 생계를 책임지는 든든한 가장으로, 일식과 낚시 그리고 소박한 자연을 통해 삶의 균형을 잡는 50대 후반의 남성입니다. 직업/역량: 오현태 씨는 함안 공단의 자동차 하체 조립 라인에서 수십 년간 쇠붙이를 만지며, 눈대중만으로도 1밀리미터의 미세한 단차를 잡아내는 베테랑 조립공입니다. 공정 흐름이 막히는 병목 구간이 생기면 말없이 다가가 능숙하게 해결하고는 후배들의 서툰 손놀림을 묵묵히 지켜보며 정년퇴직 때까지 자신의 기술을 오차 없이 물려주려 합니다. 소비·생활 단서: 음식(오현태 씨는 일주일의 절반 이상을 집 밖에서 해결하며, 퇴근길 단골 일식집에서 두툼한 모둠 사시미에 맑은 지리탕을 곁들여 소주를 마시는 루틴으로 하루의 피로를 풉니다. 고깃집의 시끌벅적함보다는 정갈한 나물 반찬이 나오는 한식당이나 신선한 회가 나오는 식당을 찾아다니며 미각의 소소한 즐거움을 누립니다.), 여행(오현태 씨는 친한 친구들과 함께 경남 인근의 한적한 계곡이나 숲길을 찾아다니며, 맑은 공기를 마시고 커다란 나무 그늘 아래서 낮잠을 자는 느긋한 여행을 즐깁니다. 유명 관광지의 북적임보다는 아는 사람만 아는 한적한 낚시 포인트를 찾아가 며칠 밤을 지새우며 물고기와의 소리 없는 전쟁을 치르는 것에 매력을 느낍니다.), 취미(NC 다이노스 야구 경기 시청, 낙동강 민물낚시, 동네 단골 사우나 방문) 가족/주거: 오현태 씨는 미혼이지만 함께 사는 형제들에게 무뚝뚝하게 툭툭 말을 던지면서도, 시장에서 산 제철 과일을 식탁에 슬쩍 올려두는 전형적인 경상도 형님입니다. 가구주로서 집안의 대소사를 결정하고 책임지는 무게감을 느끼면서도, 가끔은 형제들의 잔소리를 피해 혼자 집 근처 산책로를 걷는 고독한 시간을 즐기기도 합니다. 형제자매와 동거 (가구주), 아파트 문화/목표: 함안군 공단 인근의 아파트에서 형제들과 함께 지내며, 경남 지역 특유의 무뚝뚝함 속에 서로를 챙기는 정서와 성실한 노동의 가치를 몸소 실천하며 살아왔습니다. 현장에서 쌓은 기술적 노하우를 후배들에게 오차 없이 전수하며 유종의 미를 거두고, 퇴직 후에는 가족들과 여유롭게 자연을 즐기는 삶을 준비하고 있습니다. 스킬: 자동차 하체 프레임 조립 과정에서 미세한 단차를 잡아내는 예리한 감각이 있으며, 수십 년간 쌓인 경험으로 공정의 병목 구간을 빠르게 찾아내 해결합니다. 자동차 섀시 정밀 조립, 조립 공정 도면 해석, 생산 라인 효율 최적화 스포츠/예술: 오현태 씨는 주말이면 거실 소파에 깊숙이 파묻혀 롯데 자이언츠의 야구 경기를 시청하며, 심판의 판정 하나에 큰 소리로 호통을 치다가도 금세 허탈하게 웃어버리는 열렬한 팬입니다. 가끔 친구들과 함께 동네 목욕탕 사우나에 들어가 땀을 뺀 뒤, 시원한 식혜 한 잔을 마시며 최근 스포츠 뉴스로 수다를 떠는 시간을 가장 좋아합니다. 오현태 씨는 화려한 미술관보다는 낙동강 변의 억새풀이 바람에 흔들리는 풍경을 바라보며 마음의 평온을 찾는 소박한 심미안을 가졌습니다. 세련된 클래식 음악보다는 TV 속 트로트 가수의 구성진 가락에 맞춰 콧노래를 흥얼거리며 리듬을 타는 것을 즐기며, 가끔은 옛날 영화의 진부한 신파극을 보며 몰래 눈시울을 붉히기도 합니다.",50,"은퇴 전 현금흐름 정리와 건강 지출 대비: 경상남 경상남-함안군 거주, 그 외 운송장비 조립원 생활 패턴을 기준으로 1인 생활비와 자기계발비 통제, 월 고정 주거비 관리, 취미/관심사(NC 다이노스 야구 경기 시청) 지출을 조절하고 강점(자동차 섀시 정밀 조립)을 활용해 월별 저축 루틴을 유지하기",2130000
56,고은정,42,음식 서비스 종사원,Female,40000000,충청남 충청남-계룡시,"고은정 씨는 계룡시 군 관사에서 거주하며 예술적 감수성과 유연한 성격으로 주변을 밝히는 음식 서비스 종사자로, 미래에 자신만의 작은 브런치 카페를 꿈꾸는 낭만적인 40대 여성입니다. 직업/역량: 고은정 씨는 계룡시 군 부대 식당에서 수백 명의 식사를 책임지며, 정해진 매뉴얼보다 그날의 재료 상태에 따라 간을 맞추는 감각적인 손맛으로 인기가 많습니다. 이용자들의 기분을 빠르게 읽어내 유연하게 대처하지만, 가끔 서류 정리 같은 행정 업무에서는 꼼꼼함이 떨어져 지적을 받기도 합니다. 소비·생활 단서: 음식(고은정 씨는 주중에도 배달 앱으로 파스타나 리조또 같은 양식을 자주 시켜 먹으며, 외식 때는 나물 비빔밥이나 청국장 같은 고기 없는 한식을 즐깁니다. 요리 실력은 뛰어나지만 집에서 직접 요리하는 번거로움을 피해 주 4회 이상 외식을 하며 가족들의 입맛을 맞춥니다.), 여행(고은정 씨는 가족들과 함께 충청권의 유명한 온천이나 해수욕장을 찾아다니며, 여행지에서도 현지 특색이 담긴 아기자기한 소품 숍을 찾아다니는 쇼핑 코스를 반드시 넣습니다. 촘촘한 계획표에 얽매이기보다 그날의 기분에 따라 발길 닿는 대로 움직이는 여행 방식을 고수합니다.), 취미(대전 외곽 아울렛 쇼핑 투어, 계룡산 숲길 산책과 자연 관찰, 인테리어 소품 수집 및 가구 재배치) 가족/주거: 고은정 씨는 군인 가족 특유의 잦은 이사 경험 덕분에 새로운 환경에서도 금방 적응하며, 동네 엄마들과의 모임에서 분위기를 주도하는 활력소 역할을 합니다. 자녀들에게는 다정하고 개방적인 엄마지만, 가끔 집안 정리를 미뤄두어 배우자와 사소한 실랑이를 벌이기도 합니다. 배우자·자녀와 거주, 아파트 문화/목표: 계룡시 군 관사 단지에서 오래 거주하며 군인 가족 특유의 잦은 이동과 적응 문화에 익숙하며, 동네 엄마들 사이에서 분위기를 띄우는 분위기 메이커로 통합니다. 정해진 규칙이 강한 환경 속에서도 자신만의 독특한 인테리어 소품이나 화려한 색감의 옷차림으로 소소한 일탈을 즐기는 편입니다. 지금의 안정적인 직장 생활을 유지하면서도, 언젠가는 자신의 예술적 감각을 살려 작은 골목에 아기자기한 브런치 카페를 차려 손님들에게 매일 다른 메뉴를 선보이고 싶어 합니다. 스킬: 군 부대 내 식당에서 수많은 인원의 식사를 책임지며 상황에 따라 유연하게 식단을 조절하고, 까다로운 요구사항을 가진 이용자들의 기분을 빠르게 파악해 능숙하게 응대합니다. 정해진 매뉴얼보다는 그날의 재료 상태와 분위기에 맞춰 간을 맞추는 감각적인 손맛이 좋습니다. 대규모 급식 배식 및 운영 관리, 상대방의 기분을 빠르게 읽는 공감 대화법, 재료의 특성을 살린 즉흥적인 레시피 응용 스포츠/예술: 고은정 씨는 날씨가 좋은 날이면 계룡산 국립공원의 산책로를 느릿하게 걸으며 단풍이나 신록의 색깔을 관찰하는 시간을 즐깁니다. 격렬한 운동보다는 가벼운 산책을 즐기며, 걷다가 예쁜 꽃이나 돌을 발견하면 한참을 멈춰 서서 구경하느라 계획한 운동 시간을 훌쩍 넘기기 일쑤입니다. 고은정 씨는 화려한 원색의 블라우스나 독특한 패턴의 스카프를 매치해 군 관사 단지 내에서 단연 돋보이는 옷차림을 선보입니다. 유튜브에서 북유럽풍 인테리어 영상을 찾아본 뒤, 갑자기 꽂히면 거실의 소파와 식탁 위치를 완전히 바꿔버리는 충동적인 공간 변화를 즐깁니다.",63,"가족 생활비와 노후 준비의 균형 확보: 충청남 충청남-계룡시 거주, 음식 서비스 종사원 생활 패턴을 기준으로 자녀 관련 지출 계획화, 월 고정 주거비 관리, 취미/관심사(대전 외곽 아울렛 쇼핑 투어) 지출을 조절하고 강점(대규모 급식 배식 및 운영 관리)을 활용해 월별 저축 루틴을 유지하기",2070000
57,노정원,44,기업 고위 임원,Female,47700000,경기 경기-수원시 팔달구,"노정원 씨는 수원에 거주하며 보험사 임원으로 일하는 40대 여성으로, 전문적인 업무 능력과 달리 일상에서는 느슨한 정리 습관과 섬세한 감수성을 가진 인물입니다. 직업/역량: 노정원 씨는 보험사 고위 임원으로 재직하며 기업의 위험 요소를 정교하게 분석해 최적의 포트폴리오를 설계하는 전문가입니다. 노정원 씨는 회의실의 팽팽한 긴장감 속에서도 상대의 기분을 상하지 않게 하면서 합리적인 중재안을 끌어내는 유연한 소통 능력을 발휘하지만, 정작 자신의 집무실 책상 위 서류들은 대학원 시절의 공부 습관이 무색하게 늘 어지럽게 널려 있습니다. 소비·생활 단서: 음식(노정원 씨는 주 2~3회 외식을 하며 고기류가 배제된 정갈한 나물 정식이나 생선구이 같은 한식을 즐겨 찾습니다. 노정원 씨는 금요일 밤이면 동네 단골 주점에서 시원한 하이볼 한 잔과 쫄깃한 오징어 구이를 곁들이며 한 주간의 직장 생활에서 얻은 스트레스를 털어냅니다.), 여행(노정원 씨는 가족과 함께 떠나는 해외여행에서 인위적인 관광 명소보다는 압도적인 대자연의 풍경을 마주하는 일정을 짭니다. 노정원 씨는 낯선 도시의 소음 속에서 벗어나 탁 트인 지평선이나 울창한 숲을 바라보며 비로소 복잡한 머릿속이 비워지는 해방감을 느낍니다.), 취미(가평 숲속 캠핑, 넷플릭스 최신 시리즈 시청, 반려견과 함께하는 팔달산 산책) 가족/주거: 노정원 씨는 배우자와 자녀와 함께 살며 퇴근 후에는 임원이라는 직함을 내려놓고 아이들의 학교생활과 고민에 귀를 기울이는 엄마의 역할에 집중합니다. 노정원 씨는 가족과 함께하는 시간을 소중히 여기지만, 때로는 자신의 주장과 배려 사이에서 갈등하며 아이들에게 엄격함과 다정함을 동시에 보여주려 애씁니다. 배우자·자녀와 거주, 아파트 문화/목표: 수원 행궁동의 고즈넉한 골목 정취를 좋아해 주말이면 아이들과 성곽길을 걷고, 대학원 시절의 치열했던 공부 습관이 남아있지만 정작 집안의 서류 정리함은 항상 엉망인 상태로 둡니다. 이미 고위직에 올랐지만 권위보다는 실속을 챙기며, 퇴근 후에는 업무 연락에서 완전히 해방되어 아이들의 학교 생활에 더 세심하게 관여하는 일상을 만들고 싶어 합니다. 스킬: 기업의 잠재적 위험 요소를 분석해 최적의 보험 포트폴리오를 설계하며, 회의 중 날 선 의견 충돌이 발생했을 때 유연한 화법으로 중재안을 이끌어내는 능력이 탁월합니다. 기업 위험 분석 및 평가, 보험 계약 최적화 설계, 조직 내 갈등 중재 스포츠/예술: 노정원 씨는 땀 흘리는 격렬한 운동보다는 주말마다 아이들의 손을 잡고 수원 행궁동 성곽길을 천천히 걷는 정적인 활동을 즐깁니다. 노정원 씨는 가평의 깊은 숲속 캠핑장에 텐트를 치고 장작불이 타들어 가는 모습을 가만히 바라보며 일주일 동안 쌓인 정신적인 피로를 씻어냅니다. 노정원 씨는 여유로운 주말이면 가족들과 함께 최신 개봉 영화를 관람하거나 전시회를 찾아다니며 문화적 충전을 합니다. 노정원 씨는 화려한 예술 작품보다는 작가의 고뇌가 느껴지는 소박한 기록물이나 일상의 단면을 포착한 사진전에 더 깊은 공감을 느낍니다.",61,"가족 생활비와 노후 준비의 균형 확보: 경기 경기-수원시 팔달구 거주, 기업 고위 임원 생활 패턴을 기준으로 자녀 관련 지출 계획화, 월 고정 주거비 관리, 취미/관심사(가평 숲속 캠핑) 지출을 조절하고 강점(기업 위험 분석 및 평가)을 활용해 월별 저축 루틴을 유지하기",2460000
58,신은아,59,컴퓨터 설치 및 수리원,Female,40400000,전북 전북-전주시 덕진구,"신은아 씨는 전주 덕진구에서 컴퓨터 수리점을 운영하며 가족과 이웃에 대한 애정이 깊은, 생활력 강한 50대 여성입니다. 직업/역량: 신은아 씨는 전주시 덕진구에서 수십 년간 낡은 본체들을 살려내며 동네 어르신들의 컴퓨터 선생님 역할을 자처하고 있습니다. 신은아 씨는 최신 기기보다 정든 옛날 컴퓨터의 전원 불량을 잡아낼 때 희열을 느끼며, 가끔은 고집 센 단골 손님과 실랑이를 벌이기도 합니다. 소비·생활 단서: 음식(신은아 씨는 한벽면 근처의 단골 고깃집에서 지글지글 익어가는 삼겹살에 시원한 냉면을 곁들이며 친구들과 수다를 떱니다. 신은아 씨는 가끔 기분 전환을 위해 자녀들이 좋아하는 롯데리아 햄버거나 도미노 피자를 주문해 함께 나눠 먹으며 세대 차이를 좁히려 노력합니다.), 여행(신은아 씨는 가족들과 함께 활동적인 레포츠를 즐길 수 있는 곳으로 여행지를 정해 짧고 굵게 다녀옵니다. 신은아 씨는 함께 몸을 움직일 수 있는 체험형 여행을 즐기며, 여행지에서도 가족들의 일정 조율사 역할을 톡톡히 해냅니다.), 취미(가족과 함께하는 배드민턴 경기, 전주 시내 고기 맛집 탐방, 라디오 프로그램 사연 청취) 가족/주거: 신은아 씨는 자가 아파트에서 배우자와 자녀들과 함께 북적이며 살아가며, 집안의 대소사를 챙기는 든든한 중심축 역할을 합니다. 신은아 씨는 자녀들에게 친구처럼 편안한 존재가 되고 싶어 하며, 가끔은 서툰 디지털 기기 사용법을 자녀들에게 되물으며 웃음꽃을 피웁니다. 배우자·자녀와 거주, 아파트 문화/목표: 전주 한옥마을 인근에서 나고 자라며 전주 특유의 넉넉한 음식 문화와 공동체 의식을 자연스럽게 익혔습니다. 여성의 사회 진출이 지금보다 어려웠던 시기에 고등학교 졸업 후 독학으로 컴퓨터 기술을 익혀 덕진구에서 오랫동안 자리를 잡으며 강인한 생활력을 키워왔습니다. 지금 운영하는 수리점을 지역 주민들이 믿고 찾는 사랑방 같은 공간으로 유지하며, 은퇴 후에도 소규모로 이웃들의 디지털 기기 고장을 해결해 주는 생활 밀착형 전문가로 남고자 합니다. 스킬: 오래된 데스크톱의 전원 불량이나 윈도우 시스템 오류를 빠르게 진단하고 해결하며, 특히 기기 조작이 서툰 어르신들의 눈높이에 맞춰 설정을 최적화하는 데 능숙합니다. 다양한 제조사의 부품 호환성을 꿰뚫고 있어 예산에 맞는 효율적인 하드웨어 교체 방안을 즉각적으로 제시합니다. 구형 PC 하드웨어 부품 교체 및 업그레이드, 운영체제 재설치 및 시스템 최적화, 블루스크린 및 소프트웨어 충돌 오류 해결 스포츠/예술: 신은아 씨는 주말마다 가족들의 손에 이끌려 전주 시내 체육관에서 셔틀콕을 치며 땀을 쏟아냅니다. 신은아 씨는 경기 도중 승부욕이 발동해 파트너인 남편에게 잔소리를 퍼붓기도 하지만, 운동 후 마시는 시원한 물 한 잔에 금세 기분이 풀립니다. 신은아 씨는 해 질 녘 반려견과 산책하며 이어폰 너머로 흐르는 라디오 사연에 귀를 기울이며 하루의 피로를 씻어냅니다. 신은아 씨는 익숙한 옛 가요를 흥얼거리는 것을 즐기며, 가끔 팟캐스트에서 나오는 새로운 세상 이야기에 호기심을 보입니다.",55,"은퇴 전 현금흐름 정리와 건강 지출 대비: 전북 전북-전주시 덕진구 거주, 컴퓨터 설치 및 수리원 생활 패턴을 기준으로 자녀 관련 지출 계획화, 월 고정 주거비 관리, 취미/관심사(가족과 함께하는 배드민턴 경기) 지출을 조절하고 강점(구형 PC 하드웨어 부품 교체 및 업그레이드)을 활용해 월별 저축 루틴을 유지하기",1990000
59,박예윤,21,학습지 방문강사,Female,31500000,서울 서울-서초구,"박예윤 씨는 서초구에서 학습지 강사로 일하며 아이들을 세심하게 챙기는 체계적인 성격의 소유자로, 역사 여행과 배드민턴을 통해 삶의 균형을 잡으며 교육 기획자를 꿈꾸는 21세 청년입니다. 직업/역량: 박예윤 씨는 아이들의 집중력이 흐트러질 때마다 스티커나 작은 간식으로 분위기를 전환하며 능숙하게 학습지 수업을 이끌어갑니다. 분 단위로 쪼갠 스케줄러에 학부모의 세밀한 요구사항을 메모해 수업에 즉각 반영하며, 퇴근 후에는 보육교사 자격증 온라인 강의를 수강하며 교육 기획자라는 목표를 향해 나아갑니다. 소비·생활 단서: 음식(박예윤 씨는 2주에 한 번 정도 강남역 인근 식당에서 꾸덕한 크림 뇨끼를 먹으며 소소한 기분 전환을 합니다. 외식할 때는 고기류보다는 나물이나 찌개 중심의 한식을 선택하며, 배달 음식 주문 횟수를 최소한으로 줄여 규칙적인 식생활을 유지하려 합니다.), 여행(박예윤 씨는 부모님과 함께 경주 불국사나 부여 낙화암 같은 역사 유적지를 찾아가 옛길을 천천히 걷는 여행을 즐깁니다. 유명한 관광 명소에서 사진을 찍기보다는 오래된 비석이나 성곽의 질감을 살피며 과거의 기록을 되새기는 차분한 여정을 선호합니다.), 취미(지역 커뮤니티 센터 배드민턴 활동, 역사 유적지 탐방 및 기록, 강남역 인근의 이색 양식당 방문) 가족/주거: 박예윤 씨는 서초구의 치열한 교육 열기 속에서 부모님의 기대를 느끼며 성장했지만, 이제는 함께 여행을 떠나는 돈독한 관계를 유지하고 있습니다. 가족 내에서는 갈등을 피하기 위해 자신의 의견을 뒤로 미루고 부모님의 뜻에 맞추는 배려 섞인 태도를 보입니다. 부모와 동거, 아파트 문화/목표: 서초동의 치열한 교육 열기 속에서 성장하며 성취에 대한 압박을 익숙하게 느꼈지만, 정해진 정답보다는 본인만의 호흡으로 살아가는 법을 터득했습니다. 가족과 함께 경주 불국사나 부여 낙화암 같은 유적지를 천천히 걸으며 옛 기록을 살피는 시간을 통해 마음의 안정을 찾습니다. 현장에서 쌓은 실무 경험을 바탕으로 아이들의 인지 발달 단계에 맞춘 맞춤형 학습지 커리큘럼을 직접 설계하는 교육 기획자가 되고 싶어 합니다. 이를 위해 퇴근 후 틈틈이 보육교사 자격증 취득을 위한 온라인 강의를 수강하며 전문성을 보완하고 있습니다. 스킬: 방문 교육 강사로서 아이들의 집중력이 흐트러질 때마다 적절한 보상과 칭찬으로 분위기를 전환하는 능숙함이 있습니다. 학습 스케줄러를 분 단위로 쪼개어 관리하며, 학부모 상담 시 상대의 요구사항을 세밀하게 메모해 다음 수업에 즉각 반영합니다. 아동 심리 기반의 맞춤형 학습 지도, 효율적인 방문 일정 최적화 및 시간 관리, 학부모 대상의 세밀한 학습 진도 상담 스포츠/예술: 박예윤 씨는 주말마다 서초구립배드민턴센터에서 셔틀콕을 강하게 주고받으며 땀을 흘리는 시간에서 살아있음을 느낍니다. 가끔은 가족들과 함께 산을 오르며 자연 속에서 숨을 고르거나 줄넘기를 하며 체중을 조절하려는 시도를 계속합니다. 박예윤 씨는 이어폰을 꽂고 좋아하는 음악에 몰입하며 서초동의 복잡한 소음을 지워내고 오직 자신만의 세계에 머무는 시간을 즐깁니다. 화려한 예술 작품보다는 오래된 유적지의 고즈넉한 분위기와 그 속에 담긴 옛 기록들을 살피는 정적인 활동에서 정서적 안정감을 얻습니다.",57,"비상금과 커리어 전환 자금 마련: 서울 서울-서초구 거주, 학습지 방문강사 생활 패턴을 기준으로 부모님 부양 비용 관리, 월 고정 주거비 관리, 취미/관심사(지역 커뮤니티 센터 배드민턴 활동) 지출을 조절하고 강점(아동 심리 기반의 맞춤형 학습 지도)을 활용해 월별 저축 루틴을 유지하기",1860000
60,김주영,43,무직,Male,0,경기 경기-화성시,"김주영 씨는 화성시 동탄에서 부모님과 함께 살며 섬세한 인테리어 감각과 사교성을 바탕으로 이웃들의 홈 스타일링 상담가를 꿈꾸는 43세 미혼 남성입니다. 직업/역량: 김주영 씨는 고등학교 졸업 후 여러 일터를 전전하며 익힌 눈썰미로 집안의 전등 교체나 선반 설치를 도맡아 하며, 동네 이웃들의 집 꾸미기를 돕는 홈 스타일링 상담가를 꿈꿉니다. 김주영 씨는 전동 드릴과 수평계를 손에서 놓지 않고 가구 배치 하나까지 치밀하게 계산하는 꼼꼼한 면모를 보입니다. 소비·생활 단서: 음식(김주영 씨는 동네 피자집에서 갓 구운 페퍼로니 피자에 시원한 캔맥주를 곁들이는 시간을 가장 행복해합니다. 김주영 씨는 외식을 할 때 고기 구이보다는 정갈한 나물 반찬이 나오는 한식당을 주로 찾으며 입맛의 균형을 맞춥니다.), 여행(김주영 씨는 화성호의 잔잔한 물결이나 탁 트인 풍경을 감상하며 마음의 여유를 찾는 정적인 여행을 즐깁니다. 김주영 씨는 주로 부모님을 모시고 근교의 자연 경관이 좋은 곳을 찾아다니며 가족과의 시간을 소중히 여깁니다.), 취미(화성호 주변 풍경 감상, 동네 산책 및 등산, 페퍼로니 피자와 맥주) 가족/주거: 김주영 씨는 동탄 신도시 아파트 단지에서 부모님의 일상을 세심히 챙기며 집안의 크고 작은 살림을 도맡아 하는 든든한 아들입니다. 김주영 씨는 부모님과의 관계가 매우 돈독하며, 집안의 분위기를 밝게 만드는 특유의 친화력으로 가족의 중심 역할을 합니다. 부모와 동거, 아파트 문화/목표: 화성 동탄의 신도시 아파트 단지에서 부모님과 함께 살며, 동네 주민들과 스스럼없이 어울리는 분위기 메이커 역할을 합니다. 고등학교 졸업 후 여러 직장을 거치며 사람을 상대하는 법을 익혔고, 현재는 집안의 크고 작은 살림과 부모님의 일상을 세심하게 챙기는 든든한 아들로 지냅니다. 그동안 쌓아온 인테리어 감각과 특유의 사교성을 살려, 이웃들의 집 꾸미기를 도와주는 소규모 홈 스타일링 상담가로 활동하며 소소한 성취감을 느끼는 삶을 준비하고 있습니다. 스킬: 집안 가구 배치와 조명 교체 같은 셀프 인테리어에 능숙하며, 수평계와 전동 드릴을 이용해 오차 없이 선반을 다는 꼼꼼함을 갖췄습니다. 또한 골프 스윙의 궤적이나 수영 영법의 디테일을 분석해 주변 지인들에게 쉽게 설명해 주는 재주가 있습니다. 셀프 인테리어 및 가구 배치, 전동 공구 활용 및 간단한 집 수리, 골프 스윙 궤적 분석 스포츠/예술: 김주영 씨는 수영장에서는 영법의 디테일을, 골프 연습장에서는 스윙의 궤적을 분석해 지인들에게 설명해 주는 분석적인 운동 스타일을 보여줍니다. 김주영 씨는 주말마다 부모님의 보폭에 맞춰 천천히 인근 산을 오르는 등산 활동을 꾸준히 이어갑니다. 김주영 씨는 조명의 밝기와 색온도에 민감하며, 거실 가구의 각도를 1도라도 틀어지게 배치하는 것을 참지 못하는 완벽주의적 인테리어 감각을 가졌습니다. 김주영 씨는 유튜브로 최신 홈 스타일링 트렌드를 찾아보며 자신의 공간을 끊임없이 가꾸는 데서 즐거움을 찾습니다.",44,"가족 생활비와 노후 준비의 균형 확보: 경기 경기-화성시 거주, 무직 생활 패턴을 기준으로 부모님 부양 비용 관리, 월 고정 주거비 관리, 취미/관심사(화성호 주변 풍경 감상) 지출을 조절하고 강점(셀프 인테리어 및 가구 배치)을 활용해 월별 저축 루틴을 유지하기",500000
61,박윤하,26,사진가,Female,39300000,서울 서울-동작구,"박윤하 씨는 동작구의 소박한 일상과 성수동의 화려한 감성 사이에서 자신만의 서늘한 색감을 좇는 26세의 신진 사진가입니다. 직업/역량: 박윤하 씨는 미러리스 카메라와 라이트룸을 활용해 서늘하고 가라앉은 색감을 만들어내는 사진가이며, 서비스 전공 시절 익힌 유연한 태도로 촬영 대상자의 긴장을 풀어내어 찰나의 편안한 표정을 포착합니다. 현재는 적은 보수를 받는 어시스턴트로 활동하고 있지만, 무리한 확장보다는 믿고 맡기는 소수의 단골을 확보해 자신만의 작은 작업실을 갖춘 독립 작가가 되기를 바랍니다. 소비·생활 단서: 음식(박윤하 씨는 주말 저녁 침대에 누워 유튜브 음식 리뷰를 보다가 페퍼로니 피자를 배달시켜 먹으며 밀린 예능 프로그램을 시청하는 시간을 가장 아낍니다. 외식으로는 주로 고기집을 찾아가 든든하게 한식을 먹거나, 가볍게 버거 세트를 즐기며 일주일 동안 쌓인 스트레스를 해소합니다.), 여행(박윤하 씨는 친구나 연인과 함께 지역의 숨겨진 맛집을 찾아다니는 음식 관광을 즐기며, 여행지의 식당 인테리어와 음식의 색감을 사진으로 기록하는 데 집중합니다. 유명 관광지를 바쁘게 훑는 일정보다 한 곳의 식당에서 오랫동안 맛과 분위기를 음미하며 느긋하게 머무는 여행 방식을 고수합니다.), 취미(성수동 테마 카페 출사, 유튜브 먹방 및 음식 리뷰 시청, 광장시장 등 지역 맛집 탐방) 가족/주거: 박윤하 씨는 동작구의 오래된 다세대주택 골목에서 아버지와 함께 살며, 외출 후 옷가지나 카메라 장비를 아무 데나 두는 털털한 버릇 때문에 매일같이 아버지의 잔소리를 듣습니다. 사회에서는 서비스 전공자답게 상냥하고 유연한 모습이지만, 집 안에서는 다소 느슨하고 무심한 태도로 아버지와 투닥거리는 일상을 보냅니다. 아버지와 동거, 다세대주택 문화/목표: 동작구의 오래된 다세대주택 골목에서 아버지와 함께 지내며, SNS 속 화려한 서울의 모습과 실제 삶의 소박한 간극을 매일 체감합니다. 대학에서 서비스 전공을 하며 익힌 유연한 태도를 갖췄지만, 정작 집에서는 물건을 제자리에 두지 않아 아버지와 잔소리를 주고받는 일상이 반복됩니다. 당장은 수입이 적은 어시스턴트 생활을 하고 있지만, 자신만의 색깔이 담긴 개인 사진전을 열어 독립적인 작가로 인정받기를 바랍니다. 무리하게 사업을 확장하기보다, 믿고 맡기는 소수의 단골 고객을 확보해 작은 개인 작업실을 마련하는 것이 현실적인 목표입니다. 스킬: 미러리스 카메라와 라이트룸을 활용해 특유의 낮게 가라앉은 색감과 서늘한 분위기를 구현합니다. 서비스 전공 경험을 살려 촬영 대상자가 긴장하지 않도록 자연스럽게 대화를 유도하며, 인물의 가장 편안한 찰나를 포착하는 능력이 있습니다. 라이트룸을 이용한 저채도 톤 보정, 인물 스냅 사진 구도 설계, 촬영 대상자 긴장 완화 및 디렉팅 스포츠/예술: 박윤하 씨는 격렬한 운동보다는 한남동이나 성수동의 컨셉 카페를 천천히 걸어 다니며 공간의 조명과 가구 배치를 관찰하는 정적인 활동에서 활력을 얻습니다. 땀 흘리는 스포츠 대신 친구들과 노래방에서 시간을 보내거나 쇼핑몰을 구경하며 가볍게 몸을 움직이는 것으로 일상의 에너지를 관리합니다. 박윤하 씨는 라이트룸의 세밀한 조정을 통해 자신만의 서늘한 분위기를 구현하는 작업에 몰두하며, 공간이 주는 조형미와 빛의 각도에 매우 예민하게 반응합니다. 유튜브의 감각적인 영상미를 참고해 시각적 언어를 구축하고 있으며, 언젠가 자신의 철학이 온전히 담긴 개인 사진전을 열어 예술적 독립을 이루겠다는 목표를 가지고 있습니다.",50,"비상금과 커리어 전환 자금 마련: 서울 서울-동작구 거주, 사진가 생활 패턴을 기준으로 1인 생활비와 자기계발비 통제, 월 고정 주거비 관리, 취미/관심사(성수동 테마 카페 출사) 지출을 조절하고 강점(라이트룸을 이용한 저채도 톤 보정)을 활용해 월별 저축 루틴을 유지하기",2260000
62,김영환,41,철도운송 관련 종사원,Male,41800000,경상남 경상남-통영시,"김영환 씨는 통영에서 철도 운송직으로 일하며 내 집 마련을 꿈꾸는, 투박하지만 다정한 40대 가장입니다. 직업/역량: 김영환 씨는 철로의 미세한 균열이나 신호 체계의 이상 징후를 귀신같이 잡아내는 현장 감각을 지닌 숙련공으로, 갑작스러운 운행 차질 앞에서도 당황하지 않고 툭툭 털어내며 해결책을 찾는 유연함을 보입니다. 후배들에게 꼰대 소리를 듣지 않으면서도 현장에서 쌓은 짬에서 나오는 바이브로 실무 노하우를 전수하며 관리직 승진을 꿈꾸고 있습니다. 소비·생활 단서: 음식(김영환 씨는 정갈한 나물 반찬과 생선조림이 나오는 한식당을 즐겨 찾으며, 일주일의 스트레스를 날려버릴 때는 단골 선술집에서 시원한 소주와 섞박지를 곁들입니다. 배달 음식은 2주에 한 번 정도 아이들이 조르는 치킨이나 피자를 시켜 먹는 것으로 충분하다고 생각합니다.), 여행(김영환 씨는 가족들과 함께 통영의 푸른 바다와 어우러진 자연 풍경을 찾아 떠나는 여행에서 가장 큰 행복을 느끼며, 특히 계절마다 색이 변하는 미륵산의 능선을 바라보는 것을 즐깁니다. 유명 관광지의 북적임보다 아는 사람만 아는 한적한 해안가 명소에서 가족들과 도란도란 이야기를 나누는 시간을 소중히 여깁니다.), 취미(미륵산 해안도로 가족 드라이브, 유튜브를 통한 전 세계 이색 열차 영상 시청, 통영 지역 내 숨은 한식 맛집 탐방) 가족/주거: 김영환 씨는 전월세 단독주택에서 아내와 아이들을 위해 묵묵히 헌신하는 가장으로, 경상도 남자 특유의 무뚝뚝함이 있지만 가족을 향한 마음만은 누구보다 깊습니다. 주말이면 아이들의 서툰 투정도 너그럽게 받아주며, 언젠가 마당이 있는 진짜 우리 집을 선물하겠다는 다짐을 매일 되새깁니다. 배우자·자녀와 거주, 단독주택 문화/목표: 통영 앞바다의 짠내와 중앙시장의 북적이는 활기 속에서 성장했으며, 투박하지만 정이 많은 경상도 특유의 소통 방식과 지역 공동체의 끈끈한 유대감을 자연스럽게 익혔습니다. 현장에서 쌓은 숙련도를 바탕으로 관리직으로 성장해 후배들에게 실무 노하우를 전수하고 싶어 하며, 안정적인 소득을 통해 가족들이 마음 편히 머물 수 있는 자가 주택을 마련하는 것을 최우선 목표로 삼고 있습니다. 스킬: 철도 선로의 미세한 균열이나 신호 체계의 이상 징후를 빠르게 잡아내는 현장 감각이 탁월하며, 갑작스러운 운행 차질이 발생했을 때 당황하지 않고 상황에 맞춰 대처하는 유연한 문제 해결 능력을 갖췄습니다. 철도 신호 및 통신 설비 점검, 선로 유지보수 현장 안전 관리, 열차 운행 스케줄 최적화 조정 스포츠/예술: 김영환 씨는 거창한 운동 대신 주말마다 가족들을 태우고 미륵산 해안 도로를 천천히 달리는 드라이브를 통해 정서적인 해방감을 만끽합니다. 틈틈이 동네 산책로를 걷지만, 금세 숨이 차올라 근처 벤치에 앉아 짧은 낮잠을 청하는 느긋한 습관이 있습니다. 김영환 씨는 거창한 예술 전시보다는 유튜브에서 옛날 가요 영상을 찾아보거나 TV 속 다큐멘터리를 시청하며 시간을 보내는 소박한 취향을 가졌습니다. 가끔 가족들과 함께 통영의 오래된 문화유적지를 방문해 투박한 돌담과 옛 정취를 감상하며 마음의 여유를 찾곤 합니다.",53,"가족 생활비와 노후 준비의 균형 확보: 경상남 경상남-통영시 거주, 철도운송 관련 종사원 생활 패턴을 기준으로 자녀 관련 지출 계획화, 주거비 안정화, 취미/관심사(미륵산 해안도로 가족 드라이브) 지출을 조절하고 강점(철도 신호 및 통신 설비 점검)을 활용해 월별 저축 루틴을 유지하기",2160000
63,한정민,47,그 외 건설 관련 기능 종사원,Male,51200000,경기 경기-수원시 권선구,"한정민 씨는 성실한 기술력과 부드러운 성품으로 현장을 이끌며, 소박한 내 집 마련과 가족의 행복을 위해 묵묵히 걷는 수원 권선구의 40대 가장입니다. 직업/역량: 한정민 씨는 수원 권선구의 건설 현장에서 마감 공정의 미세한 오차를 잡아내며 동료들의 거친 갈등을 넉살 좋게 풀어내는 현장의 윤활유 같은 존재입니다. 기능사 자격증을 추가로 취득해 조그만 집수리 사무실을 차리겠다는 목표를 가지고 막내 작업자들에게 실무 노하우를 아낌없이 전수합니다. 소비·생활 단서: 음식(한정민 씨는 한 달에 한 번 가족들과 함께 나물 비빔밥이나 청국장 같은 담백한 한식당을 찾으며, 일주일에 한 번은 롯데리아 햄버거 세트를 배달시켜 먹으며 혼자만의 휴식을 취합니다. 자극적인 피자나 버거를 씹으며 영상 콘텐츠에 몰입하는 순간을 가장 달콤한 보상으로 여깁니다.), 여행(한정민 씨는 가족과 함께 공기 좋은 숲이나 탁 트인 바다를 찾아가 조용히 풍경을 감상하는 여행을 즐깁니다. 세심한 계획을 세우기보다 발길 닿는 대로 자연의 정취를 느끼며 가족들과 도란도란 이야기를 나누는 시간을 소중히 여깁니다.), 취미(광교산 둘레길 산책, 유튜브 낚시 및 자연 영상 시청, 모바일 퍼즐 게임) 가족/주거: 한정민 씨는 수원 권선구의 아파트에서 아내와 아이들을 위해 묵묵히 땀 흘리는 가장으로, 갈등을 싫어해 웬만한 일은 허허 웃으며 넘기는 다정한 성격입니다. 때로는 가족들의 요구를 다 들어주느라 정작 본인의 피로와 고충은 뒷전으로 미루는 서툰 배려심을 보여줍니다. 배우자·자녀와 거주, 아파트 문화/목표: 수원 권선구의 오래된 골목과 새로 들어선 아파트 단지가 공존하는 환경에서 생활하며, 실용적인 가치와 현장 중심의 사고방식을 익혔습니다. 전문대학 시절부터 몸으로 익힌 기술의 정직함을 믿으며, 특유의 넉살과 배려심 덕분에 거친 건설 현장에서도 동료들의 고충을 먼저 살피는 분위기 메이커 역할을 합니다. 큰 욕심보다는 내 이름으로 된 작은 보수 업체 사무실을 차려 가족들이 걱정 없이 지낼 수 있는 안정적인 울타리를 만드는 것을 목표로 합니다. 이를 위해 틈틈이 상위 등급의 기능사 자격증 취득을 준비하며, 현장 막내들에게 기술을 전수하는 선배로서 인정받는 삶에 만족감을 느낍니다. 스킬: 도면의 수치보다 현장에서 발생하는 돌발 변수를 빠르게 읽어내어 유연하게 대처하는 감각이 뛰어납니다. 특히 마감 공정에서 발생하는 미세한 오차를 잡아내는 숙련도가 높으며, 작업자들 사이의 의견 충돌이 생겼을 때 이를 부드럽게 중재하여 공정 흐름이 끊기지 않게 만드는 능력이 탁월합니다. 건축 마감 처리 및 보수, 현장 상황 맞춤형 공정 조정, 작업 인력 간 갈등 중재 스포츠/예술: 한정민 씨는 주말이면 가족들의 손을 잡고 광교산 둘레길의 흙길을 천천히 밟으며 계절이 바뀌는 풍경을 구경하는 것으로 체력을 유지합니다. 평소에는 현장에서 몸을 많이 쓰기 때문에 집에 돌아오면 소파에 깊숙이 파묻혀 아무런 움직임 없이 멍하게 있는 시간을 보냅니다. 한정민 씨는 유튜브에서 낚시꾼들이 대어를 낚는 영상을 멍하니 바라보거나 단순한 모바일 퍼즐 게임을 하며 머릿속을 비워냅니다. 스마트폰 화면 속에서 펼쳐지는 소소한 볼거리와 디지털 콘텐츠를 통해 일상의 스트레스를 해소합니다.",65,"가족 생활비와 노후 준비의 균형 확보: 경기 경기-수원시 권선구 거주, 그 외 건설 관련 기능 종사원 생활 패턴을 기준으로 자녀 관련 지출 계획화, 월 고정 주거비 관리, 취미/관심사(광교산 둘레길 산책) 지출을 조절하고 강점(건축 마감 처리 및 보수)을 활용해 월별 저축 루틴을 유지하기",2650000
64,원지훈,48,석재 부설원,Male,47400000,제주 제주-제주시,"원지훈 씨는 제주 돌담의 결을 읽는 정밀한 기술을 가진 석재 부설원으로, 가족을 위한 내 집 마련의 꿈을 품고 성실하게 살아가는 40대 가장입니다. 직업/역량: 원지훈 씨는 제주의 거친 현장에서 수십 년간 돌담의 결을 읽으며 살아온 베테랑 석재 부설원으로, 눈대중만으로 지형의 고저차를 빠르게 파악해 밀리미터 단위로 수평을 맞추는 정밀한 솜씨를 가졌습니다. 다만 오랜 세월 무거운 돌을 나른 탓에 손마디가 굵고 뻣뻣해져, 아주 세밀한 수공구를 다룰 때는 가끔 손끝이 떨려 헛손질을 하며 헛기침을 내뱉습니다. 소비·생활 단서: 음식(원지훈 씨는 일주일에 한 번 가족들과 함께 동네 분식집에서 떡볶이와 김밥을 나눠 먹거나, 나물 반찬이 정갈하게 나오는 한식당을 방문합니다. 보름에 한 번꼴로 배달 음식을 시켜 먹으며, 평소에는 현장에서 먹는 투박한 도시락의 맛에 길들여져 자극적인 맛보다는 익숙한 집밥의 온기를 찾습니다.), 여행(원지훈 씨는 휴가 때면 가족들을 태우고 한라산 중턱의 1100도로를 천천히 드라이브하며, 복잡한 관광지보다는 한적한 숲속 펜션에서 아무것도 하지 않고 쉬는 휴양 여행을 즐깁니다. 아이들과 함께 자연 속에서 시간을 보내며 가장으로서의 책임감과 동시에 짧은 해방감을 만끽합니다.), 취미(1100도로 가족 드라이브, 동네 목욕탕 사우나, 유튜브 낚시 영상 시청) 가족/주거: 원지훈 씨는 상가 건물 내 주택이라는 불편한 환경 속에서도 아내와 아이들을 위해 묵묵히 땀 흘려 일하며, 가족 모두가 편히 쉴 수 있는 단독주택으로 이사 가는 날만을 꿈꿉니다. 넉살 좋은 성격으로 자녀들에게 친구 같은 아빠가 되어주려 하지만, 때로는 중학교 졸업 후 바로 사회에 뛰어든 자신의 학력에 대한 아쉬움을 자녀들의 교육에 대한 열망으로 드러내기도 합니다. 배우자·자녀와 거주, 비주거용 건물 내 주택 문화/목표: 원지훈 씨는 중학교 졸업 후 일찌감치 현장에 뛰어들어 제주 돌담의 결을 익히며 살아온 세대입니다. 넉살 좋은 성격으로 동네 어르신들과 거리낌 없이 어울리지만, 정작 본인의 보금자리는 제주시 내 상가 건물 한 켠을 개조한 전셋집이라 늘 마당 있는 내 집 마련에 대한 갈증을 품고 삽니다. 지금은 일당제로 일하지만, 나중에는 제주시 인근에 작은 석공소라도 차려 자신의 이름을 건 정원을 만들어보고 싶어 합니다. 자녀들이 대학에 갈 때쯤에는 상가 건물 주택을 벗어나 가족 모두가 편히 쉴 수 있는 단독주택으로 이사 가는 것이 가장 큰 현실적 목표입니다. 스킬: 무거운 석재를 밀리미터 단위로 맞추어 수평을 잡는 정밀함이 몸에 배어 있으며, 지형의 고저차를 눈대중만으로도 빠르게 파악해 냅니다. 다만 오랜 육체노동으로 인해 손마디가 굵고 뻣뻣해져, 아주 세밀한 수공구를 다룰 때는 가끔 헛손질을 하기도 합니다. 수평계 없이 눈대중으로 수평 잡기, 현무암 및 대리석 정밀 부설, 지형 경사도 분석 및 기초 다지기 스포츠/예술: 원지훈 씨는 동네 주민들과 배드민턴 코트에서 셔틀콕을 주고받으며 땀을 흘리지만, 금세 호흡이 가빠져 벤치에 앉아 거친 숨을 몰아쉬며 담배 한 대를 피우는 일이 잦습니다. 사이클링이나 조깅을 통해 체중을 줄여보려 노력하지만, 현장에서 쓰는 육체적 에너지 소모가 너무 커서 정작 운동 후에는 깊은 낮잠으로 시간을 보냅니다. 원지훈 씨는 퇴근 후 거실 소파에 기대어 유튜브로 전국의 유명한 정원 가꾸기 영상을 시청하며 자신만의 미래 석공소 설계도를 머릿속으로 그려봅니다. 화려한 예술 작품보다는 1100도로의 숲길을 걸으며 느끼는 삼림욕의 고요함과 자연스럽게 놓인 돌의 곡선에서 마음의 평온을 찾습니다.",54,"가족 생활비와 노후 준비의 균형 확보: 제주 제주-제주시 거주, 석재 부설원 생활 패턴을 기준으로 자녀 관련 지출 계획화, 주거비 안정화, 취미/관심사(1100도로 가족 드라이브) 지출을 조절하고 강점(수평계 없이 눈대중으로 수평 잡기)을 활용해 월별 저축 루틴을 유지하기",2450000
65,이현우,34,무직,Male,0,부산 부산-기장군,"이현우 씨는 기장군에 거주하며 고도비만이라는 신체적 조건과 무직이라는 사회적 위치에도 불구하고, 자신만의 예술적 감각으로 세상의 숨은 공간을 기록하는 낭만적인 관찰자입니다. 직업/역량: 이현우 씨는 정해진 직장 없이 전국 각지의 낡은 노포와 숨겨진 식당들의 정취를 스마트폰 카메라로 기록하며, 훗날 이를 엮어 독립 출판물을 내겠다는 자신만의 느슨한 계획을 실천 중입니다. 소비·생활 단서: 음식(이현우 씨는 일주일에 한 번 정갈한 나물 반찬이 나오는 한식당을 찾아가 식사를 하고, 배달 음식으로는 바삭한 치킨을 시켜 먹으며 하루의 스트레스를 풉니다.), 여행(이현우 씨는 낯선 도시의 전통시장을 목적지 없이 돌아다니며 이름 없는 식당의 생선조림을 맛보는 나홀로 여행을 통해 정서적 충만함을 채웁니다.), 취미(나홀로 전국 식도락 여행, 기장 해안가 산책 및 아이디어 스케치, 독립 영화 및 실험 영화 시청) 가족/주거: 이현우 씨는 혼자 살면서도 주기적으로 본가를 방문해 가족들과 시간을 보내며, 동네 골목길에서 만나는 어르신들과 스스럼없이 농담을 주고받는 소탈한 관계를 유지합니다. 혼자 거주, 다세대주택 문화/목표: 기장군 일광읍의 오래된 다세대 주택에 거주하며, 동네 어르신들과 격의 없이 어울리는 소탈한 분위기에 익숙합니다. 고등학교 졸업 후 정해진 사회적 궤도에 진입하기보다 자신의 감각과 호기심이 이끄는 대로 살아온 시간이 길어, 정형화된 틀에 얽매이지 않는 유연한 사고방식을 가지고 있습니다. 자신이 발견한 특별한 공간과 음식에 대한 기록을 엮어 소규모 독립 출판물을 만들거나, 취향이 비슷한 사람들이 모이는 작은 커뮤니티 공간을 운영하는 꿈을 꿉니다. 사회가 요구하는 성공의 기준보다는 개인적인 만족과 예술적 충족감을 주는 일에 가치를 둡니다. 스킬: 전국 팔도의 숨은 노포와 특색 있는 식당을 찾아내고 그곳의 분위기를 분석하는 능력이 뛰어납니다. 특히 음식의 색감과 공간의 조화를 포착하는 시각적 감각이 좋아, 스마트폰 카메라 하나로도 식당의 정체성을 잘 드러내는 사진을 찍어냅니다. 전국 노포 큐레이션, 음식 및 공간 사진 촬영, 지역별 제철 식재료 분석 스포츠/예술: 이현우 씨는 격렬한 운동 대신 기장 해안도로를 따라 아주 천천히 걷는 산책을 즐기며, 걷다가 마음에 드는 풍경을 발견하면 한참 동안 멈춰 서서 사진을 찍습니다. 이현우 씨는 집에서 전개가 난해한 실험 영화를 보며 혼자만의 생각에 잠기거나, 낡은 수첩에 길거리에서 떠오른 엉뚱한 상상들을 빼곡하게 적어 내려가는 습관이 있습니다.",49,"주거 안정과 중기 목돈 마련: 부산 부산-기장군 거주, 무직 생활 패턴을 기준으로 1인 생활비와 자기계발비 통제, 월 고정 주거비 관리, 취미/관심사(나홀로 전국 식도락 여행) 지출을 조절하고 강점(전국 노포 큐레이션)을 활용해 월별 저축 루틴을 유지하기",500000
66,이인혜,45,무직,Female,0,부산 부산-부산진구,"이인혜 씨는 부산에서 가족을 세심히 돌보며 인문학적 소양과 원예 취미를 통해 정서적 안정을 찾는 40대 여성입니다. 직업/역량: 이인혜 씨는 현재 구직 상태이지만 주민센터의 문화 프로그램 운영 지원직으로 활동하며 지역 사회에 기여하고, 전공을 살려 소규모 인문학 읽기 모임을 직접 이끌어가는 삶을 계획하고 있습니다. 책임감이 강해 맡은 일을 완벽하게 처리하려다 보니 때로는 지나치게 꼼꼼하게 굴어 주변 사람들을 피곤하게 만들 때가 있습니다. 소비·생활 단서: 음식(이인혜 씨는 동네 빵집에서 갓 구워낸 치아바타와 깜파뉴를 사서 가족들과 나누어 먹으며, 외식을 할 때는 나물이나 찌개 중심의 정갈한 한식당을 찾습니다. 일주일에 한 번 배달 음식을 시켜 먹는 날에는 평소의 깐깐한 식단 기준을 잠시 내려놓고 편하게 식사를 즐깁니다.), 여행(이인혜 씨는 가족들과 함께 새로운 지식을 습득할 수 있는 교육 목적의 연수 여행을 계획하고 실행합니다. 낯선 곳에서의 즉흥적인 모험보다는 이미 검증된 교육 프로그램이나 상세한 일정표가 짜인 여행지를 선택해 심리적 안정감을 느낍니다.), 취미(부산 시민공원 숲길 산책, 전포동 수제 빵집 탐방, 현대 미술 전시 관람) 가족/주거: 이인혜 씨는 배우자와 자녀의 건강 상태를 일 단위로 세밀하게 체크하며 가족의 안녕을 최우선으로 챙기는 살뜰한 보호자 역할을 수행합니다. 관계의 조화를 중시해 가족 간의 작은 갈등이 생기면 특유의 부드러운 말투로 중재하며 집안 분위기를 화목하게 유지합니다. 배우자·자녀와 거주, 주택 이외의 거처 문화/목표: 부산진구 전포카페거리의 고요한 골목 정취를 즐기며, 대학 시절 인문학을 전공한 영향으로 부산시립미술관의 전시 해설을 깊이 있게 분석하고 기록하는 습관이 있습니다. 주민센터의 문화 프로그램 운영 지원직으로 활동하며 지역 사회에 기여하고, 전공 지식을 활용해 소규모 인문학 함께 읽기 모임을 꾸준히 이끌어가는 삶을 꿈꿉니다. 스킬: 가족의 건강 상태와 지출 내역을 일 단위로 세밀하게 기록하는 관리 능력이 탁월하며, 베란다의 한정된 공간에서 식물별 생장 주기에 맞춰 분갈이와 가지치기를 수행하는 원예 기술이 있습니다. 가계 및 가족 일정 정밀 관리, 베란다 원예 및 식물 케어, 전시 관람 분석 및 기록 스포츠/예술: 이인혜 씨는 날씨가 맑은 오후면 부산 시민공원의 나무 데크 길을 천천히 거닐며 가벼운 산책으로 하루의 활력을 찾습니다. 격렬한 운동은 금방 실증을 내어 포기하는 편이라, 무리하지 않는 선에서 매일 조금씩 걷는 일상적인 움직임에 만족합니다. 이인혜 씨는 부산시립미술관의 전시 해설을 꼼꼼하게 분석해 개인 수첩에 기록하고, 전포카페거리의 고요한 골목 사이를 누비며 정취를 감상합니다. 대학 시절 인문학을 전공한 영향으로 작품의 배경 지식을 깊게 파고드는 것을 즐기며, 이를 통해 일상의 단조로움을 해소합니다.",53,"가족 생활비와 노후 준비의 균형 확보: 부산 부산-부산진구 거주, 무직 생활 패턴을 기준으로 자녀 관련 지출 계획화, 주거비 안정화, 취미/관심사(부산 시민공원 숲길 산책) 지출을 조절하고 강점(가계 및 가족 일정 정밀 관리)을 활용해 월별 저축 루틴을 유지하기",500000
67,김연조,29,일반 비서,Female,36100000,전북 전북-무주군,"김연조 씨는 교육학 전공의 논리성과 농촌의 정서를 모두 갖춘 행정 전문가로, 가족과 자연 속에서 소소한 행복을 찾는 20대 후반의 여성입니다. 직업/역량: 김연조 씨는 무주군 농업 경영체 등록 서류를 꼼꼼히 챙기며, 고집 센 어르신들이 서류를 누락했을 때 특유의 차분함으로 설득해 결국 도장을 찍게 만드는 행정 실무의 달인입니다. 다만 완벽하게 처리하려는 강박 때문에 가끔 서류의 오타 하나에 지나치게 매몰되어 퇴근 시간이 늦어지는 버릇이 있습니다. 소비·생활 단서: 음식(김연조 씨는 무주 읍내의 작은 빵집에서 갓 구워낸 천연 발효종 빵을 사서 즐기며, 외식할 때는 자극적인 고기 요리보다는 정갈한 나물 비빔밥이나 청국장 같은 소박한 한식을 선택합니다. 일주일에 한 번 정도는 배달 앱으로 떡볶이나 튀김 같은 분식 메뉴를 시켜 먹으며 한 주의 피로를 풉니다.), 여행(김연조 씨는 남편이나 친구와 함께 전국 곳곳의 이름 모를 숲길이나 한적한 호수 공원을 찾아가 가만히 풍경을 바라보는 여행을 즐깁니다. 유명 관광지의 북적임보다는 잘 알려지지 않은 조용한 오솔길을 발견했을 때 깊은 희열을 느끼며 사진으로 그 순간을 기록합니다.), 취미(웹툰 및 디지털 콘텐츠 시청, 닌텐도 스위치 게임, 덕유산 인근 숲길 산책) 가족/주거: 김연조 씨는 조부모님과 부모님, 그리고 남편까지 함께 사는 3세대 대가족 아파트에서 며느리이자 손녀, 딸의 역할을 동시에 수행하며 때로는 세대 간의 가치관 차이로 인해 남모를 답답함을 느낍니다. 하지만 저녁 식사 시간마다 도란도란 나누는 시끌벅적한 대화 속에서 농촌 공동체 특유의 끈끈한 온기를 확인하며 안도감을 얻습니다. 기타3세대, 아파트 문화/목표: 무주 덕유산 인근 아파트에서 조부모님, 부모님과 함께 3세대가 어우러져 살며, 교육학 전공자로서의 논리적인 사고방식과 농촌 사회의 정서적인 유대감을 동시에 체득하며 성장했습니다. 현재의 행정 업무를 완전히 디지털화하여 마을 어르신들이 서류 작업의 불편함 없이 혜택을 받게 만들고자 하며, 장기적으로는 지역 농촌 교육 전문가로 거듭나 마을 공동체 교육 모델을 구축하고 싶어 합니다. 스킬: 농업 경영체 등록이나 정부 보조금 신청 같은 복잡한 행정 서류를 누락 없이 처리하며, 고집 센 지역 농민들 사이에서 유연하게 대처하면서도 행정적 원칙을 정확히 관철하는 조율 능력이 탁월합니다. 농업 행정 서류 작성 및 관리, 정부 보조금 신청 프로세스 최적화, 다세대 소통 및 갈등 중재 스포츠/예술: 김연조 씨는 주말마다 덕유산 산책로의 흙길을 천천히 밟으며 복잡했던 머릿속을 비워내고, 숲의 냄새를 맡으며 심리적 안정을 찾습니다. 운동이라기보다는 정서적 환기에 가까운 이 시간을 위해 매번 발이 편한 기능성 운동화만 고집해서 신습니다. 김연조 씨는 퇴근 후 침대에 파묻혀 네이버 웹툰의 잔잔한 일상물을 정주행하거나, 닌텐도 스위치 속 동물의 숲 마을을 가꾸며 현실의 소란함에서 벗어난 자신만의 작은 성을 구축합니다. 조용한 음악을 틀어놓고 좋아하는 작가의 에세이를 읽으며 문장 속에서 위로를 찾는 정적인 시간을 보냅니다.",61,"비상금과 커리어 전환 자금 마련: 전북 전북-무주군 거주, 일반 비서 생활 패턴을 기준으로 가족 공동 지출 관리, 월 고정 주거비 관리, 취미/관심사(웹툰 및 디지털 콘텐츠 시청) 지출을 조절하고 강점(농업 행정 서류 작성 및 관리)을 활용해 월별 저축 루틴을 유지하기",2020000
68,김종삼,46,철도운송 관련 종사원,Male,47500000,대구 대구-달성군,"김종삼 씨는 철도 안전에 집착하는 꼼꼼한 숙련공이자, 가족을 아끼면서도 혼자만의 예술적 감성과 고요함을 갈구하는 대구 달성군의 40대 미혼 남성입니다. 직업/역량: 김종삼 씨는 달성군 일대 철길의 미세한 균열 하나도 놓치지 않고 잡아내어 안전 점검 일지를 빈틈없이 적어 내리는 숙련된 철도 종사자입니다. 후배들이 현장에서 겪을 시행착오를 줄여주기 위해 자신만의 실전형 안전 가이드를 몰래 정리하며, 정년까지 무사고 기록을 세우는 것에 강한 집착을 보입니다. 소비·생활 단서: 음식(김종삼 씨는 일주일에 두세 번 단골 일식집을 찾아 정갈하게 놓인 모둠 초밥 세트를 즐기며 하루의 피로를 씻어냅니다. 고기 굽는 냄새보다 정갈한 나물 반찬이 나오는 한정식집에서 식사하는 것을 즐기며, 2주에 한 번 정도 배달 앱으로 시켜 먹는 족발에는 의외로 관대한 모습을 보입니다.), 여행(김종삼 씨는 명절이나 휴가철이면 가족들을 모두 데리고 일본이나 국내의 조용한 온천으로 떠나 뜨거운 물속에서 모든 생각을 비워내는 휴식을 즐깁니다. 유명 관광지를 바쁘게 돌아다니는 일정보다는 숙소 근처의 고즈넉한 풍경을 바라보며 가족들과 도란도란 이야기를 나누는 시간에 만족합니다.), 취미(동네 단골 일식집 탐방, 정밀한 각도 계산의 3쿠션 당구, 90년대 감성 발라드 노래방) 가족/주거: 김종삼 씨는 형제자매와 함께 북적이며 사는 집의 가구주로서 가족들을 살뜰히 챙기지만, 가끔은 방문을 걸어 잠그고 혼자만의 고요함을 찾는 예민한 성격입니다. 가족에 대한 책임감이 강해 겉으로는 엄격한 척해도, 동생들이 좋아하는 간식을 몰래 사다 놓는 다정한 면모가 있습니다. 형제자매와 동거 (가구주), 아파트 문화/목표: 달성군의 한적한 마을에서 성장하며 오래된 골목의 정취를 좋아하는 김종삼 씨는, 가족들과의 유대감이 깊으면서도 가끔은 혼자만의 고요한 공간이 절실해지는 예민한 구석이 있습니다. 현장에서 쌓은 경험을 바탕으로 후배들이 실수 없이 작업할 수 있는 실전형 안전 가이드를 정리해 보고 싶어 하며, 정년까지 큰 사고 없이 자신의 구역을 책임지는 숙련공으로 남기를 바랍니다. 스킬: 철도 선로의 미세한 균열이나 부품의 마모 상태를 단번에 잡아내는 꼼꼼함을 갖췄으며, 매일 반복되는 안전 점검 일지를 한 치의 오차 없이 기록하는 습관이 몸에 배어 있습니다. 철도 시설 안전 점검, 운송 스케줄 최적화 관리, 선로 유지보수 매뉴얼 숙지 스포츠/예술: 김종삼 씨는 주말마다 단골 당구장에서 큐대를 잡고 공의 각도를 치밀하게 계산해 밀어 넣으며 일주일간 쌓인 긴장을 해소합니다. 가끔 헬스장에 들러 무거운 덤벨을 들며 땀을 흘리지만, 정작 머릿속으로는 다음 판 당구 게임의 배치도를 그리며 시간을 보냅니다. 김종삼 씨는 퇴근길 달성군의 낡은 골목길이 주는 특유의 정취에 발길을 멈추고, 가끔은 코인 노래방에 들어가 조성모의 노래를 부르며 90년대의 감성에 젖어듭니다. 평소에는 무뚝뚝한 표정을 짓고 있지만 마음 한구석에는 정갈한 미학에 대한 동경이 있어, 작은 소품 하나를 고를 때도 한참을 고민하는 예민함이 있습니다.",60,"가족 생활비와 노후 준비의 균형 확보: 대구 대구-달성군 거주, 철도운송 관련 종사원 생활 패턴을 기준으로 1인 생활비와 자기계발비 통제, 월 고정 주거비 관리, 취미/관심사(동네 단골 일식집 탐방) 지출을 조절하고 강점(철도 시설 안전 점검)을 활용해 월별 저축 루틴을 유지하기",2410000
69,임종현,51,철도 고가 전선 가설원,Male,50900000,경기 경기-하남시,"임종현 씨는 하남에 거주하며 철도 전선 가설원으로 일하는 50대 가장으로, 투박한 겉모습 뒤에 가족에 대한 깊은 사랑과 안전한 퇴직을 꿈꾸는 성실한 기술자입니다. 직업/역량: 임종현 씨는 수십 년간 전철 고가 위에서 전차선의 장력을 세밀하게 조절하며 열차의 안전한 주행을 책임져 온 베테랑 가설원입니다. 정년까지 무사고라는 단 하나의 목표를 위해 매일 작업복의 끈을 단단히 조이며 현장의 작은 빈틈 하나까지 꼼꼼히 살핍니다. 소비·생활 단서: 음식(임종현 씨는 일주일에 한 번 집 근처 식당에서 보글보글 끓는 청국장이나 구수한 된장찌개 같은 한식을 든든하게 먹으며 속을 채웁니다. 가끔 가족들의 성화에 못 이겨 도미노 피자나 맘스터치 햄버거를 배달시켜 먹으며 젊은 세대의 입맛에 맞춰보려 노력합니다.), 여행(임종현 씨는 휴일이면 가족들을 태우고 양평의 한적한 숲길이나 이름 모를 시골길을 정처 없이 달리며 자연 속에서 해방감을 만끽합니다. 세부적인 여행 계획을 짜는 것은 귀찮아하지만, 운전대를 잡고 발길 닿는 대로 멈춰 서서 가족들과 함께 풍경을 감상하는 소박한 여행을 즐깁니다.), 취미(TV로 KBO 리그 경기 시청, 동네 사우나에서 즐기는 반신욕, 가족과 함께하는 근교 자연 경관 감상) 가족/주거: 임종현 씨는 무뚝뚝한 말투와 표정 때문에 차갑다는 오해를 받기도 하지만, 속으로는 자녀들이 사회에 잘 안착하기만을 바라는 헌신적인 아버지입니다. 말로 다 표현하지 못하는 애정을 가족들을 위한 든든한 경제적 뒷받침과 주말의 짧은 나들이로 대신하며 가장의 무게를 견뎌냅니다. 배우자·자녀와 거주, 아파트 문화/목표: 하남 미사강변도시의 아파트 단지에서 가족들과 시간을 보내며, 주말이면 동네 사우나에서 땀을 빼고 나오는 소박한 일상에 만족하며 삽니다. 고등학교 졸업 후 바로 현장에 뛰어들어 몸으로 익힌 삶의 방식을 고수하며, 겉으로는 무뚝뚝해 보여도 가족의 안정을 최우선으로 여기는 전형적인 50대 가장의 모습을 띱니다. 더 이상의 승진이나 화려한 성취보다는, 정년퇴직 때까지 단 한 건의 안전사고 없이 무사히 현장을 마무리하는 것을 가장 큰 목표로 삼고 있습니다. 그동안 모은 자산과 현재의 소득을 잘 관리해 자녀들이 독립할 때까지 든든한 버팀목이 되어주길 원합니다. 스킬: 전철 고가 전선 가설이라는 위험천만한 작업 환경에서 수십 년간 숙련된 감각으로 전차선을 정밀하게 설치하고 유지보수하는 기술을 보유하고 있습니다. 높은 곳에서 작업하며 전압과 전선의 장력을 세밀하게 조정해 열차가 멈춤 없이 달릴 수 있게 만드는 현장 실무에 능숙합니다. 고전압 전차선 가설 및 장력 조절, 철도 전기 설비 안전 점검, 고소 작업대 및 특수 장비 운용 스포츠/예술: 임종현 씨는 퇴근 후 거실 소파에 깊숙이 파묻혀 롯데 자이언츠의 야구 중계를 보며 소리를 지르거나 아쉬움에 머리를 쥐어뜯는 시간에서 삶의 활력을 찾습니다. 경기 결과에 따라 그날의 기분이 좌우되곤 하지만, 중계 화면 속 선수들의 치열한 승부에 몰입하며 일상의 스트레스를 날려버립니다. 임종현 씨는 화려한 전시회보다는 가평이나 양평의 울창한 숲길을 천천히 걸으며 마주하는 초록빛 풍경에서 마음의 평온을 얻습니다. 인위적인 예술 작품보다 계절마다 옷을 갈아입는 산등성이의 색감과 바람에 흔들리는 나뭇잎 소리를 듣는 것을 진정한 휴식이라 여깁니다.",69,"은퇴 전 현금흐름 정리와 건강 지출 대비: 경기 경기-하남시 거주, 철도 고가 전선 가설원 생활 패턴을 기준으로 자녀 관련 지출 계획화, 월 고정 주거비 관리, 취미/관심사(TV로 KBO 리그 경기 시청) 지출을 조절하고 강점(고전압 전차선 가설 및 장력 조절)을 활용해 월별 저축 루틴을 유지하기",2500000
70,이희찬,20,철도운송 관련 종사원,Male,29200000,서울 서울-도봉구,"이희찬 씨는 철도 운송 현장의 꼼꼼한 실무자로 성장해 기관사를 꿈꾸는, 책임감 강하고 현실적인 20세 청년입니다. 직업/역량: 이희찬 씨는 열차 배차 간격을 초 단위로 맞추는 꼼꼼함으로 현장에서 인정받으며, 철도 운전 면허를 취득해 기관사가 되겠다는 목표를 위해 퇴근 후에도 전공 서적을 파고듭니다. 책임감이 강해 작은 실수도 용납하지 않지만, 그만큼 스스로를 몰아세워 때때로 동료들에게 날카로운 모습을 보입니다. 소비·생활 단서: 음식(이희찬 씨는 퇴근 후 방학동 골목의 단골 족발집에서 소주 한 잔으로 하루의 피로를 풀며, 주말에는 성수동의 두툼한 수제 버거로 입맛을 돋웁니다. 일주일에 한 번 정도는 피자나 버거를 배달시켜 먹으며 혼자만의 시간을 만끽하는 소소한 사치를 누립니다.), 여행(이희찬 씨는 친구들과 함께 전국 각지의 유명한 먹거리를 찾아 떠나는 음식 관광을 즐기며, 방문 전 미리 맛집 리스트와 최적의 동선을 꼼꼼하게 짜는 편입니다. 낯선 곳에서의 돌발 상황에 민감하게 반응하기도 하지만, 계획한 음식을 맛보는 순간의 만족감을 위해 여행을 떠납니다.), 취미(창동 볼링장 팀 경기, 리그 오브 레전드 랭크 게임, 성수동 수제 버거 맛집 탐방) 가족/주거: 이희찬 씨는 도봉구 방학동의 오래된 연립주택에서 부모님과 함께 지내며 정돈된 가정 환경 속에서 정서적 안정감을 얻습니다. 부모님께는 듬직한 아들이지만, 때로는 자신의 높은 기준을 가족에게 강요하여 사소한 말다툼을 벌이는 고집스러운 면이 있습니다. 부모와 동거, 연립주택 문화/목표: 도봉구 방학동의 조용한 연립주택 단지에서 자라며 정돈된 일상을 보내지만, 퇴근 후에는 친구들과 동네 족발집에 모여 소주잔을 기울이며 하루의 긴장을 풉니다. 현장에서 쌓은 실무 경험을 발판 삼아 철도 운전 면허를 취득하고, 더 높은 책임감을 가진 기관사가 되어 경제적 자립도를 높이려 합니다. 스킬: 철도 운송 현장의 안전 수칙을 철저히 준수하며, 복잡한 열차 운행 시간표와 배차 간격을 오차 없이 관리하는 꼼꼼함을 갖췄습니다. 열차 운행 스케줄 최적화, 철도 안전 관리 지침 숙지, 기본 전기 설비 점검 스포츠/예술: 이희찬 씨는 주말마다 창동의 볼링장에서 친구들과의 내기 게임에 몰입하며, 승부욕이 발동하면 평소의 조용한 모습은 사라지고 공격적인 투구 스타일로 변합니다. 농구 코트에서도 전술적인 움직임을 중시하며 팀원들의 위치를 세밀하게 조정하는 역할을 맡습니다. 이희찬 씨는 성수동의 감각적인 팝업 스토어를 돌아다니며 최신 트렌드의 시각적 요소들을 수집하고, 집에서는 조용히 책을 읽으며 복잡한 마음을 정리합니다. 게임을 할 때도 단순히 즐기기보다 효율적인 공략법을 찾아내어 완벽하게 클리어하는 과정에서 희열을 느낍니다.",67,"비상금과 커리어 전환 자금 마련: 서울 서울-도봉구 거주, 철도운송 관련 종사원 생활 패턴을 기준으로 부모님 부양 비용 관리, 주거비 안정화, 취미/관심사(창동 볼링장 팀 경기) 지출을 조절하고 강점(열차 운행 스케줄 최적화)을 활용해 월별 저축 루틴을 유지하기",1730000
71,주지혜,27,석유화학 기술자 및 연구원,Female,58300000,부산 부산-동래구,"주지혜 씨는 부산 동래구에서 어머니와 함께 거주하며 탄소 배출을 줄이는 친환경 화학 소재 전문가를 꿈꾸는 27세의 고소득 석유화학 연구원입니다. 직업/역량: 주지혜 씨는 석유화학 공정의 수율을 5% 이상 끌어올리겠다는 목표를 가지고 매일 촉매 성분을 정밀하게 분석하며 실험 일지를 빈틈없이 기록합니다. 복잡한 화학 반응 데이터를 현장 작업자들이 이해하기 쉽게 도표와 그래프로 시각화하는 능력이 뛰어나지만, 정답이 확실한 수치를 근거로 내세우다 보니 가끔 동료들과 날 선 토론을 벌이며 고집을 부리는 면이 있습니다. 소비·생활 단서: 음식(주지혜 씨는 2주에 한 번 어머니와 함께 동래 시장에서 장을 본 신선한 고기로 푸짐한 한식 상차림을 즐기고, 일주일에 한 번은 집에서 편하게 양식 배달 음식을 시켜 먹습니다. 가끔은 광안리 바닷가 근처의 작은 펍에서 쌉싸름한 수제 맥주 한 잔을 곁들이며 친구들과 시시콜콜한 잡담을 나눕니다.), 여행(주지혜 씨는 가족과 함께 전국의 숨은 맛집을 찾아다니는 식도락 여행을 통해 정서적인 충전을 합니다. 유명한 관광지를 둘러보는 일정보다는 그 지역에서만 맛볼 수 있는 제철 음식점을 찾아다니며 가족들과 함께 식사하는 시간을 가장 중요하게 생각합니다.), 취미(네이버 웹툰 정주행, 온천천 시민공원 산책, 광안리 수제 맥주 시음) 가족/주거: 주지혜 씨는 동래구의 오래된 단독주택에서 어머니와 함께 살며, 주말마다 함께 전통시장을 돌며 제철 식재료를 고르는 소박한 일상에서 안도감을 얻습니다. 밖에서는 논리적이고 강단 있는 연구원이지만, 집에 돌아오면 어머니에게 일상의 소소한 고민을 털어놓는 애교 많은 딸의 모습으로 돌아옵니다. 어머니와 동거, 단독주택 문화/목표: 부산 동래구의 오래된 단독주택에서 어머니와 함께 지내며 골목길의 정취와 도심의 편리함을 동시에 누리고 있습니다. 공학 전공자로서 논리적 사고를 중시하지만, 주말마다 어머니와 함께 지역 전통시장을 돌며 제철 식재료를 고르는 소박한 일상에서 정서적 안정감을 얻습니다. 현재 담당하고 있는 공정의 수율을 5% 이상 끌어올려 실제 생산 라인에 적용하는 가시적인 성과를 내고 싶어 합니다. 향후에는 탄소 배출을 줄이는 친환경 화학 소재 분야의 독보적인 전문성을 갖춰 업계에서 인정받는 책임 연구원이 되는 것을 목표로 합니다. 스킬: 석유화학 공정의 효율을 높이기 위한 촉매 성분 분석과 최적화 작업을 수행하며, 아주 작은 오차도 허용하지 않는 꼼꼼한 실험 일지 작성 습관을 갖추고 있습니다. 복잡한 화학 반응 데이터를 수치화하여 현장 작업자들이 쉽게 이해할 수 있는 시각적 보고서로 변환하는 능력이 탁월합니다. 촉매 성능 및 성분 분석, 화학 공정 시뮬레이션, 실험 데이터 통계 처리 스포츠/예술: 주지혜 씨는 헬스장 같은 격식 있는 운동 공간 대신 주말마다 온천천 시민공원을 따라 천천히 걸으며 머릿속의 복잡한 공정 식들을 지워냅니다. 특별한 운동 계획을 세우기보다 일상적인 산책과 가벼운 움직임으로 정상 체형과 건강을 유지하는 편입니다. 주지혜 씨는 퇴근 후 침대에 누워 네이버 웹툰의 최신 에피소드를 몰아보는 시간에서 가장 큰 심리적 해방감을 느낍니다. 연구실에서는 차가운 수치와 씨름하는 공학자이지만, 일상에서는 최신 미용 트렌드에 민감하게 반응하고 감각적인 음악을 찾아 듣는 섬세한 취향을 가졌습니다.",74,"비상금과 커리어 전환 자금 마련: 부산 부산-동래구 거주, 석유화학 기술자 및 연구원 생활 패턴을 기준으로 1인 생활비와 자기계발비 통제, 주거비 안정화, 취미/관심사(네이버 웹툰 정주행) 지출을 조절하고 강점(촉매 성능 및 성분 분석)을 활용해 월별 저축 루틴을 유지하기",3210000
72,윤인경,55,주방 보조원,Female,43600000,전라남 전라남-진도군,"윤인경 씨는 진도에서 주방 보조로 일하며 능숙한 손맛과 현대적인 미적 감각을 동시에 지닌, 정 많고 호기심 많은 50대 여성입니다. 직업/역량: 윤인경 씨는 진도의 한 대규모 식당 주방에서 수십 인분의 콩나물과 무생채를 순식간에 무쳐내는 능숙한 손끝을 가졌으며, 갑작스럽게 주문이 밀려 주방이 아수라장이 되어도 당황하지 않고 재료 손질 순서를 유연하게 바꿔가며 일을 처리합니다. 동료들과의 화목함을 최우선으로 여기며, 가끔 몰래 제안한 매실액 한 큰술이 음식 맛을 살려 손님들의 칭찬으로 이어질 때 남모르게 입꼬리를 올리며 보람을 느낍니다. 소비·생활 단서: 음식(윤인경 씨는 주방에서는 전문가답게 대량의 음식을 척척 만들어내지만, 정작 본인은 밖에서 사 먹는 매콤한 떡볶이나 정갈한 나물 정식을 즐기며 일주일의 대부분을 외식으로 해결합니다. 가끔 귀찮은 날에는 스마트폰 앱으로 짜장면을 시켜 먹으며, 집밥의 굴레에서 벗어나 남이 해준 음식의 간을 매섭게 평가하는 반전 매력이 있습니다.), 여행(윤인경 씨는 멀리 떠나는 여행보다 가족과 함께 진도 구석구석의 숨은 비경을 찾아다니는 것을 즐기며, 특히 해 질 녘의 붉은 노을이 내려앉은 해안 도로를 드라이브하는 시간을 가장 아낍니다. 여행지에서 유명한 맛집을 찾아 줄을 서기보다 눈앞에 펼쳐진 자연 풍경을 멍하니 바라보며 마음의 평온을 찾는 정적인 여행 방식을 즐깁니다.), 취미(노래교실 트로트 배우기, 지역 미용실에서 최신 펌 스타일 시도하기, 해안가 산책하며 야생화 사진 찍기) 가족/주거: 윤인경 씨는 남편과 함께 단독주택에서 오순도순 살며 가족 구성원들 사이의 갈등이 생기지 않도록 부드럽게 중재하는 집안의 윤활유 역할을 자처합니다. 때로는 혼자만의 시간이 간절해 방 안에서 조용히 잡지를 읽으며 상상에 빠지기도 하지만, 결국에는 거실로 나와 가족들이 좋아하는 간식을 챙겨주며 온기를 나누는 다정한 성격입니다. 기타2세대, 단독주택 문화/목표: 진도 읍내에서 나고 자라며 진도아리랑 같은 지역 가락과 정서에 깊이 젖어 있지만, 평소 잡지나 인터넷을 통해 최신 인테리어 소품이나 색감에 관심을 가지며 자신만의 미적 취향을 가꾸어 왔습니다. 함께 일하는 주방 식구들과 얼굴 붉히는 일 없이 화목하게 지내는 것을 최우선으로 하며, 가끔 자신이 제안한 작은 조리법 변경이 음식 맛을 살려 손님들이 만족해하는 순간에서 보람을 느낍니다. 스킬: 대규모 식당 주방에서 수십 인분의 나물을 무치고 밑반찬을 빠르게 준비하며, 갑작스러운 주문량 변화에도 당황하지 않고 재료 손질 순서를 유연하게 조정하는 능숙한 손끝 감각을 갖췄습니다. 대량 식재료 전처리 및 손질, 전라도 지역 제철 나물 무침, 주방 조리 동선 효율화 스포츠/예술: 윤인경 씨는 주말이면 가족들의 손을 잡고 진도 타워 아래 해안선을 따라 천천히 발을 옮기며, 파도 소리를 배경 삼아 계절마다 색이 변하는 바다 풍경을 스마트폰 카메라에 정성껏 담습니다. 격렬한 운동보다는 느릿한 산책을 즐기며, 길가에 핀 이름 모를 들꽃이나 독특한 모양의 조약돌을 발견하면 한참을 멈춰 서서 관찰하는 습관이 있습니다. 윤인경 씨는 읍내 노래교실에서 배운 최신 트로트를 노래방 기계의 화려한 조명 아래서 열창하며 일주일의 스트레스를 날려버리고, 집에서는 인테리어 잡지를 뒤적이며 거실 벽지 색깔을 바꿀 궁리를 합니다. 진도아리랑의 구슬픈 가락이 몸에 배어 있으면서도, 최신 유행하는 파스텔톤 소품을 배치해 집안 분위기를 바꾸는 현대적인 미적 감각을 동시에 가지고 있습니다.",54,"은퇴 전 현금흐름 정리와 건강 지출 대비: 전라남 전라남-진도군 거주, 주방 보조원 생활 패턴을 기준으로 가족 공동 지출 관리, 주거비 안정화, 취미/관심사(노래교실 트로트 배우기) 지출을 조절하고 강점(대량 식재료 전처리 및 손질)을 활용해 월별 저축 루틴을 유지하기",2030000
73,이지훈,48,하역 및 적재 관련 단순 종사원,Male,30100000,경기 경기-수원시 영통구,"이지훈 씨는 성실한 하역 작업자로 살아오며 이웃에게 신망받는 따뜻한 성품과 건강 관리가 시급한 고도비만이라는 모순을 동시에 가진 인물입니다. 직업/역량: 이지훈 씨는 고가의 영상 장비를 다루는 하역 현장에서 파손 하나 없이 물건을 적재하는 손끝 매운 베테랑이며, 창고 배치를 효율적으로 수정해 동선을 최적화하는 꼼꼼함을 가졌습니다. 다만 작업 중 작은 변수만 생겨도 가슴이 두근거릴 만큼 예민한 구석이 있어, 퇴근 전까지 적재 리스트를 서너 번씩 다시 확인하는 강박적인 습관이 있습니다. 소비·생활 단서: 음식(이지훈 씨는 주 2~3회 정도 외식을 하며 나물 비빔밥이나 청국장 같은 담백한 한식, 혹은 깔끔한 초밥과 메밀소바 같은 일식 메뉴를 즐겨 찾습니다. 배달 음식은 보름에 한 번 꼴로 시켜 먹을 만큼 절제하려 하지만, 가끔 외로움이 밀려오는 밤이면 일식 돈카츠를 주문해 혼자만의 성찬을 즐깁니다.), 여행(이지훈 씨는 직장 동료들과 함께 경주 불국사의 다보탑이나 부여 낙화암의 전설을 찾아 떠나는 역사 탐방 여행을 즐깁니다. 여행지에서는 가이드의 설명에 귀를 기울이다가도, 자신이 미리 공부한 잡다한 역사 지식을 덧붙여 일행에게 들려주는 것을 은근히 즐깁니다.), 취미(지역 배드민턴 클럽 활동, 전국 역사 유적지 탐방, 일식 전문점 맛집 찾기) 가족/주거: 이지훈 씨는 미혼으로 수원 영통의 아파트에서 홀로 지내며, 가족의 빈자리를 동네 이웃들과의 끈끈한 정으로 채우며 살아갑니다. 이웃들의 궂은일을 도맡아 돕다 보니 정작 본인의 집안일은 뒷전일 때가 많아 거실 구석에 먼지가 쌓여 있기도 하지만, 사람들과 나누는 온기를 무엇보다 소중히 여깁니다. 혼자 거주, 아파트 문화/목표: 영통구 아파트 단지 내에서 궂은일을 도맡아 하며 이웃들의 신망을 받는 성격입니다. 퇴근길 편의점 야외 테이블에서 담배 한 대를 피우며 동네 사람들과 소소한 일상을 나누는 시간이 하루 중 가장 편안합니다. 지금처럼 성실하게 일하며 건강을 관리해 정년까지 무리 없이 현장을 지키는 것이 목표입니다. 후배 작업자들에게 효율적인 하역 노하우를 전수하는 현장 관리자로 인정받고 싶어 합니다. 스킬: 영상 장비의 특성을 꿰고 있어 파손 위험이 큰 고가 장비들을 빈틈없이 적재하고 운반하는 데 능숙합니다. 창고 내 물품 배치도를 스스로 짜서 동선을 최적화할 만큼 꼼꼼하게 재고를 관리합니다. 영상 장비 적재 최적화, 물류 재고 관리, 파손 방지 패킹 스포츠/예술: 이지훈 씨는 주말이면 영통구 주민센터 배드민턴 코트에서 셔틀콕을 주고받으며 땀을 흘리고, 평일 틈새 시간에는 줄넘기를 하며 무거운 몸을 움직이려 노력합니다. 모임에서 사람들과 어울려 운동하는 시간을 통해 삶의 활력을 얻으며, 동호회 회원들 사이에서 분위기를 부드럽게 만드는 역할을 톡톡히 해냅니다. 이지훈 씨는 화려한 미술관보다는 세월의 흔적이 묻어나는 고택이나 성곽길을 걷는 것을 좋아하며, 옛사람들의 삶이 담긴 기록물과 유물에 깊은 관심을 보입니다. 조용한 사찰의 풍경 소리를 들으며 마음을 가다듬는 시간을 통해 일상에서 쌓인 정신적 피로를 해소하곤 합니다.",59,"가족 생활비와 노후 준비의 균형 확보: 경기 경기-수원시 영통구 거주, 하역 및 적재 관련 단순 종사원 생활 패턴을 기준으로 1인 생활비와 자기계발비 통제, 월 고정 주거비 관리, 취미/관심사(지역 배드민턴 클럽 활동) 지출을 조절하고 강점(영상 장비 적재 최적화)을 활용해 월별 저축 루틴을 유지하기",1630000
74,정연주,21,산업 안전원,Female,32700000,충청북 충청북-청주시 흥덕구,"정연주 씨는 단호한 업무 처리 능력과 20대 초반의 말랑한 감성을 동시에 지닌, 청주의 성실한 산업 안전원입니다. 직업/역량: 정연주 씨는 청주의 전기장비 제조 공장에서 보호구 미착용 작업자에게 가차 없이 경고를 날리는 단호한 안전원입니다. 현장의 작은 균열 하나 놓치지 않는 꼼꼼함으로 사고를 막아내지만, 정작 본인의 사무실 책상 위는 서류와 포스트잇이 여기저기 흩어져 있는 엉망진창인 상태입니다. 소비·생활 단서: 음식(정연주 씨는 주중에는 맘스터치의 싸이버거로 가볍게 한 끼를 해결하고, 저녁에는 남편과 함께 깔끔한 나물 반찬이 나오는 한정식집에서 식사하는 것을 즐깁니다. 배달 앱으로는 일주일에 한 번 정도 치즈가 듬뿍 들어간 피자를 시켜 먹으며 한 주를 마무리합니다.), 여행(정연주 씨는 남편과 함께 사람이 붐비지 않는 한적한 숲길이나 호숫가를 찾아가 아무 말 없이 풍경을 바라보며 에너지를 충전합니다. 여행 계획을 세우기보다 발길 닿는 대로 움직이는 편이라, 때로는 예약 없이 찾아간 숙소가 엉망이라 당황하기도 합니다.), 취미(반려견과 함께하는 동네 산책 및 일상 사진 촬영, 대청호 및 청남대 주변 자연 풍경 출사, 유튜브 브이로그 시청과 음악 큐레이션 감상) 가족/주거: 정연주 씨는 스물한 살이라는 이른 나이에 결혼해 청주 흥덕구에서 남편과 함께 서툰 살림을 꾸려나가고 있습니다. 또래 친구들이 대학 캠퍼스에서 낭만을 즐길 때 가계부를 쓰고 집안일을 하지만, 가끔은 그 나이대의 철없는 장난기를 남편에게 부리며 웃음 짓습니다. 기타2세대, 아파트 문화/목표: 청주 흥덕구의 아파트 단지에서 남편과 함께 살며, 일찍 가정을 꾸린 만큼 또래보다 생활 습관이 빠르게 정착되었지만 내면에는 여전히 새로운 유행에 민감한 20대 초반의 감성이 공존합니다. 퇴근 후에는 집 근처 조용한 카페에서 혼자만의 시간을 가지며 하루 동안 소모된 에너지를 조용히 회복하는 일상을 보냅니다. 실무 경험을 쌓아 산업안전 분야의 상위 전문 자격증을 취득함으로써 현장 관리자로서의 전문성을 인정받고 싶어 합니다. 업무적 성취만큼이나 개인의 정서적 안정을 중요하게 여기기에, 효율적인 업무 처리 방식을 찾아 퇴근 후의 삶을 온전히 보장받는 환경을 만드는 데 집중합니다. 스킬: 전기장비 제조 현장의 위험 요소를 날카롭게 포착하여 사고를 미연에 방지하는 세심한 점검 능력을 갖추고 있습니다. 안전 수칙에 있어서는 타협하지 않는 단호함으로 현장 작업자들의 보호구 착용 상태와 설비 안전 거리를 철저하게 관리합니다. 산업안전보건법 기반 현장 위험성 평가, 전기 설비 안전 점검 및 유해 요인 분석, 현장 작업자 안전 교육 및 보호구 관리 스포츠/예술: 정연주 씨는 격한 운동보다는 반려견과 함께 아파트 단지 산책로를 천천히 걷는 것으로 하루의 활동량을 채웁니다. 체중 관리를 위해 헬스장에 등록했지만, 정작 가는 날보다 집에서 휴식을 취하며 누워 있는 시간이 훨씬 많습니다. 정연주 씨는 퇴근 후 방 안의 조명을 낮추고 뉴진스의 음악을 틀어놓은 채 반려견의 부드러운 털을 만지며 마음을 가라앉힙니다. 주말에는 최신 유행하는 필름 카메라 앱으로 대청호의 윤슬을 찍어 사회관계망서비스에 올리며 소소한 만족감을 느낍니다.",65,"비상금과 커리어 전환 자금 마련: 충청북 충청북-청주시 흥덕구 거주, 산업 안전원 생활 패턴을 기준으로 가족 공동 지출 관리, 월 고정 주거비 관리, 취미/관심사(반려견과 함께하는 동네 산책 및 일상 사진 촬영) 지출을 조절하고 강점(산업안전보건법 기반 현장 위험성 평가)을 활용해 월별 저축 루틴을 유지하기",1830000
75,김재운,49,사회 교사,Male,47800000,서울 서울-강서구,"김재운 씨는 학벌보다 현장의 가치를 믿는 강서구의 베테랑 사회 교사로, 당뇨라는 건강상의 약점을 안고 살아가지만 가족에 대한 깊은 사랑과 뛰어난 중재 능력을 통해 주변 사람들에게 신뢰받는 따뜻한 중년 남성입니다. 직업/역량: 김재운 씨는 강서구의 한 대안 교육 기관에서 아이들의 눈높이에 맞춰 세상을 가르치는 사회 교사로, 교과서의 정답보다는 시장통의 치열한 삶이나 골목길의 갈등을 실제 사례로 들어 수업하는 방식을 고수합니다. 학생들 사이의 다툼이 일어날 때면 특유의 넉살로 양쪽의 이야기를 다 들어주며 원만한 합의를 끌어내지만, 가끔은 너무 유연한 태도 때문에 원칙을 강조하는 동료 교사들과 미묘한 신경전을 벌이기도 합니다. 소비·생활 단서: 음식(김재운 씨는 한 달에 한 번 가족들과 함께 동네 단골 고깃집에서 육즙 가득한 두툼한 삼겹살을 구워 먹으며 그동안 쌓인 스트레스를 말끔히 날려버립니다. 2주에 한 번 정도는 집에서 짜장면과 탕수육을 배달시켜 먹으며 아이들과 만화 영화를 보는 소소한 즐거움을 누리지만, 당뇨 때문에 단맛이 강한 춘장 소스를 많이 찍어 먹지 않으려 애쓰는 모순된 모습을 보입니다.), 여행(김재운 씨는 화려한 도시의 랜드마크보다는 강원도 평창의 울창한 숲이나 제주도의 고요한 오름처럼 자연의 숨결이 느껴지는 곳으로 가족 여행을 떠납니다. 여행지에서 유명 맛집을 찾아 줄을 서기보다 이름 모를 시골길을 정처 없이 걷다가 우연히 발견한 작은 풍경에 감탄하며 가족들과 함께 사진을 남기는 소박한 일정을 보냅니다.), 취미(마곡 지구 주변 공원 산책, 역사 및 시사 관련 유튜브 시청, 가족과 함께 떠나는 국내 자연 경관 여행) 가족/주거: 김재운 씨는 전형적인 한국의 아버지로서 가족을 위해 헌신하는 삶에 자부심을 느끼며, 특히 제도권 교육에 적응하지 못하는 자녀가 있다면 그들의 든든한 조력자가 되어주려 노력하는 다정한 아빠입니다. 가끔은 가장으로서의 권위를 세우고 싶어 헛기침을 하며 엄한 표정을 짓기도 하지만, 결국 아내의 눈짓 한 번에 꼬리를 내리고 집안일을 돕는 유순한 남편의 모습으로 돌아옵니다. 배우자·자녀와 거주, 아파트 문화/목표: 서울 강서구의 변화 과정을 몸소 겪으며 성장한 세대로, 고등학교 졸업 후 정해진 길보다는 현장에서 직접 부딪히며 배우는 삶의 가치를 믿습니다. 가족 간의 유대를 중요하게 생각하여 주말이면 자녀들과 함께 시간을 보내는 것에 최선을 다하는 전형적인 한국의 아버지 모습입니다. 학위라는 제도적 틀에 얽매이지 않고 실질적인 지식으로 인정받은 자신의 경험을 통해, 학교 교육에 적응하지 못하는 아이들이 세상에서 살아남는 법을 가르치는 든든한 조력자가 되고자 합니다. 스킬: 복잡한 사회 현상을 일상적인 사례로 풀어내어 상대방이 쉽게 이해하도록 만드는 전달력이 뛰어납니다. 다양한 연령대의 사람들과 빠르게 친해지는 친화력을 바탕으로, 갈등이 있는 상황에서 양측의 입장을 조율해 원만한 합의점을 찾아내는 중재 능력이 탁월합니다. 사회 이슈의 쉬운 설명 및 강의, 집단 내 갈등 중재 및 관계 회복, 상대방의 감정을 읽는 공감 대화법 스포츠/예술: 김재운 씨는 주말이면 등산화를 챙겨 신고 북한산이나 관악산의 가파른 능선을 오르며 땀을 흘리는 것으로 일주일의 피로를 씻어내며, 산 정상에서 마시는 시원한 생수 한 모금에 세상을 다 가진 기분을 느낍니다. 평소에는 가족들의 손을 잡고 마곡나루역 근처의 공원 산책로를 천천히 거닐며 사춘기에 접어든 자녀들의 사소한 고민거리를 들어주는 시간을 가장 소중하게 생각합니다. 김재운 씨는 거실 소파에 깊숙이 파묻혀 유튜브의 역사 다큐멘터리 채널을 탐독하며 과거의 사건들이 현대 사회에 주는 교훈을 분석하는 시간을 즐깁니다. 가끔은 TV 속의 화려한 시사 토론 프로그램에 몰입해 혼자서 논리를 반박하며 고개를 끄덕이기도 하고, 최신 유행하는 노래보다는 90년대 가요를 흥얼거리며 옛 추억에 젖어들곤 합니다.",57,"가족 생활비와 노후 준비의 균형 확보: 서울 서울-강서구 거주, 사회 교사 생활 패턴을 기준으로 자녀 관련 지출 계획화, 월 고정 주거비 관리, 취미/관심사(마곡 지구 주변 공원 산책) 지출을 조절하고 강점(사회 이슈의 쉬운 설명 및 강의)을 활용해 월별 저축 루틴을 유지하기",2470000
76,김재형,54,변호사,Male,49600000,충청남 충청남-계룡시,"김재형 씨는 정교한 법률 지식과 인문학적 감성을 동시에 지닌 50대 군 변호사로, 건강 관리의 필요성을 절감하면서도 술과 담배를 놓지 못하는 인간적인 빈틈이 있는 인물입니다. 직업/역량: 김재형 씨는 계룡시 군 법무 행정의 핵심 인물로, 쉼표 하나까지 따지는 정밀한 서면 작성으로 상대를 압도하며, 최근에는 자신이 쌓아온 실무 지침서를 후배 변호사들에게 전수하며 조직 내 멘토로서의 입지를 굳히고 있습니다. 소비·생활 단서: 음식(김재형 씨는 주중에 두세 번씩 배달 앱으로 매콤한 낙지볶음이나 청국장 같은 한식을 시켜 먹고, 가끔은 동네 단골 주점에서 시원한 생맥주에 가벼운 안주를 곁들이며 동료들과 회포를 풉니다.), 여행(김재형 씨는 휴가철이면 배우자와 자녀들을 데리고 강원도 인제나 평창의 깊은 숲속 리조트를 찾아, 아무런 계획 없이 산 능선과 푸른 풍경을 바라보며 복잡한 머릿속을 비워냅니다.), 취미(계룡산 둘레길 산책, 인문학 팟캐스트 청취, 동네 헬스장 러닝머신) 가족/주거: 김재형 씨는 엄격한 기준을 가진 아버지지만, 주말이면 가족들과 함께 계룡산 국립공원의 완만한 숲길을 천천히 걸으며 자녀들의 고민을 묵묵히 들어주는 다정한 면모를 보입니다. 배우자·자녀와 거주, 아파트 문화/목표: 충남 계룡시의 정적인 군사 도시 분위기 속에서 인문학적 소양을 유지하며, 엄격한 규율 중심의 사회적 분위기와 예술적 감수성 사이의 간극을 조율하며 성장했습니다. 전문직으로서의 사회적 권위를 유지하면서도, 자신이 구축한 체계적인 업무 처리 매뉴얼을 후배 변호사들에게 전수하는 멘토로서의 입지를 다지고자 합니다. 스킬: 국방 행정 절차의 세밀한 허점을 찾아내는 정밀한 서면 작성 능력과 군 법무 관련 복잡한 이해관계를 조정하는 전략적 협상 기술을 보유하고 있습니다. 군 행정 쟁송 서면 작성, 국방 관련 법규 해석 및 적용, 전략적 법률 협상 스포츠/예술: 김재형 씨는 퇴근 후 헬스장에서 러닝머신 위를 걸으며 하루의 피로를 풀고, 주말에는 거실 소파에 기대어 TV로 스포츠 경기를 관람하며 소소한 승부욕을 채웁니다. 김재형 씨는 예술과 인문학을 전공한 배경을 살려 출퇴근 길에 인문학 팟캐스트를 탐독하며, 군사 도시의 딱딱한 분위기 속에서도 시집 한 권을 곁에 두는 정서적 여유를 유지하려 애씁니다.",62,"은퇴 전 현금흐름 정리와 건강 지출 대비: 충청남 충청남-계룡시 거주, 변호사 생활 패턴을 기준으로 자녀 관련 지출 계획화, 월 고정 주거비 관리, 취미/관심사(계룡산 둘레길 산책) 지출을 조절하고 강점(군 행정 쟁송 서면 작성)을 활용해 월별 저축 루틴을 유지하기",2440000
77,이현석,36,경량 철골공,Male,50800000,인천 인천-미추홀구,"이현석 씨는 가족을 향한 책임감과 전문 시공 팀장이 되겠다는 목표를 가지고 정밀하게 삶을 설계해나가는 성실한 경량 철골공입니다. 직업/역량: 이현석 씨는 레이저 레벨기로 수평과 수직을 1밀리미터의 오차 없이 잡아내는 경량 철골 공사의 정밀함에 자부심을 느끼며, 현장에서 자재 낭비를 줄이려 계산기를 두드리는 습관이 있습니다. 이현석 씨는 퇴근 후 피곤한 몸을 이끌고 건축 기능사 책을 펼치며 언젠가 자신의 이름을 건 시공 팀을 이끄는 팀장이 되겠다는 구체적인 야심을 품고 있습니다. 소비·생활 단서: 음식(이현석 씨는 기름진 고기 요리보다는 나물 중심의 한식이나 동네 분식집의 떡볶이와 김밥 같은 소박한 메뉴로 한 끼를 해결하는 식습관을 가지고 있습니다. 이현석 씨는 배달 음식의 자극적인 맛보다는 시장 상인의 투박한 손맛이 담긴 한식을 찾아다니며 소소한 만족감을 얻습니다.), 여행(이현석 씨는 가족들의 취향을 맞추는 여행 대신 가끔 혼자 배낭을 메고 낯선 도시의 전통시장을 찾아다니는 식도락 여행을 떠납니다. 이현석 씨는 이름 모를 시장 골목의 작은 식당에서 나물 비빔밥 한 그릇이나 따뜻한 잔치국수를 먹으며 오직 자신에게만 집중하는 고요한 시간을 보냅니다.), 취미(수봉공원 조깅 및 빠르게 걷기, UFC 및 격투기 경기 분석 관람, 전국 나물 비빔밥 및 국수 맛집 탐방) 가족/주거: 이현석 씨는 미추홀구의 오래된 골목 정서를 간직한 채 자라나, 이제는 한 가정의 가장으로서 배우자와 자녀를 위해 헌신하는 책임감 강한 아버지입니다. 이현석 씨는 전월세 집이라는 불안정한 주거 환경을 개선해 가족들에게 더 넓고 안락한 보금자리를 마련해주겠다는 일념으로 매일 건설 현장으로 향합니다. 배우자·자녀와 거주, 주택 이외의 거처 문화/목표: 인천 미추홀구의 오래된 골목과 신축 빌라가 뒤섞인 동네에서 성장하며 지역 사회의 정겨운 분위기에 익숙합니다. 전문대학 졸업 후 곧바로 건설 현장에 뛰어들어 몸으로 부딪치며 익힌 성실함이 삶의 기본 태도가 되었으며, 가장으로서 가족을 부양하는 책임감을 최우선으로 여기며 살아왔습니다. 단순한 기능공을 넘어 자신만의 시공 팀을 꾸려 소규모 공사를 책임지는 전문 시공 팀장이 되는 것을 목표로 합니다. 현장 경험에 이론적 깊이를 더하기 위해 퇴근 후 틈틈이 건축 관련 기능사 자격증 취득을 준비하며 기술적 입지를 다지고 있습니다. 스킬: 건축 도면의 수치를 정확하게 해석하여 천장과 벽체의 뼈대를 오차 없이 세우는 정밀 시공 능력을 갖추고 있습니다. 레이저 레벨기를 활용해 수평과 수직을 완벽하게 맞추며, 현장에서 발생하는 변수에 맞춰 자재 소요량을 빠르게 계산해 낭비를 줄이는 효율적인 작업 방식을 운용합니다. 건축 도면 해석 및 실측, 레이저 레벨기 정밀 수평 작업, 경량 철골 자재 산출 및 관리 스포츠/예술: 이현석 씨는 주말마다 헬스장에서 무거운 덤벨을 들며 근력을 키우고, 유튜브로 션 오말리나 이슬람 마카체프 같은 UFC 파이터들의 경기 영상을 보며 타격 기술과 전략을 분석하는 시간으로 스트레스를 풉니다. 이현석 씨는 격투기 경기의 치열한 공방전을 보며 일상의 답답함을 해소하고 정신적인 카타르시스를 느낍니다. 이현석 씨는 작업 현장의 소음에서 벗어나 조용히 이어폰을 꽂고 좋아하는 음악을 감상하거나, 거실 소파에 누워 TV 프로그램을 보며 멍하게 시간을 보내는 휴식을 즐깁니다. 이현석 씨는 가끔 가족들과 함께 공연장이나 경기장을 직접 찾아가 현장의 생생한 열기를 피부로 느끼는 활동에서 살아있음을 느낍니다.",71,"주거 안정과 중기 목돈 마련: 인천 인천-미추홀구 거주, 경량 철골공 생활 패턴을 기준으로 자녀 관련 지출 계획화, 주거비 안정화, 취미/관심사(수봉공원 조깅 및 빠르게 걷기) 지출을 조절하고 강점(건축 도면 해석 및 실측)을 활용해 월별 저축 루틴을 유지하기",2620000
78,이윤환,54,금속 세척기 조작원,Male,47800000,경상남 경상남-거제시,"이윤환 씨는 거제도 조선소 단지에서 묵묵히 기계를 돌리며, 롯데 자이언츠와 가족, 그리고 소박한 시장 밥상에 만족하며 살아가는 50대 미혼 남성입니다. 직업/역량: 이윤환 씨는 거제도의 금속 세척 설비 앞에서 기계가 내는 미세한 쇳소리만으로도 어디가 고장 났는지 맞히는 베테랑 조작원입니다. 이윤환 씨는 화려한 승진보다는 그저 무사고로 정년을 맞이해 후배들에게 믿음직한 선배로 기억되는 삶을 꿈꿉니다. 소비·생활 단서: 음식(이윤환 씨는 일주일에 다섯 번 이상 고현 시장의 백반집에서 고기가 들어가지 않은 나물 반찬 위주의 식사를 하며 하루를 마무리합니다. 이윤환 씨는 일주일에 한 번쯤 치킨을 배달시켜 먹으며 기름진 맛으로 일주일의 피로를 씻어냅니다.), 여행(이윤환 씨는 명절이나 휴가 때면 가족들과 함께 경남 곳곳의 산과 바다를 찾아다니며 풍경을 감상하는 여행을 떠납니다. 이윤환 씨는 유명 관광지의 북적임보다는 한적한 자연 속에서 가족들과 도란도란 이야기를 나누는 시간을 가장 소중히 여깁니다.), 취미(롯데 자이언츠 야구 경기 관람, 거제면 숲길 산책 및 등산, 유튜브 e스포츠 경기 하이라이트 시청) 가족/주거: 이윤환 씨는 비록 혼자 살고 있지만, 가족들과의 끈끈한 유대감을 유지하며 정서적인 의지를 얻습니다. 이윤환 씨는 무뚝뚝한 성격임에도 불구하고 가족 여행지에서는 세심하게 짐을 챙기며 자신의 애정을 표현합니다. 혼자 거주, 아파트 문화/목표: 거제시의 조선소 배후 단지에서 오랜 시간 근무하며 도시의 성장과 침체기를 몸소 겪어온 산업 현장의 일원입니다. 퇴근 후에는 고현 시장 주변의 소박한 식당가에서 식사를 해결하며 하루의 피로를 푸는 일상을 보냅니다. 갑작스러운 변화보다는 현재의 숙련도를 유지하며 사고 없이 정년까지 무사히 근무하는 것을 최우선으로 하며, 동료들에게 믿음직한 선임으로 남기를 바랍니다. 스킬: 금속 표면의 이물질을 제거하는 세척 설비의 정밀한 온도와 압력 조절에 능숙하며, 기계의 작은 소음 변화만으로도 고장 징후를 빠르게 잡아냅니다. 산업용 금속 세척 설비 운용, 화학 세정제 배합 및 농도 관리, 기계 설비 일일 점검 및 유지보수 스포츠/예술: 이윤환 씨는 롯데 자이언츠 경기가 있는 날이면 텔레비전 앞에서 목이 터져라 응원하며 일주일의 스트레스를 풉니다. 이윤환 씨는 가끔 직접 경기장을 찾아가 현장의 열기를 느끼거나, 최근에는 젊은 사람들이 즐기는 전자 스포츠 경기를 구경하며 시간을 보냅니다. 이윤환 씨는 정교한 예술 작품보다는 외도 보타니아의 잘 가꿔진 정원이나 자연이 주는 색감에서 마음의 평온을 얻습니다. 이윤환 씨는 퇴근 후 인터넷 영상 속의 이국적인 풍경 사진을 멍하니 바라보며 복잡한 생각들을 정리하곤 합니다.",53,"은퇴 전 현금흐름 정리와 건강 지출 대비: 경상남 경상남-거제시 거주, 금속 세척기 조작원 생활 패턴을 기준으로 1인 생활비와 자기계발비 통제, 월 고정 주거비 관리, 취미/관심사(롯데 자이언츠 야구 경기 관람) 지출을 조절하고 강점(산업용 금속 세척 설비 운용)을 활용해 월별 저축 루틴을 유지하기",2470000
79,김제원,29,무직,Male,0,서울 서울-마포구,"김제원 씨는 마포구에 거주하며 안정적인 건설사 취업을 준비하는, 현실적이고 부드러운 성격을 가진 29세 공학도입니다. 직업/역량: 김제원 씨는 오토캐드로 정밀한 도면을 그리고 구조물의 하중을 계산하는 일에 능숙하며, 이론적인 공부보다는 실제 기계를 직접 분해하고 조립하며 작동 원리를 파악하는 실천적인 감각이 뛰어납니다. 현재는 적당히 묻어갈 수 있는 무난한 분위기의 중견 건설사 설계팀 입사를 목표로 하며, 퇴근 후의 개인적 시간이 확실히 보장되는 안정적인 삶을 꿈꿉니다. 소비·생활 단서: 음식(김제원 씨는 일주일에 두세 번 정도 홍대 인근의 단골 고깃집에서 지글지글 익는 삼겹살에 소주를 곁들이며 일상의 답답함을 해소합니다. 일주일에 한 번 정도는 집에서 편하게 치킨을 배달시켜 먹으며 밀린 유튜브 영상을 시청하는 것으로 한 주를 마무리하는 소소한 즐거움을 누립니다.), 여행(김제원 씨는 친구나 연인과 함께 해외여행을 떠나면 현지의 유명한 편집숍과 쇼핑몰을 구석구석 돌아다니며 세련된 소품과 의류를 구경하고 구매하는 일에 집중합니다. 유명 관광지를 바쁘게 순례하는 일정 대신, 마음에 드는 상점을 발견하면 그곳에서 한참을 머물며 시간을 보내는 느긋한 여행 방식을 즐깁니다.), 취미(인왕산 자락길 산책, 리움미술관 전시 관람, 일본 도쿄 빈티지 숍 쇼핑) 가족/주거: 김제원 씨는 어머니가 정성껏 차려주신 따뜻한 집밥을 먹으며 정서적 위안을 얻지만, 서른을 앞둔 무직자라는 현실 때문에 식탁 위의 정적이 가끔은 무겁게 느껴집니다. 어머니와는 대체로 원만한 관계를 유지하면서도, 자신의 진로 문제에 대해서는 적당한 거리감을 두어 불필요한 갈등을 피하려는 경향이 있습니다. 어머니와 동거, 아파트 문화/목표: 마포구의 조용한 아파트 단지에서 나고 자라며 정서적 안정감을 누렸지만, 서른을 앞두고 무직 상태라는 현실 사이에서 오는 묘한 괴리감을 어머니의 따뜻한 집밥과 적당한 거리감으로 달래며 지냅니다. 너무 튀지 않으면서도 자신의 몫을 충분히 해낼 수 있는 중견 건설사의 설계팀에 들어가, 정해진 퇴근 시간 이후의 개인적인 삶이 보장되는 안정적인 직장인이 되기를 바랍니다. 스킬: 전공을 살려 오토캐드로 도면을 그리거나 구조물의 하중을 계산하는 일에 능숙하며, 이론적인 설명보다 실제 제품을 직접 분해하고 조립하며 작동 원리를 빠르게 파악하는 감각이 좋습니다. 오토캐드 도면 설계, 건축 구조 역학 계산, 기계 장치 분해 및 조립 스포츠/예술: 김제원 씨는 주말이면 편안한 트레이닝복 차림으로 인왕산 자락길을 천천히 걸으며 복잡한 머릿속을 정리하는 시간을 갖습니다. 격렬한 운동보다는 동네 골목을 산책하거나 친구들과 함께 걷는 등 일상 속에서 가볍게 몸을 움직이는 활동을 통해 신체적 활력을 유지합니다. 김제원 씨는 리움미술관의 정적인 공간에서 현대 미술 작품들을 천천히 감상하며 혼자만의 사색에 잠기는 시간을 소중하게 여깁니다. 화려하고 시끄러운 공연보다는 차분한 분위기의 전시회를 찾아다니며 시각적인 자극을 통해 정서적인 안정을 찾고 생각을 정리하곤 합니다.",48,"비상금과 커리어 전환 자금 마련: 서울 서울-마포구 거주, 무직 생활 패턴을 기준으로 1인 생활비와 자기계발비 통제, 월 고정 주거비 관리, 취미/관심사(인왕산 자락길 산책) 지출을 조절하고 강점(오토캐드 도면 설계)을 활용해 월별 저축 루틴을 유지하기",500000
80,김이현,23,제관기 조작원,Male,27000000,인천 인천-미추홀구,"김이현 씨는 인천에서 제관기를 다루는 기술직 청년으로, 대가족의 따뜻함과 식도락의 즐거움 사이에서 즉흥적으로 살아가는 20대입니다. 직업/역량: 김이현 씨는 인천의 금속 가공 공장에서 철판 두께와 재질에 맞춰 제관기 압력을 미세하게 조정하며 도면 그대로의 제품을 뽑아내는 현장 실무에 능숙합니다. 작업 중 효율적인 동선을 찾아내어 공정을 개선하려는 욕심이 있지만, 정작 작업 일지를 꼼꼼하게 기록하거나 서류를 정리하는 일에는 금방 실증을 느끼곤 합니다. 소비·생활 단서: 음식(김이현 씨는 일주일에 두세 번은 반드시 두툼한 삼겹살이나 양념 갈비를 구워 먹으러 가며, 가끔은 육즙이 가득한 수제 버거와 페퍼로니 피자로 한 끼를 해결합니다. 일주일에 한 번 정도는 집에서 배달 앱으로 치킨을 시켜 먹으며 혼자만의 여유를 만끽합니다.), 여행(김이현 씨는 주말이면 친구들과 함께 대전의 성심당이나 제주의 흑돼지 거리처럼 특정 음식이 유명한 지역을 목적지로 잡고 떠나는 식도락 여행을 즐깁니다. 세부적인 일정표를 짜기보다 그날그날 기분에 따라 끌리는 식당에 무작정 들어가는 즉흥적인 여행 방식을 고수합니다.), 취미(전국 유명 고기 맛집 탐방, 코인 노래방 최신곡 부르기, 전략 보드게임) 가족/주거: 김이현 씨는 조부모님부터 부모님까지 함께 사는 대가족 환경 덕분에 어른들과 스스럼없이 농담을 주고받고 살갑게 소통하는 법을 자연스럽게 익혔습니다. 가끔은 가족들의 과도한 관심이 숨 막힐 때가 있어 방 안으로 숨어버리기도 하지만, 거실에서 다 같이 과일을 깎아 먹으며 TV를 보는 시간을 내심 좋아합니다. 기타3세대, 주택 이외의 거처 문화/목표: 인천 미추홀구의 오래된 주택가와 현대적인 상권이 공존하는 환경에서 자랐으며, 조부모님과 부모님을 모두 모시는 3세대 가정의 분위기 속에서 어른들과 자연스럽게 소통하는 법을 익혔습니다. 당장은 기계 조작 숙련도를 높이는 데 집중하고 있으며, 나중에는 현장 흐름을 꿰뚫는 관리자가 되어 작업 효율을 개선하는 성취감을 느끼고 싶어 합니다. 스킬: 철판의 두께와 재질에 따라 제관기의 압력을 세밀하게 조절하여 도면과 한 치의 오차 없이 제품을 뽑아내는 현장 실무 능력을 갖추고 있습니다. 제관기 정밀 조작, 금속 도면 해석, 철강 재료 특성 파악 스포츠/예술: 김이현 씨는 땀 흘리는 격렬한 운동보다는 퇴근 후 소파에 누워 완전히 휴식하거나 집 주변을 느긋하게 걷는 정적인 활동으로 에너지를 충전합니다. 가끔 친구들의 성화에 못 이겨 에버랜드 같은 놀이공원에 가서 온종일 돌아다니며 활동량을 채우기도 합니다. 김이현 씨는 퇴근길에 코인 노래방에 들러 최신 유행하는 아이돌 노래나 힙합 곡을 목청껏 부르며 하루의 스트레스를 날려버립니다. 평소에는 텔레비전 예능 프로그램을 멍하게 시청하며 웃는 시간을 좋아하고, 보드게임의 복잡한 규칙을 파헤치며 승부를 겨루는 과정에서 소소한 성취감을 느낍니다.",51,"비상금과 커리어 전환 자금 마련: 인천 인천-미추홀구 거주, 제관기 조작원 생활 패턴을 기준으로 1인 생활비와 자기계발비 통제, 주거비 안정화, 취미/관심사(전국 유명 고기 맛집 탐방) 지출을 조절하고 강점(제관기 정밀 조작)을 활용해 월별 저축 루틴을 유지하기",1550000
81,김혁재,44,경기 기록원,Male,51100000,대전 대전-유성구,"김혁재 씨는 유성구의 단독주택에 살며 야구 기록원으로 일하는, 수학적 냉철함과 인간적인 느슨함을 동시에 가진 40대 미혼 남성입니다. 직업/역량: 김혁재 씨는 한화 이글스 파크에서 찰나의 타구 방향과 주자 움직임을 수치로 바꿔내는 야구 기록원이며, 수학적 논리로 경기 흐름을 꿰뚫어 보지만 정작 자신의 책상 위 서류 뭉치는 늘 제멋대로 쌓아두는 습관이 있습니다. 소비·생활 단서: 음식(김혁재 씨는 일주일에 한 번 유성구 시장 골목의 정갈한 나물 비빔밥 집을 찾거나, 기분 전환이 필요할 때 동네 일식집에서 두툼한 돈카츠 정식을 천천히 씹어 먹습니다.), 여행(김혁재 씨는 오래된 SUV에 캠핑 장비를 가득 싣고 충북 괴산의 한적한 숲속으로 떠나 장작 타는 소리를 들으며, 가끔은 부모님을 모시고 제주도 오름의 능선을 따라 천천히 걷는 여행을 떠납니다.), 취미(대청호반 드라이브, 괴산 숲속 캠핑, 일본식 텐동 맛집 탐방) 가족/주거: 김혁재 씨는 혼자 살며 자유로운 일상을 보내지만, 주말이면 부모님 댁에 들러 투박하게 썰어낸 과일을 함께 먹으며 가족들과 소소한 안부를 나누는 시간을 소중히 여깁니다. 혼자 거주, 단독주택 문화/목표: 유성구의 한적한 주택가에서 오래 거주하며 연구단지의 차분한 분위기에 익숙해졌고, 수학을 전공한 덕분에 세상의 복잡한 일들을 수치와 논리로 단순하게 정리해 바라보는 습관이 있습니다. 큰 명예나 고소득보다는 좋아하는 스포츠 현장에 계속 머무르며 기록원으로서의 전문성을 유지하고, 퇴근 후에는 내 집 마당에서 소박하게 시간을 보내는 평온한 일상을 지키려 합니다. 스킬: 경기 흐름을 빠르게 읽어내어 찰나의 상황을 정확한 기록지로 옮기는 능력이 탁월하며, 특히 야구 경기의 세밀한 상황별 기록 분석과 통계 산출에 능숙합니다. 야구 공식 기록법, 실시간 경기 데이터 집계, 스포츠 규정 해석 및 적용 스포츠/예술: 김혁재 씨는 경기 기록지 위에 펜을 굴리며 세이버메트릭스 데이터를 분석하는 일에 몰두하며, 쉬는 날에는 동네 야구 동호회 사람들과 어울려 시시콜콜한 경기 전술에 대해 밤새 떠드는 시간을 즐깁니다. 김혁재 씨는 거실의 낡은 소파에 누워 유튜브로 옛날 야구 하이라이트 영상을 돌려보거나, 비 오는 날 창밖으로 보이는 마당의 배롱나무 풍경을 멍하게 바라보며 마음을 정리합니다.",62,"가족 생활비와 노후 준비의 균형 확보: 대전 대전-유성구 거주, 경기 기록원 생활 패턴을 기준으로 1인 생활비와 자기계발비 통제, 주거비 안정화, 취미/관심사(대청호반 드라이브) 지출을 조절하고 강점(야구 공식 기록법)을 활용해 월별 저축 루틴을 유지하기",2770000
82,서진석,38,식품 영업원,Male,61700000,경기 경기-부천시 원미구,"서진석 씨는 ICT 전공 지식을 영업에 녹여내는 유능한 식품 영업원이자, 인테리어 소품 수집과 나홀로 여행을 즐기는 30대 후반의 미혼 남성입니다. 직업/역량: 서진석 씨는 부천 지역의 식당들을 돌며 식자재를 공급하는 영업직으로, 전공인 정보통신기술을 활용해 엑셀로 거래처별 발주 주기를 정밀하게 분석해 효율적으로 움직입니다. 서진석 씨는 특유의 넉살로 식당 사장님들의 가려운 곳을 긁어주며 신제품 입점을 빠르게 성사시키지만, 가끔은 성과에 집착해 무리한 납기 약속을 잡고 밤잠을 설치곤 합니다. 소비·생활 단서: 음식(서진석 씨는 퇴근 후 단골 고깃집에서 두툼한 삼겹살에 소주 한 잔을 들이켜며 업무 스트레스를 날려버립니다. 서진석 씨는 점심시간에는 주로 수제 버거 세트나 피자 조각으로 빠르게 끼니를 해결하며, 배달 음식보다는 직접 매장을 찾아가 먹는 활기찬 분위기를 즐깁니다.), 여행(서진석 씨는 낯선 도시의 골목길을 혼자 걷는 시티투어를 즐기며, 정해진 일정표 없이 발길 닿는 대로의 여정을 선호합니다. 서진석 씨는 여행지에서도 현지의 세련된 카페나 소품숍을 찾아다니며 사진을 찍고 기록하는 일에 집중합니다.), 취미(성수동 가구 거리 투어, 유튜브 인테리어 채널 시청, 전국 유명 수제버거 맛집 방문) 가족/주거: 서진석 씨는 부천 원미구의 오래된 아파트에서 부모님을 모시고 살며 효심과 독립 열망 사이에서 매일 미묘한 갈등을 겪습니다. 서진석 씨는 부모님의 잔소리에 순간적으로 짜증을 내다가도, 어느새 부모님이 좋아하는 밑반찬을 챙겨오는 다정한 아들의 모습을 보입니다. 부모와 동거, 아파트 문화/목표: 부천 원미구의 오래된 동네에서 성장하며 도시의 편리함과 정겨움을 동시에 경험했고, 대학 시절 정보통신기술을 전공하며 디지털 전환기를 몸소 겪었으나 현재는 부모님과 함께 살며 효도와 독립 사이의 미묘한 갈등을 안고 살아가는 30대 후반입니다. 현장에서 쌓은 유통 노하우를 바탕으로 부천 인근에 자신만의 특색 있는 소규모 식품 중개 브랜드를 런칭하고, 경제적 자립을 통해 부모님을 모실 수 있는 쾌적한 집을 마련하려 합니다. 스킬: ICT 전공 지식을 영업 현장에 접목해 거래처별 발주 패턴을 데이터로 정리하고, 넉살 좋은 성격으로 식당 사장님들의 가려운 곳을 긁어주며 신규 품목 입점을 빠르게 성사시킵니다. 거래처 맞춤형 납품 경로 최적화, 식품 유통 시장 트렌드 분석, 엑셀 기반의 매출 데이터 관리 스포츠/예술: 서진석 씨는 헬스장이나 체육관에 등록하는 대신 차를 몰고 외곽으로 나가는 드라이브에서 해방감을 느끼며 시간을 보냅니다. 서진석 씨는 격렬한 운동보다는 주말이면 한적한 도로를 달리며 좋아하는 음악 리스트를 크게 틀어놓고 스트레스를 풉니다. 서진석 씨는 한남동의 작은 갤러리나 편집숍을 돌아다니며 미니멀한 디자인의 오브제나 독특한 질감의 화병을 수집하는 것에 몰두합니다. 서진석 씨는 집안 분위기를 바꾸기 위해 조명의 조도와 가구 배치를 수시로 변경하며 자신만의 공간을 가꾸는 일에서 심리적 안정을 찾습니다.",52,"주거 안정과 중기 목돈 마련: 경기 경기-부천시 원미구 거주, 식품 영업원 생활 패턴을 기준으로 부모님 부양 비용 관리, 월 고정 주거비 관리, 취미/관심사(성수동 가구 거리 투어) 지출을 조절하고 강점(거래처 맞춤형 납품 경로 최적화)을 활용해 월별 저축 루틴을 유지하기",3390000
83,김미경,45,무직,Female,0,경기 경기-고양시 일산동구,"김미경 씨는 가족의 갈등 속에서도 긍정적인 사회성과 계획성을 바탕으로 산림치유지도사라는 새로운 꿈을 꾸며 살아가는 40대 여성입니다. 직업/역량: 김미경 씨는 현재 직업은 없지만 산림치유지도사 자격증 교재를 꼼꼼하게 정리하며 제2의 인생을 준비하는 수험생의 일상을 보내고 있습니다. 동네 친구들의 모임 장소를 섭외하고 세부 일정을 짜는 일에 능숙해, 주변에서는 이미 그녀를 실질적인 행사 기획자로 믿고 의지합니다. 소비·생활 단서: 음식(김미경 씨는 일산동구 골목에 숨어 있는 태국 음식점의 똠얌꿍이나 베트남 쌀국수 가게를 찾아다니며 이국적인 풍미를 탐색하는 미식가입니다. 외식하는 날에는 고기구이 대신 정갈한 나물 정식을 선택하며, 평일에는 배달 앱으로 다양한 외국 요리를 주문해 아이들과 함께 나누어 먹습니다.), 여행(김미경 씨는 마음 맞는 친구들과 함께 강원도 정선의 깊은 산세가 보이는 펜션을 예약해 자연 풍경을 멍하니 바라보는 여행을 즐깁니다. 꼼꼼하게 짠 계획표대로 움직이면서도, 우연히 발견한 예쁜 카페가 있으면 망설임 없이 일정을 변경해 방문하는 유연함을 보입니다.), 취미(가평 숲속 캠핑 및 삼림욕, 동남아시아 요리 맛집 탐방, 모바일 전략 및 퍼즐 게임) 가족/주거: 김미경 씨는 배우자와 별거 중인 상황에서 오는 외로움을 아이들에 대한 지극한 정성과 책임감으로 메우며 일상을 버텨내고 있습니다. 겉으로는 쾌활한 엄마의 모습을 보이지만, 가끔 거실에 홀로 앉아 있을 때면 밀려오는 불안함에 손톱을 깨무는 버릇이 있습니다. 자녀와 거주 (배우자 별거), 아파트 문화/목표: 일산 호수공원 근처 아파트에서 자녀를 키우며, 배우자와의 별거라는 개인적인 갈등을 겪으면서도 친구들과의 끈끈한 유대감으로 일상을 지탱합니다. 고등학교 졸업 후 빠르게 사회의 흐름을 익혔으며, 겉으로는 쾌활하고 사교적이지만 내면에는 가족에 대한 책임감과 말 못한 불안함을 동시에 안고 살아갑니다. 현재는 가정에 집중하고 있지만, 평소 관심 있던 산림욕과 자연 치유를 접목해 산림치유지도사 자격증 취득을 준비하며 제2의 인생을 설계하고 있습니다. 타인의 마음을 잘 읽는 강점을 살려 나중에 비슷한 처지의 사람들을 돕는 작은 상담소나 커뮤니티 공간을 운영하고 싶어 합니다. 스킬: 주변 사람들의 성향을 빠르게 파악해 갈등을 중재하는 능력이 뛰어나며, 친구들과의 여행이나 모임을 주도할 때 숙소 예약부터 세부 일정까지 꼼꼼하게 챙기는 계획성을 보여줍니다. 특히 최신 뷰티 정보나 동네의 숨은 맛집을 찾아내어 공유하는 정보 수집 능력이 탁월합니다. 그룹 여행 세부 일정 설계, 갈등 중재 및 정서적 케어, 최신 뷰티 및 피부 관리 정보 탐색 스포츠/예술: 김미경 씨는 가평의 잣나무 숲이나 양평의 오솔길을 찾아가 천천히 숨을 들이마시는 산림욕에서 가장 큰 정서적 활력을 얻습니다. 거창한 운동보다는 아이들과 함께 호수공원 산책로를 걷거나 캠핑장에서 텐트를 치고 장비를 정리하는 움직임을 통해 신체 활동을 채웁니다. 김미경 씨는 아이들이 잠든 고요한 밤, 스마트폰으로 화려한 색감의 퍼즐 게임을 하나하나 맞춰가며 하루의 스트레스를 해소합니다. 최신 메이크업 트렌드나 피부 관리법을 찾아보고 이를 자신의 얼굴에 직접 시도하며 외모를 가꾸는 시간에서 심미적인 만족감을 느낍니다.",55,"가족 생활비와 노후 준비의 균형 확보: 경기 경기-고양시 일산동구 거주, 무직 생활 패턴을 기준으로 자녀 관련 지출 계획화, 월 고정 주거비 관리, 취미/관심사(가평 숲속 캠핑 및 삼림욕) 지출을 조절하고 강점(그룹 여행 세부 일정 설계)을 활용해 월별 저축 루틴을 유지하기",500000
84,김동연,54,보육교사,Female,51200000,경기 경기-수원시 영통구,"김동연 씨는 수원 영통에서 보육교사로 일하며 성실한 일상을 살아가지만, 내면에는 예술적 상상력과 자유로운 삶을 꿈꾸는 50대 여성입니다. 직업/역량: 김동연 씨는 수원 영통의 어린이집에서 아이들의 엉뚱한 낙서 하나도 놓치지 않고 관찰 일지로 남기는 세심한 보육교사입니다. 김동연 씨는 정해진 교육 과정에 자신만의 예술적 감각을 더해 종이컵과 색종이만으로 근사한 입체 마을을 만드는 놀이 수업을 진행하며 학부모들의 전폭적인 신뢰를 얻고 있습니다. 소비·생활 단서: 음식(김동연 씨는 일주일에 한 번, 정갈한 나물 반찬이 나오는 보리밥집이나 자극적인 짬뽕 국물이 당기는 중국집에서 소소한 외식의 즐거움을 누립니다. 김동연 씨는 배달 음식을 거의 시키지 않지만, 한 달에 한 번 정도는 가족들과 함께 짜장면을 시켜 먹으며 느긋한 주말 저녁을 보냅니다.), 여행(김동연 씨는 오랜 친구들과 함께 강원도 평창의 전나무 숲길이나 제주도의 오름을 찾아가 말없이 풍경을 응시하는 여행을 즐깁니다. 김동연 씨는 유명 관광지의 북적임보다는 이끼 낀 돌담이나 이름 모를 들꽃이 핀 조용한 숲길에서 깊은 해방감을 느낍니다.), 취미(광교 호수공원 숲길 산책, 일본 고전 만화 정주행, 동네 목욕탕에서 즐기는 온욕) 가족/주거: 김동연 씨는 수원 영통의 아파트에서 배우자와 자녀들을 위해 성실하게 가정을 돌보면서도, 가끔은 모든 역할에서 벗어나 오롯이 자신으로 존재하고 싶은 갈망을 품고 삽니다. 김동연 씨는 가족들을 향한 깊은 애정과 더불어, 혼자만의 서재에서 누구의 방해도 받지 않고 책을 읽는 정적의 시간을 무엇보다 소중히 여깁니다. 배우자·자녀와 거주, 아파트 문화/목표: 수원 영통의 정돈된 아파트 단지에서 생활하며 보육교사로서의 성실한 삶을 꾸려왔지만, 내면에는 늘 정해진 틀을 벗어나고 싶은 갈망이 있습니다. 교육학을 전공한 안정적인 배경 위에 낯선 예술적 취향과 상상력을 덧입혀, 평범한 일상 속에서도 자신만의 작은 세계를 구축해온 인물입니다. 현재의 보육 현장에서 아이들이 정답에 얽매이지 않고 자유롭게 상상력을 펼칠 수 있는 교육 환경을 만드는 것에 보람을 느낍니다. 먼 미래에는 아이들과 함께 그림책을 만들거나 작은 예술 공방을 운영하며 교육과 예술이 맞물린 삶을 사는 것을 바랍니다. 스킬: 아이들의 작은 행동 변화를 놓치지 않고 기록하는 세밀한 관찰력과 함께, 정해진 교육 커리큘럼을 자신만의 창의적인 놀이 방식으로 변주하여 전달하는 능력이 뛰어납니다. 어떤 돌발 상황에서도 당황하지 않고 침착하게 중심을 잡으며 학부모들과의 신뢰 관계를 형성하는 데 능숙합니다. 영유아 발달 단계별 맞춤형 관찰 기록, 창의적 놀이 중심 교육 프로그램 설계, 학부모 심리 상담 및 갈등 중재 스포츠/예술: 김동연 씨는 주말 오후면 광교 호수공원의 산책로를 천천히 걸으며 발끝에 닿는 계절의 질감과 바람의 냄새를 기록하는 시간을 갖습니다. 김동연 씨는 격렬한 운동보다는 느릿한 걸음으로 생각의 타래를 정리하며 몸과 마음의 균형을 맞춥니다. 김동연 씨는 동네 만화방 구석진 자리에 앉아 '슬램덩크' 같은 고전 시리즈를 정주행하며 현실의 고단함을 잠시 잊어버립니다. 김동연 씨는 거실에 클래식 음악을 낮게 깔아두고 아이들과 함께 만들 그림책의 밑그림을 그리며 자신만의 작은 예술 세계를 가꿉니다.",65,"은퇴 전 현금흐름 정리와 건강 지출 대비: 경기 경기-수원시 영통구 거주, 보육교사 생활 패턴을 기준으로 자녀 관련 지출 계획화, 월 고정 주거비 관리, 취미/관심사(광교 호수공원 숲길 산책) 지출을 조절하고 강점(영유아 발달 단계별 맞춤형 관찰 기록)을 활용해 월별 저축 루틴을 유지하기",2520000
85,김현지,25,무직,Female,0,광주 광주-광산구,"김현지 씨는 광주에서 공무원 시험을 준비하며 엄격한 자기 관리와 활발한 사교성을 동시에 가진 25세 청년입니다. 직업/역량: 김현지 씨는 광주 시내 독서실의 지정석에서 매일 아침 9시부터 밤 10시까지 플래너의 빈칸을 꼼꼼히 채우며 공무원 시험 합격을 준비합니다. 전문대학 시절 익힌 행정 실무 능력을 살려 자격증 공부를 병행하지만, 가끔은 자신의 완벽주의적 잣대로 주변 수험생의 공부법을 지적했다가 금세 미안해하며 간식을 건네곤 합니다. 소비·생활 단서: 음식(김현지 씨는 제철 나물을 무쳐 슥슥 비빈 비빔밥을 직접 만들어 먹으며 정갈한 한식의 맛을 즐깁니다. 배달 음식의 자극적인 맛 대신 동네 빵집의 고소한 소금빵이나 고기를 뺀 담백한 한식당의 메뉴를 선택해 주 2~3회 외식을 즐깁니다.), 여행(김현지 씨는 주말이면 친구들과 함께 담양 메타세쿼이아 길을 걸으며 쭉 뻗은 나무 사이로 떨어지는 빛의 각도를 세심하게 살핍니다. 화려한 관광지보다는 자연 풍경이 주는 압도적인 평온함을 선호하며, 천천히 걷는 여행 속에서 수험 생활로 지친 정서적 허기를 채웁니다.), 취미(새벽 수영과 헬스, 천연 발효종 빵집 탐방, 나물 위주의 한식 요리) 가족/주거: 김현지 씨는 광산구 아파트에서 독립해 홀로 지내지만, 주기적으로 가족을 방문해 살뜰하게 안부를 챙깁니다. 집 안에서는 늘 입던 낡은 면 티셔츠 차림으로 물건들을 정해진 순서대로 각 잡고 정리하며 혼자만의 고요한 시간을 보내는 것으로 에너지를 충전합니다. 혼자 거주, 아파트 문화/목표: 광주 광산구의 조용한 아파트 단지에서 혼자 지내며, 주말이면 수완지구의 북적이는 카페거리에서 친구들을 만나 분위기를 주도합니다. 겉으로는 활달하지만 집에서는 늘 입던 낡은 면 티셔츠를 입고 정해진 순서대로 집안일을 정리하며 안정을 찾는 정적인 면이 함께 있습니다. 공무원 시험처럼 정답이 명확하고 안정적인 직종을 준비하며, 매일 정해진 시간에 독서실 책상에 앉아 계획표의 빈칸을 채워나가는 성취감을 중요하게 생각합니다. 사회적으로 인정받는 위치에 오르고 싶어 하는 욕심이 있어, 공부하는 틈틈이 실무 자격증 취득에 매달리기도 합니다. 스킬: 전문대학에서 익힌 행정 실무 능력을 바탕으로 복잡한 서류를 빠르게 정리하며, 처음 보는 사람과도 금세 친해져 대화를 이끌어내는 소통 능력이 뛰어납니다. 가끔 자신의 기준이 너무 확고해 타인에게 날카로운 지적을 던지는 습관이 있지만, 곧바로 사과하며 관계를 회복하는 유연함도 갖췄습니다. 효율적인 일정 관리 툴 활용, 분위기를 주도하는 대화법, 기초 행정 문서 작성 스포츠/예술: 김현지 씨는 새벽 공기를 뚫고 수영장으로 향해 정해진 레인을 왕복하며 하루의 성취감을 먼저 맛봅니다. 수영 후에는 헬스장에서 가벼운 근력 운동으로 체력을 관리하며, 공부로 쌓인 정신적 피로가 극심한 날에는 뜨거운 사우나에서 땀을 빼며 휴식을 취합니다. 김현지 씨는 수완지구의 감각적인 카페 거리에서 친구들의 사진을 찍어주며 모임의 분위기를 주도하는 역할을 맡습니다. 자연의 색감을 담은 풍경 사진 찍기에 관심이 많아, 카메라 렌즈를 통해 세상을 바라보며 일상의 정적인 평온함을 기록하는 시간을 소중히 여깁니다.",55,"비상금과 커리어 전환 자금 마련: 광주 광주-광산구 거주, 무직 생활 패턴을 기준으로 1인 생활비와 자기계발비 통제, 월 고정 주거비 관리, 취미/관심사(새벽 수영과 헬스) 지출을 조절하고 강점(효율적인 일정 관리 툴 활용)을 활용해 월별 저축 루틴을 유지하기",500000
86,배정연,57,무직,Female,0,경상북 경상북-영천시,"배정연 씨는 경북 영천에서 알뜰한 살림 솜씨와 배드민턴으로 활력을 찾는, 실용적이고 강단 있는 50대 후반의 여성입니다. 직업/역량: 배정연 씨는 경북 영천의 자가 아파트에서 수십 년간 살림을 도맡으며 불필요한 지출을 깎아내는 실무적인 가계 운영 능력을 갖췄습니다. 배정연 씨는 식재료의 제철 가격 변동을 정확히 꿰뚫고 있어 가장 경제적인 시점에 장을 보는 살림의 고수입니다. 소비·생활 단서: 음식(배정연 씨는 주 5회 이상 외식을 하며 영천 시내의 숨은 초밥 맛집과 정갈한 나물 반찬이 나오는 한식당을 찾아다닙니다. 배정연 씨는 배달 음식의 눅눅함을 싫어해 직접 식당에 방문하여 갓 썰어낸 신선한 사시미를 즐깁니다.), 여행(배정연 씨는 남편과 함께 시티투어 버스 코스를 따라 낯선 도시의 주요 지점을 여유롭게 둘러보는 여행을 즐깁니다. 배정연 씨는 빽빽한 일정표 대신 그날그날 기분에 따라 발길 닿는 대로 움직이는 느슨한 여행 방식을 고수합니다.), 취미(영천 시내 일식 전문점 탐방, 지역 배드민턴 동호회 활동, 최신 뷰티 관리 및 미용실 방문) 가족/주거: 배정연 씨는 남편과 함께 생활하며 때로는 무뚝뚝하게 자신의 입장을 내세우지만, 실제 가정의 운영 질서는 모두 배정연 씨의 결정에 따라 움직입니다. 배정연 씨는 가족 간의 지나친 간섭보다는 서로의 개인 시간을 존중하는 적당한 거리감을 유지합니다. 배우자와 거주, 아파트 문화/목표: 영천의 너른 과수원 풍경과 함께 성장하며 실용적이고 강단 있는 경상도 여성의 정서를 익혔으며, 고등학교 졸업 후 가정과 지역 사회의 일상적인 질서를 중요하게 여기는 환경에서 생활해 왔습니다. 사회적인 성공이나 직함보다는 매일의 컨디션을 일정하게 유지하는 건강 관리에 집중하며, 남편과 함께 전국 곳곳의 도시를 여유롭게 둘러보는 소박한 여행의 즐거움을 누리고자 합니다. 스킬: 생활 전반에서 낭비를 줄이고 효율적으로 자원을 배분하는 실무적인 살림 감각이 뛰어나며, 특히 외식 메뉴를 선정할 때 맛과 가격의 균형을 빠르게 판단하는 안목이 있습니다. 가성비 높은 지역 맛집 리스트업, 효율적인 가계 지출 관리, 배드민턴 기본 경기 운영 및 전술 스포츠/예술: 배정연 씨는 동네 배드민턴 코트에서 셔틀콕을 강하게 때리며 일주일의 스트레스를 날려버립니다. 배정연 씨는 틈틈이 거실에서 줄넘기를 하거나 영천 시내 공원을 느긋하게 산책하며 신체 리듬을 관리합니다. 배정연 씨는 거실 소파에 깊숙이 파묻혀 임영웅이 출연하는 TV 프로그램을 멍하니 시청하며 정적인 휴식을 취합니다. 배정연 씨는 가끔 시내 미용실에서 머리 모양을 바꾸며 소소하게 기분을 전환합니다.",55,"은퇴 전 현금흐름 정리와 건강 지출 대비: 경상북 경상북-영천시 거주, 무직 생활 패턴을 기준으로 가족 공동 지출 관리, 월 고정 주거비 관리, 취미/관심사(영천 시내 일식 전문점 탐방) 지출을 조절하고 강점(가성비 높은 지역 맛집 리스트업)을 활용해 월별 저축 루틴을 유지하기",500000
87,오경옥,51,무직,Female,0,광주 광주-북구,"오경옥 씨는 광주 북구에서 이웃들과 어울리며 요리와 수집, 산책으로 여유를 즐기는 소탈하고 정감 넘치는 50대 주부입니다. 직업/역량: 오경옥 씨는 현재 공식적인 직업은 없으나 동네 아주머니들 사이에서 제철 나물 무침 비법을 전수하는 실질적인 요리 선생님으로 통하며, 훗날 북구의 작은 골목에 소품 공방을 열어 소소한 수입을 올리는 꿈을 꿉니다. 소비·생활 단서: 음식(오경옥 씨는 일주일에 네 번 이상 외식을 하며 주로 나물 정식 같은 깔끔한 한식당을 찾고, 후식으로는 동네 유명 빵집에서 갓 나온 단팥빵을 사서 집으로 돌아오는 일과를 즐깁니다.), 여행(오경옥 씨는 친구들과 무리 지어 전남 지역의 숨은 숲길이나 풍경이 예쁜 곳을 찾아다니며, 화려한 관광지보다는 조용한 자연 속에서 멍하니 풍경을 바라보는 시간을 소중히 여깁니다.), 취미(담양 숲길 및 자연 풍경 산책, 지역 유명 빵집 투어, 유튜브 건강 레시피 시청) 가족/주거: 오경옥 씨는 남편과 함께 오래된 아파트에서 단란하게 지내며, 집안일은 능숙하게 해내지만 가끔 정리를 미뤄두어 남편과 가벼운 실랑이를 벌이기도 하는 정 많은 아내입니다. 배우자와 거주, 아파트 문화/목표: 광주 북구의 오래된 아파트 단지에서 이웃들과 끈끈하게 지내며, 시장 상인들과 격의 없이 농담을 주고받는 정겨운 분위기에 익숙합니다. 고등학교 졸업 후 일찍이 가정을 꾸리며 지역 사회의 정서와 생활 양식을 몸소 익혀왔습니다. 거창한 성공보다는 소소하게 자신이 좋아하는 것을 나누며 보람을 느끼는 삶을 지향합니다. 가끔은 동네 작은 공방에서 소품을 만들어 팔거나 취미를 공유하는 소모임을 운영해보고 싶다는 생각을 합니다. 스킬: 제철 나물을 활용한 정갈한 밑반찬을 뚝딱 만들어내며, 동네 사람들에게 요리 비결을 전수할 정도로 손맛이 좋습니다. 사람들의 기분을 빠르게 파악해 어색한 분위기를 부드럽게 만드는 능력이 탁월합니다. 제철 나물 무침 및 밑반찬 조리, 모임 분위기 주도 및 중재, 지역 내 숨은 맛집 정보 수집 스포츠/예술: 오경옥 씨는 격렬한 운동보다는 주말마다 친구들과 함께 담양 메타세쿼이아 길의 흙냄새를 맡으며 천천히 걷는 산책을 통해 몸과 마음의 긴장을 풉니다. 오경옥 씨는 정갈한 선이 살아있는 도자기 그릇을 하나둘 모으는 수집욕이 있으며, 손으로 무언가를 빚어내는 공예 활동에 흥미를 느껴 동네 공방의 원데이 클래스를 기웃거리곤 합니다.",56,"은퇴 전 현금흐름 정리와 건강 지출 대비: 광주 광주-북구 거주, 무직 생활 패턴을 기준으로 가족 공동 지출 관리, 월 고정 주거비 관리, 취미/관심사(담양 숲길 및 자연 풍경 산책) 지출을 조절하고 강점(제철 나물 무침 및 밑반찬 조리)을 활용해 월별 저축 루틴을 유지하기",500000
88,서경덕,53,건물 경비원,Male,34100000,전라남 전라남-여수시,"서경덕 씨는 여수에서 자녀를 홀로 키우며 성실하게 아파트 경비원으로 근무하는, 책임감 강하고 정 많은 50대 아버지입니다. 직업/역량: 서경덕 씨는 여수 웅천동 아파트 단지 내의 미세한 벽면 균열이나 깜빡이는 가로등을 누구보다 빠르게 찾아내 보고하는 꼼꼼한 경비원입니다. 입주민들의 까다로운 민원에도 허허 웃으며 맞장구를 쳐주다가 결국은 원만하게 문제를 해결해 내는 능숙한 중재자 역할을 수행합니다. 소비·생활 단서: 음식(서경덕 씨는 2주에 한 번쯤 동네 삼겹살집에서 지글지글 익어가는 고기에 소주를 곁들이며 일상의 고단함을 털어냅니다. 평소에는 소박한 한식을 즐기지만, 가끔 자녀가 찾는 피자나 햄버거 같은 서양 음식을 함께 먹어주며 자녀의 입맛에 맞추려 노력하는 다정한 면모가 있습니다.), 여행(서경덕 씨는 거창한 해외여행보다는 자녀와 함께 전남 곳곳의 한적한 숲길이나 바다 풍경을 찾아다니며 소소한 추억을 쌓는 여행을 즐깁니다. 유명 관광지의 북적임 속에 섞이기보다 조용한 자연 속에서 가족과 함께 나누는 짧은 대화와 풍경 감상을 통해 심리적 안정을 찾습니다.), 취미(유튜브 시사 및 정치 분석 채널 시청, 오동도와 해양공원 둘레길 산책, 지역 지인들과의 소규모 술모임) 가족/주거: 서경덕 씨는 이혼 후 홀로 아이를 키우며 겪은 세월의 풍파를 아이에 대한 깊은 책임감과 사랑으로 승화시킨 한부모 아버지입니다. 무뚝뚝한 전남 아버지의 말투가 배어 있지만, 아이가 대학을 졸업하고 제 몫을 다하는 사회인이 될 때까지 든든한 버팀목이 되어주겠다는 일념 하나로 버팁니다. 자녀와 거주 (한부모), 아파트 문화/목표: 여수 웅천동 근처에서 오래 살며 바다 내음과 정겨운 전남 사투리가 밴 삶을 살아왔습니다. 홀로 아이를 키우며 겪은 고단함을 이웃들과의 끈끈한 정과 소박한 술자리로 달래며 살아온, 책임감 강한 여수 아버지의 모습입니다. 아이가 대학을 졸업하고 사회에 안정적으로 자리 잡을 때까지 지금의 직장을 유지하며 든든한 버팀목이 되어주고 싶어 합니다. 고혈압과 혈당 관리를 철저히 해서 정년 이후에도 건강하게 소일거리를 찾을 수 있는 몸 상태를 만드는 것이 가장 큰 현실적 목표입니다. 스킬: 아파트 단지 내의 사소한 균열이나 고장 난 가로등을 누구보다 빠르게 찾아내어 보고하는 꼼꼼함을 갖췄습니다. 입주민들의 까다로운 요구사항에도 허허 웃으며 대처하면서 결국 원하는 바를 해결해 주는 능숙한 중재 능력이 있습니다. 단지 내 시설물 상시 점검 및 유지보수 보고, 입주민 민원 응대 및 갈등 중재, 야간 순찰 및 보안 취약 지점 관리 스포츠/예술: 서경덕 씨는 주말이면 자녀의 손을 잡고 오동도 산책길을 천천히 걸으며 계절마다 바뀌는 바다 풍경을 살피는 것으로 체력을 유지합니다. 숨이 턱 끝까지 차오르는 격렬한 운동보다는 무릎에 무리가 가지 않는 완만한 흙길을 걷는 시간을 통해 일주일의 피로를 씻어냅니다. 서경덕 씨는 퇴근 후 거실 소파에 깊숙이 몸을 파묻고 유튜브로 정치 시사 채널을 보며 세상 돌아가는 이야기를 곱씹거나, 대리 만족을 주는 낚시 영상을 멍하니 시청하는 시간을 가장 아낍니다. 화려한 예술 전시보다는 화면 속에서 펼쳐지는 역동적인 삶의 모습이나 논쟁적인 담론에 더 큰 흥미를 느낍니다.",61,"은퇴 전 현금흐름 정리와 건강 지출 대비: 전라남 전라남-여수시 거주, 건물 경비원 생활 패턴을 기준으로 부모님 부양 비용 관리, 월 고정 주거비 관리, 취미/관심사(유튜브 시사 및 정치 분석 채널 시청) 지출을 조절하고 강점(단지 내 시설물 상시 점검 및 유지보수 보고)을 활용해 월별 저축 루틴을 유지하기",1790000
89,김서연,50,금형원,Female,50300000,인천 인천-남동구,"김서연 씨는 인천 남동공단의 정밀 금형 기술자로서 성실하게 살아오며 가족과 소박한 일상의 행복을 소중히 여기는 50대 여성입니다. 직업/역량: 김서연 씨는 인천 남동공단에서 0.1mm의 오차도 허용하지 않는 정밀한 금형 수정 작업을 수행하며 동료들의 두터운 신뢰를 받는 숙련공입니다. 김서연 씨는 직함의 상승보다는 현장의 실질적인 기술 전수를 중요하게 여겨 후배들을 위한 세밀한 작업 매뉴얼을 틈틈이 기록하는 습관이 있습니다. 소비·생활 단서: 음식(김서연 씨는 배달 음식을 거의 시키지 않으며, 가끔 외식을 할 때는 남동구청 인근 분식집의 꼬마김밥이나 정갈한 나물 위주의 한식당을 방문합니다. 김서연 씨는 자극적인 맛보다는 재료 본연의 맛이 살아있는 담백한 음식을 천천히 음미하며 식사하는 것을 즐깁니다.), 여행(김서연 씨는 가족들과 함께 전국 곳곳의 숨은 맛집을 찾아다니는 음식 중심의 여행을 계획하며 즐거움을 찾습니다. 김서연 씨는 유명 관광지보다는 현지인들이 즐겨 찾는 로컬 식당의 정갈한 한 상 차림을 경험하는 것에 가치를 둡니다.), 취미(소래습지생태공원 조깅, 임영웅 노래 감상, 남동구 단골 분식집 방문) 가족/주거: 김서연 씨는 배우자와 자녀들이 함께 사는 집안 분위기를 화목하게 만들기 위해 가족들의 기분과 상태를 세심하게 살피는 다정한 성격입니다. 김서연 씨는 어린 시절 이웃과 떡을 나눠 먹던 정을 기억하며, 명절이나 기념일마다 친척들과 도리를 다하기 위해 정성스럽게 선물을 준비합니다. 배우자·자녀와 거주, 다세대주택 문화/목표: 남동공단 근처에서 나고 자라며 성실함이 최고의 덕목이라 믿는 분위기 속에서 성장했습니다. 동네 이웃들과 떡을 나눠 먹던 정서를 간직하고 있으며, 예의와 도리를 다하는 관계 맺기를 중요하게 생각합니다. 후배 금형원들이 실수 없이 작업할 수 있도록 자신만의 노하우가 담긴 작업 매뉴얼을 정리해 두고 싶어 합니다. 무리한 직책 상승보다는 지금의 숙련도를 유지하며 정년까지 사고 없이 안정적으로 현장을 지키는 것에 가치를 둡니다. 스킬: 정밀한 도면을 분석해 0.1mm의 오차도 허용하지 않는 금형 수정 작업에 능숙합니다. 숙련된 손끝 감각으로 금형의 마모 상태를 빠르게 파악하고, 공정의 효율을 높이는 체계적인 작업 순서를 설계하여 현장의 신뢰를 받습니다. 정밀 도면 해독 및 분석, 금형 마모 진단 및 정밀 수정, 공정 효율화 작업 설계 스포츠/예술: 김서연 씨는 주말 아침마다 소래습지생태공원의 한적한 산책로를 가볍게 뛰며 한 주 동안 쌓인 직장 내 스트레스를 털어냅니다. 김서연 씨는 격렬한 운동보다 호흡을 가다듬으며 천천히 풍경을 감상하는 조깅 시간을 통해 마음의 평온을 찾습니다. 김서연 씨는 거실에 편히 누워 임영웅의 감미로운 노래를 크게 틀어놓고 짧은 낮잠을 자는 시간에서 가장 큰 행복을 느낍니다. 김서연 씨는 화려한 예술 전시보다는 가슴을 울리는 트로트 가락에 몸을 맡기며 정서적인 위안을 얻습니다.",62,"은퇴 전 현금흐름 정리와 건강 지출 대비: 인천 인천-남동구 거주, 금형원 생활 패턴을 기준으로 자녀 관련 지출 계획화, 월 고정 주거비 관리, 취미/관심사(소래습지생태공원 조깅) 지출을 조절하고 강점(정밀 도면 해독 및 분석)을 활용해 월별 저축 루틴을 유지하기",2470000
90,김하영,28,무직,Female,0,서울 서울-구로구,"김하영 씨는 서양 미술사 전공의 지식과 섬세한 분석력을 갖췄지만, 현실의 벽 앞에서 방황하며 구로구 부모님 댁에서 큐레이터의 꿈을 키워가는 20대 후반의 취준생입니다. 직업/역량: 김하영 씨는 국립현대미술관 큐레이터라는 목표를 두고 도서관에서 서양 미술사 자료를 뒤지며 시간을 보내지만, 계속되는 서류 탈락에 노트북 화면을 덮어버리고 한숨을 내쉬는 날이 많습니다. 전공을 살려 정교한 분석글을 쓰는 재능이 있음에도 사회라는 벽 앞에서 자신의 학위가 그저 종잇조각처럼 느껴지는 무력감에 시달립니다. 소비·생활 단서: 음식(김하영 씨는 주말이면 부모님과 함께 동네 단골 고깃집에서 두툼한 삼겹살을 구워 먹으며 일주일의 피로를 풉니다. 평소에는 귀찮음과 입맛의 단순함 때문에 배달 앱으로 떡볶이와 꼬마김밥 같은 분식을 자주 시켜 먹으며, 자극적인 빨간 양념으로 취업 준비의 스트레스를 달랩니다.), 여행(김하영 씨는 낯선 도시의 랜드마크를 돌아다니기보다 친구들과 함께 편집숍과 대형 서점이 밀집한 핫플레이스를 찾아다니며 취향에 맞는 물건을 쇼핑하는 여행을 즐깁니다. 여행지에서 찍은 감각적인 사진들을 사회관계망서비스에 올리며 타인의 반응을 살피지만, 그 순간의 공허함은 쇼핑백의 무게로 채우려 합니다.), 취미(독립 출판물 및 아트북 수집, 안양천 산책로 걷기, 넷플릭스 예술 다큐멘터리 시청) 가족/주거: 김하영 씨는 구로구의 오래된 주택가에서 부모님의 보살핌 속에 지내며 심리적 안정감을 얻지만, 동시에 성인이 되어서도 독립하지 못했다는 부채감을 안고 삽니다. 부모님과의 대화 속에서 은근히 느껴지는 기대감과 압박감에 때로는 날카로운 반응을 보였다가도 금세 미안함에 방 안에서 자책하는 시간을 갖습니다. 부모와 동거, 주택 이외의 거처 문화/목표: 구로구의 오래된 주택가와 디지털 단지의 현대적인 풍경이 공존하는 환경에서 성장했으며, 예술과 인문학이라는 학문적 성취 뒤에 찾아온 사회 진출의 공백기를도 부모님과 함께 지내며 견뎌내고 있습니다. 국립현대미술관과 같은 공공 기관의 큐레이터나 독립 갤러리의 디렉터를 꿈꾸며, 자신의 관점이 담긴 전시를 통해 대중과 소통하는 순간을 기다리고 있지만 반복되는 취업 실패에 마음을 졸이기도 합니다. 스킬: 서양 미술사 전공을 통해 도판의 세밀한 특징을 포착해 분석하는 훈련을 받았으며, 학위 논문을 작성하며 방대한 자료를 체계적으로 분류하고 하나의 논리로 엮어내는 학술적 글쓰기에 능숙합니다. 미술 작품 도판 분석, 전시 기획 초안 작성, 아카이브 자료 조사 및 분류 스포츠/예술: 김하영 씨는 무거운 운동기구 대신 가벼운 운동화를 신고 안양천 둑길을 따라 느릿하게 걷는 시간을 가장 소중히 여깁니다. 귀에는 항상 팟캐스트를 꽂고 있어 외부 소음을 차단한 채 오직 자신의 호흡과 이야기에만 집중하며 복잡한 머릿속을 정리합니다. 김하영 씨는 루브르 박물관의 도판 하나에서도 화가의 세밀한 붓 터치와 시대적 배경을 읽어내는 분석적인 시선을 가졌습니다. 주말이면 성수동 골목 구석구석의 갤러리를 탐방하며 자신만의 전시 기획 노트를 작성하지만, 정작 자신의 삶을 어떻게 전시해야 할지는 몰라 망설입니다.",54,"비상금과 커리어 전환 자금 마련: 서울 서울-구로구 거주, 무직 생활 패턴을 기준으로 부모님 부양 비용 관리, 주거비 안정화, 취미/관심사(독립 출판물 및 아트북 수집) 지출을 조절하고 강점(미술 작품 도판 분석)을 활용해 월별 저축 루틴을 유지하기",500000
91,박제규,24,양식 조리사,Male,34700000,전라남 전라남-나주시,"박제규 씨는 나주에서 부모님과 함께 살며 교육학 전공 후 양식 조리사의 길을 걷고 있는, 현실적이면서도 다정한 20대 청년입니다. 직업/역량: 박제규 씨는 수비드 공법으로 스테이크의 심부 온도를 정밀하게 맞추고 진한 라구 파스타를 끓여내는 실력 있는 양식 조리사입니다. 교육학 전공 경험을 살려 주방 보조들이 실수하기 쉬운 재료 손질법을 단계별로 명확하게 가르치며, 퇴근길에는 나주 혁신도시 거리를 살피며 직장인들이 가볍게 들를 수 있는 작은 비스트로의 입지를 고민합니다. 소비·생활 단서: 음식(박제규 씨는 직업적으로는 양식을 다루지만, 외식할 때는 고기가 들어가지 않은 정갈한 한식 차림이나 육즙이 풍부한 수제 버거와 피자를 즐겨 먹습니다. 일주일에 한 번 정도는 배달 앱으로 피자를 시켜 먹으며 휴식을 취하고, 평소에는 나주 곰탕거리에서 자라며 익힌 넉넉한 손맛을 자신의 요리에 녹여내려 노력합니다.), 여행(박제규 씨는 부모님을 모시고 전국의 오래된 노포나 숨겨진 맛집을 찾아다니는 식도락 여행을 통해 가족 간의 정을 나눕니다. 여행지에서는 화려한 관광지보다는 그 지역의 색깔이 짙게 묻어나는 골목 식당의 분위기를 관찰하며 새로운 요리 영감을 얻습니다.), 취미(나주시민체육센터 배드민턴, 전국 노포 맛집 탐방, 수제 버거 브랜드 투어) 가족/주거: 박제규 씨는 나주 곰탕거리의 정겨운 분위기가 흐르는 마당 있는 단독주택에서 부모님과 함께 살며 전남 특유의 넉넉한 정서를 공유합니다. 이웃들과 음식을 나누어 먹는 문화 속에서 자라 타인의 감정을 잘 살피며, 부모님께는 다정하고 믿음직한 아들의 모습을 보여줍니다. 부모와 동거, 단독주택 문화/목표: 나주 곰탕거리의 정겨운 분위기 속에서 성장했고, 대학에서 교육학을 전공하다가 실용적인 기술에 끌려 조리사의 길을 택했습니다. 부모님과 함께 마당 있는 단독주택에 살며 이웃들과 음식을 나눠 먹는 전남 특유의 넉넉한 정서를 몸에 익혔습니다. 나주 혁신도시 근처에 퇴근길 직장인들이 가볍게 들러 와인 한 잔과 파스타를 즐길 수 있는 작은 비스트로를 여는 것이 목표입니다. 화려한 파인 다이닝보다는 매일 먹어도 질리지 않는 정갈한 동네 식당의 주인이 되어 안정적인 생활 기반을 닦고자 합니다. 스킬: 수비드 공법을 활용해 스테이크의 정확한 심부 온도를 맞추는 데 능숙하며, 제철 채소를 곁들인 라구 파스타 소스를 진하게 끓여냅니다. 교육학 전공 경험을 살려 신입 주방 보조가 실수하기 쉬운 재료 손질법을 단계별로 명확하게 짚어주는 능력이 있습니다. 수비드 스테이크 조리, 라구 소스 베이스 제조, 주방 인력 교육 및 매뉴얼 작성 스포츠/예술: 박제규 씨는 주말마다 나주시민체육센터에서 배드민턴 동호회 사람들과 셔틀콕을 주고받으며 땀을 흘리고, 틈틈이 줄넘기를 하며 체력을 기릅니다. 사람들과 어울려 몸을 움직이는 활동에서 에너지를 얻으며, 경기 중에는 유연한 대처 능력으로 팀의 분위기를 부드럽게 이끕니다. 박제규 씨는 전국 각지의 숨은 맛집을 찾아다니며 수제 버거의 소스 배합과 메뉴 구성을 세밀하게 분석하고 기록하는 미식 탐구를 즐깁니다. 교육학을 공부했던 습관이 남아 있어 단순히 맛을 느끼는 것에 그치지 않고, 그 맛이 구현되는 원리를 체계적으로 정리해 메모하는 습관이 있습니다.",56,"비상금과 커리어 전환 자금 마련: 전라남 전라남-나주시 거주, 양식 조리사 생활 패턴을 기준으로 부모님 부양 비용 관리, 주거비 안정화, 취미/관심사(나주시민체육센터 배드민턴) 지출을 조절하고 강점(수비드 스테이크 조리)을 활용해 월별 저축 루틴을 유지하기",2050000
92,이미진,53,무직,Female,0,서울 서울-성북구,"이미진 씨는 성북구 정릉동에서 자녀와 함께 살며 뛰어난 살림 솜씨와 예술적 취향을 통해 소소한 평온을 찾아가는 50대 여성입니다. 직업/역량: 이미진 씨는 성북구의 낡은 단독주택을 직접 가꾸며 고장 난 문고리를 손수 고치고 마당 잡초를 뽑아내는 살림꾼입니다. 따로 직업은 없지만 동네 이웃들 사이에서는 솜씨 좋은 맥가이버로 통하며 집안 구석구석을 매만지는 일에 능숙합니다. 소비·생활 단서: 음식(이미진 씨는 정릉 시장에서 싱싱한 돼지고기를 골라 구수한 김치찌개를 끓여내며 가족의 식탁을 풍성하게 채웁니다. 일주일에 한 번은 단골 고깃집에서 외식을 하고, 배달 앱으로 파리바게뜨의 빵을 주문해 따뜻한 커피와 함께 먹으며 느긋한 오후를 보냅니다.), 여행(이미진 씨는 자녀와 함께 서울 시내의 유서 깊은 궁궐이나 국립중앙박물관을 돌아다니며 문화예술을 접하는 짧은 여행을 떠납니다. 익숙한 도시 속의 예술 공간을 찾아다니며 자녀와 조용히 대화를 나누고 서로의 유대감을 확인합니다.), 취미(국립현대미술관 전시 관람, 지역 주민센터 배드민턴, 모바일 퍼즐 게임) 가족/주거: 이미진 씨는 이혼 후 홀로 자녀를 키우며 단독주택에서 서로를 의지하는 끈끈한 관계를 유지하고 있습니다. 자녀에게는 때때로 엄격하고 단호한 모습을 보이지만, 속으로는 자녀가 자신의 삶을 더 자유롭게 살아가길 바라는 복잡한 마음을 품고 있습니다. 자녀와 거주 (한부모), 단독주택 문화/목표: 성북구 정릉동의 오래된 골목길에서 이웃들과 소소한 안부를 나누며 살아왔습니다. 학창 시절을 일찍 마감하고 바로 삶의 현장에 뛰어들었기에, 세련된 이론보다는 몸으로 익힌 생활의 지혜와 정서적 유대를 더 신뢰합니다. 거창한 사회적 성공보다는 지금처럼 내 집에서 자녀와 함께 평온한 일상을 유지하는 것에 만족합니다. 가끔은 정성껏 만든 음식을 주변에 나누며 동네 사람들에게 인정받는 소소한 기쁨을 누리고 싶어 합니다. 스킬: 전통시장에서 제철 식재료를 한눈에 알아보고 저렴하게 구입해 온 가족이 배불리 먹을 찌개를 끓여내는 솜씨가 좋습니다. 단독주택의 낡은 문고리를 고치거나 마당의 잡초를 정리하는 등 집안 구석구석을 손보는 일에 능숙합니다. 제철 식재료 선별, 한식 찌개 및 밑반찬 조리, 단독주택 간단 유지보수 스포츠/예술: 이미진 씨는 동네 체육센터에서 배드민턴 라켓을 휘두르며 땀을 흘리고, 마당에서 줄넘기를 하며 무거운 몸을 움직이려 애씁니다. 하지만 쉽게 지치는 체력 탓에 운동 중간중간 벤치에 앉아 멍하니 시간을 보내는 버릇이 있습니다. 이미진 씨는 주말이면 자녀의 손을 잡고 국립현대미술관을 찾아 조용한 전시장 복도를 천천히 거닐며 그림을 감상합니다. 중학교 졸업 후 공부를 일찍 그만뒀지만, 캔버스 위에 펼쳐진 강렬한 색감만으로도 마음이 차분해지는 경험을 즐깁니다.",45,"은퇴 전 현금흐름 정리와 건강 지출 대비: 서울 서울-성북구 거주, 무직 생활 패턴을 기준으로 부모님 부양 비용 관리, 주거비 안정화, 취미/관심사(국립현대미술관 전시 관람) 지출을 조절하고 강점(제철 식재료 선별)을 활용해 월별 저축 루틴을 유지하기",500000
93,심명준,33,일식 조리사,Male,46400000,서울 서울-강북구,"심명준 씨는 정교한 조리 기술과 경영 마인드를 갖춘 33세 일식 조리사로, 내실 있는 삶과 자신만의 작은 공간을 꿈꾸는 실용주의자입니다. 직업/역량: 심명준 씨는 정통 에도마에 스타일의 초밥을 쥐며 대학 시절 배운 경영학 지식을 활용해 엑셀로 식재료 폐기율을 0.1% 단위까지 관리하는 꼼꼼한 조리사입니다. 심명준 씨는 조명의 조도와 배경 음악까지 세세하게 설계한 예약제 스시 바를 열어 자신의 철학이 담긴 공간을 완벽하게 통제하는 운영자가 되기를 꿈꿉니다. 소비·생활 단서: 음식(심명준 씨는 일터에서는 정교한 초밥을 만들지만, 정작 본인의 식사로는 나물 비빔밥이나 청국장 같은 담백한 한식을 찾거나 금요일 밤엔 바삭한 프라이드치킨을 시켜 먹습니다. 심명준 씨는 배달 앱의 리뷰를 꼼꼼히 읽고 가장 신뢰할 만한 가게를 선정해 일주일에 한 번 소소한 치팅 데이를 가집니다.), 여행(심명준 씨는 아무런 계획 없이 홀로 차를 몰아 강원도 고성이나 양양의 한적한 바닷가 마을을 찾아가 끝없는 수평선을 멍하니 바라봅니다. 심명준 씨는 유명 관광지보다는 이름 없는 작은 포구의 낡은 벤치에 앉아 파도 소리를 들으며 머릿속을 비워내는 시간을 즐깁니다.), 취미(강북구 스크린 골프, 3쿠션 당구, 동해안 나홀로 여행) 가족/주거: 심명준 씨는 강북구 미아동의 오래된 아파트에서 부모님과 함께 지내며 투덜거리면서도 아침마다 어머니가 차려준 된장찌개를 챙겨 먹습니다. 심명준 씨는 독립하고 싶어 하면서도 부모님이 주는 정서적 안정감과 가사 노동의 편리함 사이에서 묘한 타협점을 찾은 상태입니다. 부모와 동거, 아파트 문화/목표: 강북구 미아동의 오래된 아파트 단지에서 부모님과 함께 생활하며, 퇴근길에 북한산 자락의 한적한 산책로를 따라 걸으며 하루의 소란함을 정리하는 일상에 익숙합니다. 화려한 대형 매장보다는 예약제로만 운영되는 작은 스시 바를 열어, 식재료 선정부터 공간의 조도와 음악까지 자신의 철학이 담긴 세밀한 통제권을 갖춘 운영자가 되고자 합니다. 스킬: 에도마에 스타일의 정통 초밥 조리법에 능숙하며, 대학에서 배운 경영 지식을 접목해 식재료 폐기율을 최소화하는 정교한 재고 관리 리스트를 직접 만들어 운영합니다. 에돔마에 초밥 조리, 식재료 원가 및 재고 관리, 오마카세 코스 메뉴 구성 스포츠/예술: 심명준 씨는 주말마다 미아동 인근 스크린 골프장에서 정교한 샷을 날리며 스트레스를 풀고, 가끔은 한강 변을 따라 사이클링을 즐깁니다. 심명준 씨는 운동 후 동네 목욕탕 사우나에서 뜨거운 물에 몸을 지지며 하루의 피로를 씻어내는 시간을 가장 아낍니다. 심명준 씨는 퇴근 후 침대에 누워 유튜브로 최신 인테리어 트렌드 영상이나 해외 셰프들의 조리 기법 영상을 찾아보며 아이디어를 수집합니다. 심명준 씨는 화려한 예술 작품보다는 단순한 선과 면이 강조된 미니멀리즘 디자인의 가구와 공간 구성에 깊은 관심을 보입니다.",53,"주거 안정과 중기 목돈 마련: 서울 서울-강북구 거주, 일식 조리사 생활 패턴을 기준으로 부모님 부양 비용 관리, 월 고정 주거비 관리, 취미/관심사(강북구 스크린 골프) 지출을 조절하고 강점(에돔마에 초밥 조리)을 활용해 월별 저축 루틴을 유지하기",2550000
94,강성민,51,무직,Male,0,경상남 경상남-거창군,"강성민 씨는 거창의 정겨운 분위기 속에서 손재주와 블로그 활동으로 소소한 성취감을 찾는, 배 나온 푸근한 인상의 50대 가장입니다. 직업/역량: 강성민 씨는 녹슨 스패너와 몽키렌치가 가득한 공구함을 끌고 다니며 동네 이웃들의 삐걱거리는 대문이나 물 새는 수도꼭지를 뚝딱 고쳐주고 가끔 받는 사례비에 만족하며 삽니다. 거창 읍내의 숨은 골목 맛집들을 사진 찍어 블로그에 올리며 나름의 지역 기록가로 활동하는 일에서 삶의 보람을 찾습니다. 소비·생활 단서: 음식(강성민 씨는 주말마다 가족들을 데리고 거창 시장 근처 단골 돼지갈비집에서 숯불 향 가득한 고기를 구워 먹으며 일주일의 피로를 풉니다. 가끔은 분위기를 바꿔 정갈한 초밥이나 메밀 소바가 나오는 일식집을 찾아가며, 배달 음식보다는 직접 식당에 가서 갓 나온 요리를 먹는 것을 즐깁니다.), 여행(강성민 씨는 가족들과 함께 조용한 숲속 펜션이나 온천 여행을 떠나 아무런 계획 없이 멍하니 쉬는 시간을 가장 소중하게 여깁니다. 여행지에서도 유명 관광지를 바쁘게 돌아다니기보다 숙소 근처의 한적한 식당에서 가족들과 느긋하게 식사하며 시간을 보냅니다.), 취미(거창 지역 식당 탐방 및 블로그 포스팅, 유튜브 가전제품 및 자동차 리뷰 시청, 동네 지인들과의 노래방 방문) 가족/주거: 강성민 씨는 무뚝뚝한 경상도 아버지의 모습과 다정한 남편의 모습을 동시에 가지고 있으며, 자녀들의 고민 상담보다는 함께 맛있는 것을 먹으러 가는 것으로 애정을 표현합니다. 집안의 궂은일을 도맡아 고쳐주는 든든한 해결사 역할을 자처하며 가족들 사이에서 은근한 인정 욕구를 채웁니다. 배우자·자녀와 거주, 단독주택 문화/목표: 거창의 조용한 읍내 분위기 속에서 나고 자라 이웃 간의 정과 체면을 중시하며, 실용적인 삶의 지혜를 우선하는 경남 지역 중년의 정서를 가지고 있습니다. 거창의 숨은 명소와 맛집을 기록하는 블로그를 꾸준히 키워 지역 사회에 소소하게 기여하거나, 소규모 수리 일을 통해 용돈 벌이를 계획합니다. 스킬: 오랜 시간 손때 묻은 공구함으로 집안의 낡은 수도꼭지를 갈거나 마당의 고장 난 울타리를 뚝딱 고치는 실무적인 손재주가 좋습니다. 가정용 전기 배선 수리, 단독주택 외벽 및 지붕 보수, 소형 농기계 기본 정비 스포츠/예술: 강성민 씨는 땀 흘리는 격렬한 운동 대신 마당의 잡초를 뽑거나 낡은 울타리를 보수하는 육체 활동으로 몸을 움직이는 편입니다. 가끔 거창 시장 근처를 천천히 산책하며 사람 구경을 하는 것으로 하루의 활동량을 채우고는 합니다. 강성민 씨는 기분이 좋을 때면 동네 노래방을 찾아가 나훈아의 노래를 열창하며 쌓인 스트레스를 풀고, 밤에는 유튜브에서 테크 유튜버들의 최신 기기 분석 영상을 꼼꼼히 챙겨봅니다. 자신의 소소한 일상을 블로그에 기록하며 이웃들의 댓글에 일일이 답글을 다는 과정에서 정서적인 충만함을 얻습니다.",60,"은퇴 전 현금흐름 정리와 건강 지출 대비: 경상남 경상남-거창군 거주, 무직 생활 패턴을 기준으로 자녀 관련 지출 계획화, 주거비 안정화, 취미/관심사(거창 지역 식당 탐방 및 블로그 포스팅) 지출을 조절하고 강점(가정용 전기 배선 수리)을 활용해 월별 저축 루틴을 유지하기",500000
95,이세린,24,조사 전문가,Female,30300000,대구 대구-달성군,"이세린 씨는 대구 달성군에서 가족과 함께 살며 도매 시장 조사 업무를 수행하는, 차분한 내면과 강한 가족애를 지닌 20대 사회초년생입니다. 직업/역량: 이세린 씨는 대구 지역 도매 시장의 상인들과 부대끼며 품목별 수요 변화를 읽어내는 조사 전문가로, 투박한 시장 말투 속에서도 핵심 정보를 정확히 뽑아내 정교한 통계 보고서로 엮어냅니다. 현장에서는 넉살 좋은 태도로 상인들의 마음을 열지만, 책상 앞에서는 숫자 하나하나를 꼼꼼하게 따지는 분석적인 면모를 보입니다. 소비·생활 단서: 음식(이세린 씨는 시장에서 사 온 제철 나물과 두부로 소박한 한식 밥상을 차려 가족들과 나누어 먹는 시간을 소중히 여기며, 가끔 외식을 할 때는 자극적이지 않은 보리밥 정식이나 청국장 집을 찾습니다. 하지만 2주에 한 번씩 찾아오는 고비에는 치즈가 듬뿍 들어간 피자나 두툼한 수제 버거를 배달시켜 먹으며 소소한 일탈을 즐깁니다.), 여행(이세린 씨는 연인과 함께 정해진 일정 없이 발길 닿는 대로 떠나는 자연 여행을 즐기며, 울창한 숲이나 탁 트인 바다 앞에서 한참 동안 말을 잊은 채 풍경을 감상합니다. 유명한 관광지보다는 잘 알려지지 않은 한적한 시골길을 걷는 것을 좋아해 지도 앱보다는 직관에 의지해 골목을 누빕니다.), 취미(비슬산 산책로 사진 촬영, 동네 배드민턴 경기, 인디 음악 감상) 가족/주거: 이세린 씨는 달성군의 조용한 아파트에서 부모님, 그리고 할머니와 함께 살며 어른들의 느긋한 삶의 속도를 닮아갔고, 할머니의 옛날이야기를 듣다 보면 어느새 잠이 드는 평온한 일상을 보냅니다. 가족에 대한 책임감이 강해 자신의 욕심보다는 부모님의 안색을 먼저 살피는 속 깊은 막내딸의 모습을 띱니다. 부모·조모와 동거, 아파트 문화/목표: 달성군의 조용한 마을에서 할머니와 함께 살며 어른들의 삶의 지혜와 느긋한 호흡을 자연스럽게 익혔습니다. 인문학을 전공하며 기른 사유의 습관 덕분에 갈등 상황에서도 감정에 휘둘리기보다 차분하게 상황을 관조하는 태도를 갖추게 되었습니다. 현재 맡은 조사 업무에서 대체 불가능한 숙련도를 쌓아 업계 내에서 인정받는 전문 분석가로 자리 잡고자 합니다. 경제적 자립도를 높여 부모님과 할머니가 편히 쉴 수 있는 더 쾌적한 주거 환경을 마련해 드리는 것을 현실적인 목표로 두고 있습니다. 스킬: 도매 시장의 품목별 수요 변화를 파악하기 위해 현장 상인들과 인터뷰를 진행하고, 수집된 기초 데이터를 통계적으로 유의미한 보고서로 변환하는 실무 능력이 뛰어납니다. 상대방이 부담을 느끼지 않도록 대화를 이끌어내며 필요한 정보를 정확하게 추출하는 능숙한 조사 기술을 보유하고 있습니다. 시장 가격 동향 분석, 심층 인터뷰 설계 및 수행, 정성적 데이터의 정량화 스포츠/예술: 이세린 씨는 주말마다 비슬산 둘레길의 흙길을 밟으며 계절이 변하는 풍경을 스마트폰 카메라에 담고, 동네 배드민턴 클럽에서 셔틀콕을 주고받으며 땀을 흘리는 시간에서 살아있음을 느낍니다. 경기 중 실수를 하면 헛웃음을 지으며 머리를 긁적이는 버릇이 있지만, 끝까지 셔틀콕을 쫓아가는 끈기를 보여줍니다. 이세린 씨는 퇴근 후 방 안 가득 루시드폴의 서정적인 노래를 채워놓고, 전공 서적보다는 손때 묻은 시집을 읽으며 하루의 소란함을 가라앉힙니다. 인문학적 사유를 통해 다져진 차분함 덕분에 웬만한 일에는 동요하지 않고 상황을 가만히 지켜보는 습관이 몸에 배어 있습니다.",60,"비상금과 커리어 전환 자금 마련: 대구 대구-달성군 거주, 조사 전문가 생활 패턴을 기준으로 부모님 부양 비용 관리, 월 고정 주거비 관리, 취미/관심사(비슬산 산책로 사진 촬영) 지출을 조절하고 강점(시장 가격 동향 분석)을 활용해 월별 저축 루틴을 유지하기",1790000
96,김청,37,한식 조리사,Female,44400000,광주 광주-광산구,"김청 씨는 광주에서 한식 조리사로 일하며 어머니와의 안정적인 삶과 소박한 식당 운영의 꿈을 키워가는 신중한 성격의 여성입니다. 직업/역량: 김청 씨는 광주 광산구의 한식당에서 대형 솥에 갈비찜과 간장게장을 끓여내며 주방의 중심을 잡습니다. 김청 씨는 제철 나물의 미세한 쓴맛을 잡아내는 손끝 감각으로 매일 아침 밑반찬의 간을 조절하며, 언젠가 어머니와 함께 단골들만 아는 작은 밥집을 차리겠다는 구체적인 계획을 세웁니다. 소비·생활 단서: 음식(김청 씨는 외식을 할 때면 두툼한 돼지갈비 찜을 선호하며, 바쁠 때는 동네 분식집의 참치김밥 한 줄로 간단히 끼니를 해결합니다. 김청 씨는 집 베란다에서 직접 키운 고추와 상추를 따서 어머니의 된장찌개에 곁들이는 소박한 식탁을 소중히 여깁니다.), 여행(김청 씨는 친한 친구와 함께 군산이나 목포의 좁은 골목길을 누비며 30년 넘은 노포의 낡은 간판을 찾아다닙니다. 김청 씨는 그곳에서 맛본 투박한 지역 음식을 사진으로 기록하고 조리법을 추측하며 여행의 즐거움을 만끽합니다.), 취미(전국 노포 음식점 탐방, 베란다 텃밭 가꾸기, 국립아시아문화전당 전시 관람) 가족/주거: 김청 씨는 어머니와 함께 살며 집안의 모든 행정 절차와 대소사를 도맡아 처리하는 실질적인 가장 역할을 수행합니다. 김청 씨는 어머니의 잔소리를 묵묵히 들어주면서도 꼭 필요한 순간에는 자신의 의견을 조목조목 설명해 설득시키는 단단한 마음을 가졌습니다. 어머니와 동거, 주택 이외의 거처 문화/목표: 광주 광산구의 조용한 동네에서 나고 자라 지역 정서에 익숙하며, 어머니와 함께 살며 집안의 대소사를 실질적으로 챙기는 든든한 딸의 역할을 수행합니다. 30대 후반으로서 자신만의 속도로 일상을 가꾸며, 익숙한 이웃들과의 관계 속에서 심리적 안정감을 얻습니다. 현재 근무하는 식당에서 실력을 인정받으며, 훗날 어머니와 함께 단골들이 끊이지 않는 정갈한 소규모 한식 밥집을 운영하는 삶을 계획하고 있습니다. 무리한 사업 확장보다는 매일 정해진 인원이 충분히 만족하고 돌아가는 안정적인 운영을 지향합니다. 스킬: 전문대학에서 익힌 기초 위에 현장 경험을 더해 간장게장이나 갈비찜처럼 손이 많이 가는 한식 메뉴를 일정한 맛으로 대량 조리하는 데 능숙합니다. 식재료의 제철 상태를 빠르게 파악해 매일 조금씩 달라지는 밑반찬의 간을 세밀하게 맞추는 감각이 좋습니다. 제철 식재료 손질 및 보관, 전통 장류를 활용한 양념 배합, 대량 배식 조리 공정 관리 스포츠/예술: 김청 씨는 휴일이면 챔피언스 필드를 찾아 KIA 타이거즈의 경기를 관람하며 소리를 높여 응원합니다. 김청 씨는 경기장의 활기찬 분위기 속에서 일주일간 쌓인 주방의 열기와 스트레스를 한꺼번에 털어냅니다. 김청 씨는 국립아시아문화전당의 조용한 전시실을 거닐며 현대 미술 작품이 주는 생경한 감각을 즐깁니다. 김청 씨는 마음에 드는 작품 앞에 오래 머물며 작은 수첩에 짧은 감상을 적는 습관이 있습니다.",56,"주거 안정과 중기 목돈 마련: 광주 광주-광산구 거주, 한식 조리사 생활 패턴을 기준으로 1인 생활비와 자기계발비 통제, 주거비 안정화, 취미/관심사(전국 노포 음식점 탐방) 지출을 조절하고 강점(제철 식재료 손질 및 보관)을 활용해 월별 저축 루틴을 유지하기",2370000
97,서나현,40,보육교사,Female,56900000,충청북 충청북-청주시 상당구,"서나현 씨는 청주에서 보육교사로 일하며 가족과의 소소한 행복과 현실적인 안정을 추구하는, 유연하고 생활력 강한 40대 여성입니다. 직업/역량: 서나현 씨는 청주 상당구의 어린이집에서 근무하며, 아이들의 갑작스러운 울음이나 돌발 행동에도 당황하지 않고 능숙하게 상황을 정리하는 베테랑 보육교사입니다. 까다로운 요구를 하는 학부모들 사이에서 적절한 선을 지키며 소통하는 조율 능력이 뛰어나며, 보건복지 전공 지식을 활용해 아이들의 성장 발달 상태를 세밀하게 기록하는 일에 자부심을 느낍니다. 소비·생활 단서: 음식(서나현 씨는 주 2~3회 정도 가족과 외식을 하며, 고기 구이보다는 정갈한 나물 반찬이 나오는 보리밥 정식이나 동네에 새로 생긴 이탈리안 레스토랑의 꾸덕한 크림 파스타를 즐겨 먹습니다. 2주에 한 번 정도는 배달 앱으로 매콤한 떡볶이를 시켜 먹으며 일주일 동안 쌓인 직장 생활의 피로를 씻어냅니다.), 여행(서나현 씨는 빽빽한 일정의 패키지 여행보다는 가족들과 함께 제주도나 강원도의 한적한 리조트에 들어가 아무것도 하지 않고 뒹굴거리는 휴양 여행을 선호합니다. 세부적인 계획을 세우는 일에 쉽게 지치기 때문에, 여행지에 도착해서 그날그날 기분에 따라 근처 식당을 찾아가는 즉흥적인 방식을 즐깁니다.), 취미(무심천 산책, TV 스포츠 중계 시청, 동네 카페 수다 모임) 가족/주거: 서나현 씨는 맞벌이 부부로서 겪는 육아의 고단함을 남편과 덤덤하게 나누며, 아이들의 성장 과정을 세심하게 기록하는 다정한 엄마입니다. 하지만 가끔은 육아와 업무에 지쳐 집안일이 산더미처럼 쌓여있어도 모른 척 낮잠을 자버리는 게으른 면모를 보이기도 합니다. 배우자·자녀와 거주, 아파트 문화/목표: 청주시 상당구의 조용한 아파트 단지에서 아이들을 키우며, 보육교사로 근무하며 지역 학부모들과 긴밀한 네트워크를 형성해 살아갑니다. 맞벌이 부부로서 겪는 현실적인 육아의 고단함과 직장 생활의 피로를 덤덤하게 받아들이는 40대 특유의 생활력이 몸에 배어 있습니다. 거창한 승진이나 명예보다는 현재의 안정적인 고용 상태를 유지하며, 틈틈이 실무에 바로 적용 가능한 보육 최신 트렌드를 익혀 아이들에게 더 유용한 환경을 만들어주는 것에 만족합니다. 스킬: 아이들의 갑작스러운 돌발 행동에도 당황하지 않고 유연하게 상황을 정리하며, 까다로운 학부모의 요구사항을 적절한 선에서 조율해내는 노련한 소통 능력을 갖추고 있습니다. 보건복지 전공 지식을 활용해 아이들의 건강 상태와 발달 단계를 세밀하게 관찰하고 기록하는 데 능숙합니다. 영유아 발달 단계별 맞춤 놀이 지도, 학부모 심리 상담 및 갈등 조율, 보육 과정 운영 및 행정 서류 작성 스포츠/예술: 서나현 씨는 직접 몸을 움직여 땀을 흘리는 격렬한 운동보다는 거실 소파에 길게 누워 TV로 스포츠 경기를 관람하며 소리를 지르는 시간을 진정한 휴식이라 생각합니다. 주말이면 아이들의 손을 잡고 무심천 산책로를 천천히 걸으며 동네 이웃들과 가벼운 안부를 주고받는 정도의 활동량을 유지합니다. 서나현 씨는 복잡한 미술관 전시보다는 침대에 누워 유튜브의 짧은 영상들이나 최신 예능 프로그램을 멍하니 시청하며 시간을 보내는 것을 즐깁니다. 가끔 스마트폰으로 인테리어 소품 쇼핑몰을 구경하며 우리 집 거실에 어울릴만한 화분이나 조명을 고르는 소소한 취향을 가지고 있습니다.",61,"가족 생활비와 노후 준비의 균형 확보: 충청북 충청북-청주시 상당구 거주, 보육교사 생활 패턴을 기준으로 자녀 관련 지출 계획화, 월 고정 주거비 관리, 취미/관심사(무심천 산책) 지출을 조절하고 강점(영유아 발달 단계별 맞춤 놀이 지도)을 활용해 월별 저축 루틴을 유지하기",2940000
98,구현정,36,보육교사,Female,51600000,제주 제주-제주시,"구현정 씨는 제주시에서 아이들을 사랑하는 보육교사로 일하며, 자연 속에서의 휴식과 사람 사이의 온기를 통해 삶의 균형을 맞추려 노력하는 36세 여성입니다. 직업/역량: 구현정 씨는 제주시의 한 어린이집에서 아이들의 돌발 행동을 능숙하게 잠재우고 학부모들의 불안을 다독이는 베테랑 보육교사입니다. 다만, 꼼꼼해야 할 보육 일지나 서류 정리에서 자꾸 누락이 생겨 동료 교사에게 미안한 마음으로 도움을 청하곤 하며, 퇴근 후에는 온몸의 진이 빠져 소파에 쓰러져 한동안 멍하니 시간을 보내는 감정 소모가 심한 일상을 보냅니다. 소비·생활 단서: 음식(구현정 씨는 보름에 한 번 정도 외식을 하며, 고기류보다는 정갈한 나물 반찬이 나오는 한정식집이나 크림 소스가 진한 파스타 전문점을 주로 찾습니다. 평소 집에서는 배달 음식을 가끔 시켜 먹지만, 외식할 때만큼은 음식의 맛뿐만 아니라 공간이 주는 분위기와 색감을 중요하게 생각합니다.), 여행(구현정 씨는 화려한 관광지보다는 배우자와 아이의 손을 잡고 한라산의 능선이나 제주의 푸른 숲길을 거닐며 자연이 주는 고요함에 침잠하는 여행을 즐깁니다. 빽빽한 여행 계획표를 짜기보다 발길 닿는 대로 걷다가 마음에 드는 풍경 앞에서 한참을 머무는 느긋한 여행자입니다.), 취미(탑동 해안도로 조깅, 사려니숲길 가족 산책, 지역 맘카페 소모임 활동) 가족/주거: 구현정 씨는 배우자와 자녀가 함께하는 아파트에서 화목한 가정을 꾸리고 있으며, 전공을 살려 아이의 눈높이에서 소통하는 법을 아는 다정한 엄마입니다. 하지만 직장에서 소진한 감정 에너지가 너무 커서, 가끔은 집에서도 아이의 요구에 즉각 반응하지 못하고 멍하게 있을 때가 있어 남편의 눈치를 보기도 합니다. 배우자·자녀와 거주, 아파트 문화/목표: 제주 시내의 편리함과 한라산 자락의 고요함을 동시에 누리며 성장했고, 대학원까지 진학하며 사람을 돕는 서비스 정신을 학문적으로 다듬었습니다. 다정한 말투 덕분에 주변에 사람이 많지만, 정작 본인은 타인의 작은 표정 변화에도 밤잠을 설치는 섬세한 기질을 가지고 있습니다. 지금은 보육 현장에서 아이들과 호흡하고 있지만, 전공 지식을 살려 나중에는 경계 없는 통합 보육 환경을 만드는 센터 운영을 꿈꿉니다. 다만, 매일 쏟아지는 감정 노동으로 인해 퇴근 후에는 완전히 방전되어 아무것도 하기 싫어지는 무력감과 싸우곤 합니다. 스킬: 아이들의 돌발 행동 속에서도 빠르게 평정심을 찾고 상황을 정리하며, 특히 학부모들의 불안한 마음을 읽어내어 신뢰를 주는 상담 능력이 뛰어납니다. 다만, 서류 정리나 꼼꼼한 일정 관리 같은 행정적인 일에서는 가끔 누락이 생겨 동료의 도움을 받기도 합니다. 영유아 발달 단계별 맞춤 상담, 갈등 중재 및 정서 케어, 서비스 마인드 기반의 학부모 응대 스포츠/예술: 구현정 씨는 답답한 마음이 들 때면 탑동 해안도로의 바닷바람을 맞으며 가볍게 조깅을 하거나, 주말이면 가족들의 손을 잡고 사려니숲길의 울창한 삼나무 사이를 천천히 걷습니다. 체계적인 운동 계획을 세워 실천하기보다 그날의 기분과 제주 날씨에 따라 몸을 움직이는 즉흥적인 방식을 즐깁니다. 구현정 씨는 제주 시내의 작은 갤러리를 방문하거나 지역의 문화유적지를 둘러보며 새로운 영감을 얻는 시간을 소중히 여깁니다. 세련된 인테리어의 공간에서 친구들과 나누는 수다와 함께 즐기는 이탈리아식 파스타의 풍미에서 일상의 활력을 되찾습니다.",65,"주거 안정과 중기 목돈 마련: 제주 제주-제주시 거주, 보육교사 생활 패턴을 기준으로 자녀 관련 지출 계획화, 월 고정 주거비 관리, 취미/관심사(탑동 해안도로 조깅) 지출을 조절하고 강점(영유아 발달 단계별 맞춤 상담)을 활용해 월별 저축 루틴을 유지하기",2800000
99,김성훈,25,"전직 그 외 물품 이동 장비 조작원, 현재 구직중",Male,0,전라남 전라남-목포시,"김성훈 씨는 목포에서 지게차 운전 경력을 가진 구직자로, 유달산 산책과 잔나비의 음악을 즐기며 안정적이고 여유로운 삶을 지향하는 25세 청년입니다. 직업/역량: 김성훈 씨는 좁은 창고 사이로 무거운 팔레트를 정확하게 밀어 넣는 지게차 조작에는 능숙하지만, 작업 후 사용 일지를 작성하거나 장비를 정리하는 마무리 단계에서는 늘 빈틈을 보입니다. 큰 성공이나 직급 상승보다는 퇴근 후의 온전한 휴식이 보장되는 적당한 월급의 직장을 찾아 구직 활동을 이어가고 있습니다. 소비·생활 단서: 음식(김성훈 씨는 동네 한식당에서 두툼한 돼지갈비를 구워 먹거나, 일주일에 한 번쯤 배달 앱으로 바삭한 치킨을 시켜 먹으며 일상의 스트레스를 풉니다. 화려한 맛집 탐방보다는 늘 먹던 익숙한 메뉴를 편안한 장소에서 즐기는 것을 좋아합니다.), 여행(김성훈 씨는 누군가와 일정을 맞추는 스트레스 없이 홀로 여행을 떠나 조용한 숲이나 바다 풍경을 가만히 바라보는 시간을 보냅니다. 정해진 목적지 없이 발길 닿는 대로 움직이며 전남 지역 특유의 여유로운 분위기에 몸을 맡기는 여행 방식을 고수합니다.), 취미(유튜브 인디 음악 감상, 유달산 풍경 사진 찍기, 넷플릭스 예능 정주행) 가족/주거: 김성훈 씨는 목포 근대역사문화거리 인근 아파트에서 홀로 지내며 누구의 간섭도 받지 않는 독립적인 생활 체계를 구축했습니다. 혼자만의 공간이 주는 안락함을 무엇보다 소중히 여기며, 타인과의 관계에서도 적당한 거리를 유지하며 마음의 평화를 지키려 노력합니다. 혼자 거주, 아파트 문화/목표: 목포 근대역사문화거리 인근의 아파트에서 홀로 지내며, 주말이면 유달산 산책로를 따라 천천히 걸으며 복잡한 생각들을 정리합니다. 서두르지 않는 전남 지역 특유의 느긋한 분위기에 익숙하며, 타인의 시선에 얽매이기보다 자신의 마음이 편안한 상태를 유지하는 것을 중요하게 생각합니다. 거창한 성공이나 직급 상승보다는 퇴근 후의 여유가 확실히 보장되는 안정적인 일자리를 찾고 있습니다. 급여 수준이 적당하고 인간관계에서 큰 갈등이 없는 무난한 환경의 직장에서 스트레스 없이 오래 일하는 것을 목표로 합니다. 스킬: 지게차를 능숙하게 조작해 좁은 창고 사이로 무거운 팔레트를 정확하게 옮길 수 있으며, 물류 흐름을 빠르게 파악해 적재 공간을 효율적으로 배치합니다. 다만, 작업 후 장비를 정리하거나 일지를 꼼꼼하게 기록하는 마무리 단계에서는 종종 빈틈을 보입니다. 지게차 운전 및 정밀 적재, 물류 창고 공간 효율화 배치, 상품 분류 및 운송 흐름 관리 스포츠/예술: 김성훈 씨는 주말이면 유달산 산책로를 따라 천천히 걸으며 복잡한 머릿속을 비워내고 자연 풍경을 가만히 감상하는 시간을 갖습니다. 땀 흘리는 격렬한 운동보다는 자신의 호흡에 맞춰 느릿하게 걷는 활동을 통해 심리적인 안정감을 얻습니다. 김성훈 씨는 오후의 나른한 햇살이 비치는 거실 소파에서 잔나비의 노래를 틀어놓고 멍하니 천장을 바라보며 시간을 보내는 순간을 아낍니다. 특별한 예술 활동에 참여하기보다 유튜브로 최신 예능 프로그램을 정주행하며 소소한 웃음을 찾는 정적인 취미를 즐깁니다.",52,"비상금과 커리어 전환 자금 마련: 전라남 전라남-목포시 거주, 전직 그 외 물품 이동 장비 조작원, 현재 구직중 생활 패턴을 기준으로 1인 생활비와 자기계발비 통제, 월 고정 주거비 관리, 취미/관심사(유튜브 인디 음악 감상) 지출을 조절하고 강점(지게차 운전 및 정밀 적재)을 활용해 월별 저축 루틴을 유지하기",500000
100,박회성,50,통신장비 기사,Male,46300000,강원 강원-속초시,"박회성 씨는 속초의 통신망을 꿰뚫고 있는 숙련된 기술자이자, 낮은 소득의 현실 속에서도 가족을 위해 묵묵히 헌신하며 소박한 일상의 행복을 찾는 50대 가장입니다. 직업/역량: 박회성 씨는 속초의 좁은 골목과 험한 산길을 누비며 얽힌 케이블 속에서 단 하나의 결함을 찾아내는 베테랑 통신 기사입니다. 낮은 소득에도 불구하고 자신의 현장 기술력에 강한 자부심을 느끼며, 언젠가 자신의 이름을 내건 유지보수 업체를 차려 자식들의 뒷바라지를 끝마치겠다는 책임감으로 매일 현장을 누빕니다. 소비·생활 단서: 음식(박회성 씨는 한 달에 한 번 겨우 외식을 하며, 주로 속초 중앙시장에서 포장해 온 신선한 초밥이나 회를 아내와 함께 나누어 먹습니다. 고기보다는 담백한 생선 요리나 나물 위주의 한식을 즐기며, 이주일에 한 번 시켜 먹는 배달 음식으로 소소한 일탈을 즐깁니다.), 여행(박회성 씨는 친구들과 함께 설악산의 정취를 느끼거나 동해바다의 탁 트인 수평선을 바라보며 일상의 스트레스를 털어냅니다. 화려한 관광지보다는 조용히 자연 풍경을 감상할 수 있는 곳을 찾아다니며, 그곳에서 친구들과 소박한 이야기를 나누는 시간을 소중히 여깁니다.), 취미(청초호 주변 산책 및 친구 모임, 유튜브 IT 및 역사 콘텐츠 시청, 지역 신문 및 잡지 탐독) 가족/주거: 박회성 씨는 아내와 자녀들이 함께 사는 전세 아파트에서 가족의 안정을 최우선으로 생각하며 살아가는 헌신적인 아버지입니다. 무뚝뚝한 성격 탓에 다정한 애정 표현은 서툴지만, 자녀들이 학업을 마치고 안정적인 사회 구성원이 될 때까지 뒷바라지하겠다는 강한 의지를 보입니다. 배우자·자녀와 거주, 아파트 문화/목표: 속초의 바다 냄새와 설악산의 정취 속에서 나고 자라, 동네 이웃들과 격의 없이 어울리며 살아왔습니다. 고등학교 졸업 후 곧바로 현장 일에 뛰어든 세대 특성상, 이론적인 지식보다는 몸으로 부딪히며 배운 현장 경험과 사람 간의 신뢰를 무엇보다 중요하게 여깁니다. 현재의 불안정한 소득 수준을 극복하기 위해 기술 숙련도를 높여 지역 내에서 대체 불가능한 베테랑 기사로 인정받고자 합니다. 성실함을 무기로 더 안정적인 계약 조건의 일자리를 찾거나, 먼 미래에는 소규모 통신 유지보수 업체를 운영하며 자녀들의 뒷바라지를 마무리하는 것을 꿈꿉니다. 스킬: 속초 시내 구석구석의 통신망 구조를 훤히 꿰고 있으며, 좁은 골목길이나 험한 지형에서도 능숙하게 선로를 정비합니다. 특히 복잡하게 얽힌 케이블 뭉치 속에서 단 하나의 결함을 찾아내어 해결하는 꼼꼼함과 인내심이 뛰어납니다. 광케이블 접속 및 유지보수, 통신 단자함 정밀 점검, 현장 네트워크 신호 측정 및 분석 스포츠/예술: 박회성 씨는 주말이면 청초호 호수공원을 천천히 걸으며 동네 친구들과 세상 돌아가는 이야기를 나누는 것으로 삶의 활력을 얻습니다. 격렬한 운동보다는 풍경을 감상하며 느릿하게 걷는 산책을 즐기며, 걷다가 마음에 드는 벤치가 보이면 한참 동안 아무것도 하지 않고 휴식을 취합니다. 박회성 씨는 최신 IT 기기 리뷰 영상을 챙겨보며 새로운 기술에 관심을 가지거나, 돋보기를 쓰고 신문을 읽으며 세상의 흐름을 파악합니다. 역사 다큐멘터리를 시청하며 과거의 사건들을 현재의 삶과 연결 지어 생각하는 시간을 통해 정신적인 충족감을 느낍니다.",61,"은퇴 전 현금흐름 정리와 건강 지출 대비: 강원 강원-속초시 거주, 통신장비 기사 생활 패턴을 기준으로 자녀 관련 지출 계획화, 월 고정 주거비 관리, 취미/관심사(청초호 주변 산책 및 친구 모임) 지출을 조절하고 강점(광케이블 접속 및 유지보수)을 활용해 월별 저축 루틴을 유지하기",2280000
